{
"type": "FeatureCollection",
"crs": { "type": "name", "properties": { "name": "urn:ogc:def:crs:OGC:1.3:CRS84" } },
"features": [
{ "type": "Feature", "properties": { "figura": "Parque Nacional de Doñana" }, "geometry": { "type": "Polygon", "coordinates": [ [ [ -6.464447, 37.134015 ], [ -6.45229, 37.13563 ], [ -6.401491, 37.142364 ], [ -6.40219, 37.120915 ], [ -6.414432, 37.10957 ], [ -6.412905, 37.103519 ], [ -6.410795, 37.095174 ], [ -6.40953, 37.090583 ], [ -6.40834, 37.086107 ], [ -6.407633, 37.083548 ], [ -6.407182, 37.082462 ], [ -6.40605, 37.081655 ], [ -6.405177, 37.081294 ], [ -6.398518, 37.079681 ], [ -6.394627, 37.078657 ], [ -6.390226, 37.07764 ], [ -6.384915, 37.076273 ], [ -6.380877, 37.075282 ], [ -6.376945, 37.074266 ], [ -6.371257, 37.072819 ], [ -6.365989, 37.071626 ], [ -6.363957, 37.071436 ], [ -6.363196, 37.071386 ], [ -6.362556, 37.07137 ], [ -6.361523, 37.07137 ], [ -6.360822, 37.07137 ], [ -6.357406, 37.071392 ], [ -6.355941, 37.071387 ], [ -6.355136, 37.071387 ], [ -6.353473, 37.0714 ], [ -6.350336, 37.071378 ], [ -6.348573, 37.071552 ], [ -6.346403, 37.071741 ], [ -6.34454, 37.071873 ], [ -6.342813, 37.072131 ], [ -6.34023, 37.072528 ], [ -6.338375, 37.072828 ], [ -6.337002, 37.073029 ], [ -6.336131, 37.073184 ], [ -6.33538, 37.073351 ], [ -6.334611, 37.073586 ], [ -6.334146, 37.073842 ], [ -6.333498, 37.07417 ], [ -6.333709, 37.073299 ], [ -6.334168, 37.071354 ], [ -6.317376, 37.071409 ], [ -6.299637, 37.07138 ], [ -6.284632, 37.071415 ], [ -6.282328, 37.071411 ], [ -6.278079, 37.071404 ], [ -6.27174, 37.071394 ], [ -6.286778, 37.021155 ], [ -6.284058, 37.020706 ], [ -6.275793, 37.019341 ], [ -6.277314, 37.014684 ], [ -6.277735, 37.013164 ], [ -6.270112, 37.013028 ], [ -6.268772, 37.014958 ], [ -6.260877, 37.015579 ], [ -6.259182, 37.015076 ], [ -6.259542, 37.01419 ], [ -6.259714, 37.013677 ], [ -6.259852, 37.013249 ], [ -6.260022, 37.012671 ], [ -6.26008, 37.012475 ], [ -6.260092, 37.01238 ], [ -6.260144, 37.012002 ], [ -6.260132, 37.011873 ], [ -6.260053, 37.011006 ], [ -6.259934, 37.010273 ], [ -6.259774, 37.009697 ], [ -6.259691, 37.009399 ], [ -6.25942, 37.008685 ], [ -6.259344, 37.008485 ], [ -6.258886, 37.007686 ], [ -6.258309, 37.006879 ], [ -6.258074, 37.006553 ], [ -6.257831, 37.006214 ], [ -6.257781, 37.006147 ], [ -6.257575, 37.005896 ], [ -6.257183, 37.00542 ], [ -6.256543, 37.004633 ], [ -6.256007, 37.00403 ], [ -6.255245, 37.00316 ], [ -6.254824, 37.002603 ], [ -6.254652, 37.002376 ], [ -6.254138, 37.001736 ], [ -6.254105, 37.001695 ], [ -6.254077, 37.00166 ], [ -6.254057, 37.001636 ], [ -6.253977, 37.001539 ], [ -6.253924, 37.001475 ], [ -6.253856, 37.001392 ], [ -6.253762, 37.001279 ], [ -6.253725, 37.001234 ], [ -6.253692, 37.001194 ], [ -6.253594, 37.001076 ], [ -6.253566, 37.001041 ], [ -6.253532, 37.001001 ], [ -6.253377, 37.00088 ], [ -6.253248, 37.000798 ], [ -6.252902, 37.000385 ], [ -6.252671, 37.000082 ], [ -6.252409, 36.999701 ], [ -6.252174, 36.999361 ], [ -6.252106, 36.999206 ], [ -6.251819, 36.998551 ], [ -6.251632, 36.997672 ], [ -6.251529, 36.996735 ], [ -6.25163, 36.995843 ], [ -6.251828, 36.994961 ], [ -6.252135, 36.994067 ], [ -6.252639, 36.993323 ], [ -6.253352, 36.992579 ], [ -6.254967, 36.991333 ], [ -6.255777, 36.990911 ], [ -6.255909, 36.990843 ], [ -6.256928, 36.990451 ], [ -6.25791, 36.990162 ], [ -6.259072, 36.989912 ], [ -6.259497, 36.989909 ], [ -6.25966, 36.989908 ], [ -6.259742, 36.989907 ], [ -6.259824, 36.989907 ], [ -6.259906, 36.989906 ], [ -6.259988, 36.989906 ], [ -6.26007, 36.989905 ], [ -6.260315, 36.989904 ], [ -6.260397, 36.989903 ], [ -6.26048, 36.989903 ], [ -6.260562, 36.989902 ], [ -6.260807, 36.9899 ], [ -6.26089, 36.9899 ], [ -6.260972, 36.989899 ], [ -6.261234, 36.989897 ], [ -6.261884, 36.989963 ], [ -6.262045, 36.989979 ], [ -6.262124, 36.989987 ], [ -6.262204, 36.989995 ], [ -6.262286, 36.990003 ], [ -6.262401, 36.990015 ], [ -6.262532, 36.990042 ], [ -6.262611, 36.990058 ], [ -6.262691, 36.990074 ], [ -6.262771, 36.99009 ], [ -6.262851, 36.990106 ], [ -6.262931, 36.990122 ], [ -6.263011, 36.990138 ], [ -6.263091, 36.990154 ], [ -6.26317, 36.99017 ], [ -6.26325, 36.990187 ], [ -6.263328, 36.990202 ], [ -6.263408, 36.990218 ], [ -6.263486, 36.990234 ], [ -6.263566, 36.99025 ], [ -6.263645, 36.990266 ], [ -6.263725, 36.990282 ], [ -6.263805, 36.990299 ], [ -6.263884, 36.990315 ], [ -6.263964, 36.990331 ], [ -6.264043, 36.990347 ], [ -6.264123, 36.990363 ], [ -6.264202, 36.990379 ], [ -6.264282, 36.990395 ], [ -6.264361, 36.990411 ], [ -6.26444, 36.990427 ], [ -6.264519, 36.990443 ], [ -6.264598, 36.990459 ], [ -6.264678, 36.990475 ], [ -6.264758, 36.990491 ], [ -6.264838, 36.990507 ], [ -6.264917, 36.990523 ], [ -6.264997, 36.990539 ], [ -6.265077, 36.990555 ], [ -6.265156, 36.990571 ], [ -6.265234, 36.990587 ], [ -6.265313, 36.990603 ], [ -6.265393, 36.990619 ], [ -6.265472, 36.990635 ], [ -6.265552, 36.990651 ], [ -6.26572, 36.990685 ], [ -6.265871, 36.990733 ], [ -6.265947, 36.990757 ], [ -6.26602, 36.99078 ], [ -6.266096, 36.990804 ], [ -6.266172, 36.990828 ], [ -6.266248, 36.990853 ], [ -6.266325, 36.990877 ], [ -6.266402, 36.990901 ], [ -6.266478, 36.990925 ], [ -6.266555, 36.99095 ], [ -6.266631, 36.990974 ], [ -6.266707, 36.990998 ], [ -6.266784, 36.991022 ], [ -6.26686, 36.991046 ], [ -6.266937, 36.991071 ], [ -6.267013, 36.991095 ], [ -6.267091, 36.991119 ], [ -6.267167, 36.991143 ], [ -6.267242, 36.991167 ], [ -6.267319, 36.991192 ], [ -6.267396, 36.991216 ], [ -6.267472, 36.99124 ], [ -6.267549, 36.991264 ], [ -6.26771, 36.991315 ], [ -6.267849, 36.99137 ], [ -6.267922, 36.991399 ], [ -6.267996, 36.991429 ], [ -6.268071, 36.991458 ], [ -6.268143, 36.991487 ], [ -6.268218, 36.991516 ], [ -6.268291, 36.991545 ], [ -6.268363, 36.991574 ], [ -6.268436, 36.991602 ], [ -6.268509, 36.991631 ], [ -6.268582, 36.99166 ], [ -6.268654, 36.991688 ], [ -6.268728, 36.991717 ], [ -6.268801, 36.991746 ], [ -6.268874, 36.991775 ], [ -6.2691, 36.991864 ], [ -6.269871, 36.992183 ], [ -6.270043, 36.99225 ], [ -6.270822, 36.992557 ], [ -6.273742, 36.993208 ], [ -6.274754, 36.993395 ], [ -6.2756, 36.993551 ], [ -6.276411, 36.993559 ], [ -6.278493, 36.993139 ], [ -6.280752, 36.99221 ], [ -6.284348, 36.990227 ], [ -6.285657, 36.989255 ], [ -6.287151, 36.98752 ], [ -6.288237, 36.984986 ], [ -6.288337, 36.983692 ], [ -6.288362, 36.983359 ], [ -6.288375, 36.983203 ], [ -6.288414, 36.982689 ], [ -6.288383, 36.980068 ], [ -6.288374, 36.979344 ], [ -6.288381, 36.976827 ], [ -6.288683, 36.972736 ], [ -6.288797, 36.971191 ], [ -6.288883, 36.970114 ], [ -6.289081, 36.967643 ], [ -6.289143, 36.966341 ], [ -6.289156, 36.966078 ], [ -6.289183, 36.965507 ], [ -6.289231, 36.964514 ], [ -6.288853, 36.962455 ], [ -6.288832, 36.962343 ], [ -6.287617, 36.960337 ], [ -6.285803, 36.958765 ], [ -6.282995, 36.957185 ], [ -6.280114, 36.955878 ], [ -6.275829, 36.954132 ], [ -6.27361, 36.953262 ], [ -6.273154, 36.953083 ], [ -6.271802, 36.952269 ], [ -6.271562, 36.952081 ], [ -6.271301, 36.951821 ], [ -6.26966, 36.950191 ], [ -6.268382, 36.948748 ], [ -6.267889, 36.94819 ], [ -6.267257, 36.947477 ], [ -6.26715, 36.947249 ], [ -6.266858, 36.946632 ], [ -6.266686, 36.946004 ], [ -6.266376, 36.944872 ], [ -6.266248, 36.943936 ], [ -6.266146, 36.943191 ], [ -6.266115, 36.942964 ], [ -6.266301, 36.940588 ], [ -6.266735, 36.93749 ], [ -6.267398, 36.935212 ], [ -6.267646, 36.934358 ], [ -6.269083, 36.929946 ], [ -6.270461, 36.925075 ], [ -6.271188, 36.92228 ], [ -6.271892, 36.918977 ], [ -6.272161, 36.917715 ], [ -6.272762, 36.914204 ], [ -6.272842, 36.913372 ], [ -6.272868, 36.913006 ], [ -6.272797, 36.912496 ], [ -6.273781, 36.912612 ], [ -6.274397, 36.912758 ], [ -6.275016, 36.912797 ], [ -6.276023, 36.912825 ], [ -6.277194, 36.912793 ], [ -6.278037, 36.912805 ], [ -6.278447, 36.912752 ], [ -6.27892, 36.912699 ], [ -6.279495, 36.912757 ], [ -6.279866, 36.91276 ], [ -6.280188, 36.912767 ], [ -6.28056, 36.912766 ], [ -6.280864, 36.912733 ], [ -6.281169, 36.912715 ], [ -6.281429, 36.912716 ], [ -6.281746, 36.912684 ], [ -6.281982, 36.912654 ], [ -6.282232, 36.91261 ], [ -6.282505, 36.912582 ], [ -6.282655, 36.912545 ], [ -6.282945, 36.912632 ], [ -6.283163, 36.912566 ], [ -6.283459, 36.912521 ], [ -6.283815, 36.912461 ], [ -6.284102, 36.912438 ], [ -6.284316, 36.912415 ], [ -6.284514, 36.912396 ], [ -6.284705, 36.912361 ], [ -6.284862, 36.912355 ], [ -6.285035, 36.912349 ], [ -6.285192, 36.912303 ], [ -6.285404, 36.912258 ], [ -6.285597, 36.912227 ], [ -6.285746, 36.912221 ], [ -6.285957, 36.912206 ], [ -6.286088, 36.912194 ], [ -6.28622, 36.912139 ], [ -6.286556, 36.912097 ], [ -6.286836, 36.912049 ], [ -6.287048, 36.912009 ], [ -6.287247, 36.911999 ], [ -6.287402, 36.911992 ], [ -6.287563, 36.911972 ], [ -6.287852, 36.911916 ], [ -6.288005, 36.911893 ], [ -6.288233, 36.911859 ], [ -6.288518, 36.911806 ], [ -6.288899, 36.911711 ], [ -6.289211, 36.911643 ], [ -6.28949, 36.911602 ], [ -6.289772, 36.911552 ], [ -6.290033, 36.911499 ], [ -6.290368, 36.911431 ], [ -6.290629, 36.91138 ], [ -6.290832, 36.911339 ], [ -6.291022, 36.911303 ], [ -6.291192, 36.911274 ], [ -6.291343, 36.911243 ], [ -6.291555, 36.911195 ], [ -6.29172, 36.911159 ], [ -6.291923, 36.911118 ], [ -6.292126, 36.911086 ], [ -6.292383, 36.911029 ], [ -6.292657, 36.910973 ], [ -6.292839, 36.91093 ], [ -6.293009, 36.910901 ], [ -6.293187, 36.910859 ], [ -6.293339, 36.910815 ], [ -6.293657, 36.910759 ], [ -6.293869, 36.910715 ], [ -6.294071, 36.910686 ], [ -6.29439, 36.910614 ], [ -6.294581, 36.910576 ], [ -6.294924, 36.910514 ], [ -6.295285, 36.910443 ], [ -6.295517, 36.910392 ], [ -6.295806, 36.910346 ], [ -6.296099, 36.910308 ], [ -6.296248, 36.910276 ], [ -6.296519, 36.910251 ], [ -6.296718, 36.910223 ], [ -6.296991, 36.91018 ], [ -6.297144, 36.910153 ], [ -6.297357, 36.910098 ], [ -6.297495, 36.910076 ], [ -6.297732, 36.910032 ], [ -6.297906, 36.910006 ], [ -6.298049, 36.909979 ], [ -6.298236, 36.909949 ], [ -6.298441, 36.909938 ], [ -6.298617, 36.909944 ], [ -6.298785, 36.909996 ], [ -6.29891, 36.91004 ], [ -6.299036, 36.90997 ], [ -6.299147, 36.909841 ], [ -6.299404, 36.909678 ], [ -6.299633, 36.909588 ], [ -6.299841, 36.90952 ], [ -6.299937, 36.909489 ], [ -6.300107, 36.90945 ], [ -6.300907, 36.909241 ], [ -6.301406, 36.909138 ], [ -6.301624, 36.909095 ], [ -6.301893, 36.909042 ], [ -6.30211, 36.909022 ], [ -6.302496, 36.908961 ], [ -6.302721, 36.908931 ], [ -6.302938, 36.908921 ], [ -6.303093, 36.908905 ], [ -6.303311, 36.90889 ], [ -6.303534, 36.908865 ], [ -6.303808, 36.908832 ], [ -6.304106, 36.908808 ], [ -6.304374, 36.90879 ], [ -6.304648, 36.908749 ], [ -6.304765, 36.908735 ], [ -6.304916, 36.90868 ], [ -6.305098, 36.908634 ], [ -6.305474, 36.908562 ], [ -6.305728, 36.908514 ], [ -6.305984, 36.908451 ], [ -6.306235, 36.908413 ], [ -6.306421, 36.908351 ], [ -6.306665, 36.908287 ], [ -6.306983, 36.908239 ], [ -6.307102, 36.908185 ], [ -6.307552, 36.908081 ], [ -6.307864, 36.908018 ], [ -6.309743, 36.907623 ], [ -6.310159, 36.907583 ], [ -6.310488, 36.90757 ], [ -6.310923, 36.907523 ], [ -6.311302, 36.907492 ], [ -6.311595, 36.907458 ], [ -6.311969, 36.907392 ], [ -6.312792, 36.907232 ], [ -6.313427, 36.907142 ], [ -6.31372, 36.907081 ], [ -6.314573, 36.906981 ], [ -6.315349, 36.906919 ], [ -6.316653, 36.906662 ], [ -6.316984, 36.90658 ], [ -6.317215, 36.906526 ], [ -6.317452, 36.906501 ], [ -6.317744, 36.906473 ], [ -6.317979, 36.906469 ], [ -6.318147, 36.906457 ], [ -6.31873, 36.906453 ], [ -6.319182, 36.906439 ], [ -6.319432, 36.90638 ], [ -6.320133, 36.906171 ], [ -6.320477, 36.90609 ], [ -6.32074, 36.906016 ], [ -6.321221, 36.905903 ], [ -6.321625, 36.905852 ], [ -6.321886, 36.905828 ], [ -6.322198, 36.905785 ], [ -6.322502, 36.905747 ], [ -6.322745, 36.905725 ], [ -6.323017, 36.905727 ], [ -6.323216, 36.905716 ], [ -6.323423, 36.905694 ], [ -6.323602, 36.905675 ], [ -6.323833, 36.905601 ], [ -6.324089, 36.905552 ], [ -6.324288, 36.905531 ], [ -6.32455, 36.905527 ], [ -6.32472, 36.905531 ], [ -6.324861, 36.905559 ], [ -6.325236, 36.905525 ], [ -6.326516, 36.905152 ], [ -6.327272, 36.90488 ], [ -6.328391, 36.904587 ], [ -6.329655, 36.904229 ], [ -6.331249, 36.903823 ], [ -6.332049, 36.903729 ], [ -6.332385, 36.903582 ], [ -6.333022, 36.903243 ], [ -6.333901, 36.902924 ], [ -6.334882, 36.902491 ], [ -6.335142, 36.902328 ], [ -6.335389, 36.902164 ], [ -6.336311, 36.901678 ], [ -6.337584, 36.901214 ], [ -6.338582, 36.900681 ], [ -6.339725, 36.900045 ], [ -6.340857, 36.899389 ], [ -6.341259, 36.899057 ], [ -6.34169, 36.898773 ], [ -6.342214, 36.898293 ], [ -6.342503, 36.898015 ], [ -6.342732, 36.897829 ], [ -6.342985, 36.89768 ], [ -6.34324, 36.897467 ], [ -6.343427, 36.897253 ], [ -6.343668, 36.897094 ], [ -6.343833, 36.896978 ], [ -6.343948, 36.896881 ], [ -6.344083, 36.89675 ], [ -6.344228, 36.896663 ], [ -6.344344, 36.896534 ], [ -6.344498, 36.896388 ], [ -6.344653, 36.896218 ], [ -6.34488, 36.895919 ], [ -6.345114, 36.895591 ], [ -6.345392, 36.895264 ], [ -6.345577, 36.894945 ], [ -6.345825, 36.894739 ], [ -6.345954, 36.894593 ], [ -6.346076, 36.894471 ], [ -6.346242, 36.894259 ], [ -6.346505, 36.894107 ], [ -6.346527, 36.893959 ], [ -6.34669, 36.893729 ], [ -6.346861, 36.893464 ], [ -6.347024, 36.893214 ], [ -6.347147, 36.893052 ], [ -6.347221, 36.892895 ], [ -6.347302, 36.892715 ], [ -6.347394, 36.892553 ], [ -6.347476, 36.892341 ], [ -6.347627, 36.891891 ], [ -6.34777, 36.891524 ], [ -6.348012, 36.890994 ], [ -6.348552, 36.889511 ], [ -6.34933, 36.887984 ], [ -6.349958, 36.886488 ], [ -6.350773, 36.884763 ], [ -6.351328, 36.883031 ], [ -6.352012, 36.881173 ], [ -6.352438, 36.879777 ], [ -6.352796, 36.87838 ], [ -6.353308, 36.876647 ], [ -6.353725, 36.874983 ], [ -6.353997, 36.873747 ], [ -6.354491, 36.87198 ], [ -6.355058, 36.869375 ], [ -6.355434, 36.867262 ], [ -6.355882, 36.865782 ], [ -6.356152, 36.864952 ], [ -6.356108, 36.864063 ], [ -6.356381, 36.862271 ], [ -6.356662, 36.861125 ], [ -6.357184, 36.859627 ], [ -6.357421, 36.858147 ], [ -6.357764, 36.856466 ], [ -6.358025, 36.854797 ], [ -6.358426, 36.853067 ], [ -6.358724, 36.851415 ], [ -6.35921, 36.84954 ], [ -6.359524, 36.84795 ], [ -6.359548, 36.846719 ], [ -6.359675, 36.845018 ], [ -6.359389, 36.84378 ], [ -6.359501, 36.842352 ], [ -6.359563, 36.841262 ], [ -6.359556, 36.840396 ], [ -6.359111, 36.839824 ], [ -6.358988, 36.838729 ], [ -6.358977, 36.837604 ], [ -6.358852, 36.836917 ], [ -6.358545, 36.835836 ], [ -6.358427, 36.83528 ], [ -6.358119, 36.833757 ], [ -6.35789, 36.832861 ], [ -6.357498, 36.831482 ], [ -6.357169, 36.830253 ], [ -6.356765, 36.828351 ], [ -6.356015, 36.826581 ], [ -6.355824, 36.826002 ], [ -6.355656, 36.825326 ], [ -6.355542, 36.824871 ], [ -6.355433, 36.824421 ], [ -6.35528, 36.823943 ], [ -6.354995, 36.823173 ], [ -6.354817, 36.82274 ], [ -6.354517, 36.822191 ], [ -6.354255, 36.821625 ], [ -6.353922, 36.82095 ], [ -6.353581, 36.820096 ], [ -6.353371, 36.819733 ], [ -6.353021, 36.818933 ], [ -6.352732, 36.818283 ], [ -6.352607, 36.818029 ], [ -6.352285, 36.817486 ], [ -6.351718, 36.81649 ], [ -6.351427, 36.815923 ], [ -6.351204, 36.815489 ], [ -6.350798, 36.814812 ], [ -6.350446, 36.814268 ], [ -6.350206, 36.813905 ], [ -6.350026, 36.813543 ], [ -6.349717, 36.813035 ], [ -6.348959, 36.811802 ], [ -6.347906, 36.81011 ], [ -6.346567, 36.807648 ], [ -6.346086, 36.806576 ], [ -6.34578, 36.805764 ], [ -6.345429, 36.804767 ], [ -6.345145, 36.803557 ], [ -6.345028, 36.802636 ], [ -6.344878, 36.801625 ], [ -6.344431, 36.799302 ], [ -6.344397, 36.799042 ], [ -6.344563, 36.798584 ], [ -6.345048, 36.798098 ], [ -6.345556, 36.797822 ], [ -6.346002, 36.797697 ], [ -6.346933, 36.797576 ], [ -6.34786, 36.797589 ], [ -6.348624, 36.797312 ], [ -6.349554, 36.796963 ], [ -6.350904, 36.796475 ], [ -6.351933, 36.796086 ], [ -6.352683, 36.795958 ], [ -6.353074, 36.795902 ], [ -6.353566, 36.7957 ], [ -6.35392, 36.795666 ], [ -6.354514, 36.795594 ], [ -6.35544, 36.795628 ], [ -6.3561, 36.795686 ], [ -6.356825, 36.795784 ], [ -6.357412, 36.79591 ], [ -6.357974, 36.796015 ], [ -6.358438, 36.796103 ], [ -6.35924, 36.796157 ], [ -6.360357, 36.796134 ], [ -6.361557, 36.795906 ], [ -6.362449, 36.795752 ], [ -6.36308, 36.795646 ], [ -6.363818, 36.795492 ], [ -6.36587, 36.795118 ], [ -6.36851, 36.794602 ], [ -6.369556, 36.794469 ], [ -6.37108, 36.794414 ], [ -6.373323, 36.794538 ], [ -6.374734, 36.794562 ], [ -6.376059, 36.794694 ], [ -6.377195, 36.794747 ], [ -6.378282, 36.794984 ], [ -6.380068, 36.79556 ], [ -6.381179, 36.795978 ], [ -6.38205, 36.796331 ], [ -6.382736, 36.796652 ], [ -6.383481, 36.797066 ], [ -6.384427, 36.797562 ], [ -6.385227, 36.797906 ], [ -6.385706, 36.798094 ], [ -6.386317, 36.798307 ], [ -6.387243, 36.798604 ], [ -6.388211, 36.798937 ], [ -6.38962, 36.799441 ], [ -6.390456, 36.799786 ], [ -6.391098, 36.800112 ], [ -6.391807, 36.800671 ], [ -6.392271, 36.801043 ], [ -6.393017, 36.801436 ], [ -6.393257, 36.801654 ], [ -6.393849, 36.802164 ], [ -6.394619, 36.80249 ], [ -6.395011, 36.802647 ], [ -6.395514, 36.802907 ], [ -6.395881, 36.803305 ], [ -6.396284, 36.80391 ], [ -6.396448, 36.804393 ], [ -6.396616, 36.804667 ], [ -6.396959, 36.804972 ], [ -6.397186, 36.805545 ], [ -6.397283, 36.806066 ], [ -6.397861, 36.806615 ], [ -6.39791, 36.806992 ], [ -6.398019, 36.807427 ], [ -6.398296, 36.80759 ], [ -6.398467, 36.807742 ], [ -6.398839, 36.808226 ], [ -6.398934, 36.808417 ], [ -6.399138, 36.808918 ], [ -6.399695, 36.80969 ], [ -6.399982, 36.810576 ], [ -6.400217, 36.810812 ], [ -6.400491, 36.811344 ], [ -6.40074, 36.811811 ], [ -6.400972, 36.812373 ], [ -6.401145, 36.812739 ], [ -6.401302, 36.813055 ], [ -6.401463, 36.81352 ], [ -6.401624, 36.813999 ], [ -6.401833, 36.814483 ], [ -6.40207, 36.815042 ], [ -6.402319, 36.815502 ], [ -6.402477, 36.816183 ], [ -6.4029, 36.816732 ], [ -6.403048, 36.817566 ], [ -6.40348, 36.817866 ], [ -6.40392, 36.818284 ], [ -6.404176, 36.818815 ], [ -6.404274, 36.81957 ], [ -6.40453, 36.820225 ], [ -6.405057, 36.820833 ], [ -6.405346, 36.821698 ], [ -6.405754, 36.822286 ], [ -6.405918, 36.822666 ], [ -6.406122, 36.823153 ], [ -6.406304, 36.823519 ], [ -6.406659, 36.824244 ], [ -6.406815, 36.824748 ], [ -6.407026, 36.825029 ], [ -6.407266, 36.825503 ], [ -6.407625, 36.826107 ], [ -6.407898, 36.826514 ], [ -6.407987, 36.826765 ], [ -6.408087, 36.827207 ], [ -6.408182, 36.827543 ], [ -6.408537, 36.828144 ], [ -6.408735, 36.828538 ], [ -6.409008, 36.829105 ], [ -6.409385, 36.829965 ], [ -6.409466, 36.830311 ], [ -6.409605, 36.830627 ], [ -6.409762, 36.83095 ], [ -6.409943, 36.831358 ], [ -6.410204, 36.831996 ], [ -6.410461, 36.832367 ], [ -6.410579, 36.832789 ], [ -6.410926, 36.833492 ], [ -6.411361, 36.834488 ], [ -6.411706, 36.834993 ], [ -6.41191, 36.835217 ], [ -6.412036, 36.835923 ], [ -6.41227, 36.836187 ], [ -6.412649, 36.836749 ], [ -6.412728, 36.837166 ], [ -6.413291, 36.838023 ], [ -6.414343, 36.839814 ], [ -6.414786, 36.840562 ], [ -6.415232, 36.841204 ], [ -6.415324, 36.841493 ], [ -6.415622, 36.842103 ], [ -6.415742, 36.842475 ], [ -6.415949, 36.842877 ], [ -6.416409, 36.843778 ], [ -6.416691, 36.844331 ], [ -6.416961, 36.844947 ], [ -6.417636, 36.846162 ], [ -6.41795, 36.846925 ], [ -6.41822, 36.847563 ], [ -6.418461, 36.848022 ], [ -6.419026, 36.848698 ], [ -6.419845, 36.850204 ], [ -6.420714, 36.852079 ], [ -6.42104, 36.852881 ], [ -6.421501, 36.854024 ], [ -6.421712, 36.854575 ], [ -6.421904, 36.854927 ], [ -6.422612, 36.856593 ], [ -6.423069, 36.857579 ], [ -6.423729, 36.858701 ], [ -6.424013, 36.859453 ], [ -6.424157, 36.859765 ], [ -6.42433, 36.860152 ], [ -6.424553, 36.86048 ], [ -6.424973, 36.861273 ], [ -6.425228, 36.861694 ], [ -6.425344, 36.861924 ], [ -6.425516, 36.862311 ], [ -6.425706, 36.862706 ], [ -6.425958, 36.863116 ], [ -6.426274, 36.863435 ], [ -6.426587, 36.863971 ], [ -6.426884, 36.864602 ], [ -6.427174, 36.86519 ], [ -6.427449, 36.865789 ], [ -6.427672, 36.866277 ], [ -6.427956, 36.866766 ], [ -6.428364, 36.86763 ], [ -6.428628, 36.868182 ], [ -6.429232, 36.869555 ], [ -6.429475, 36.870199 ], [ -6.43001, 36.871361 ], [ -6.430321, 36.871836 ], [ -6.430657, 36.872369 ], [ -6.430931, 36.872907 ], [ -6.431565, 36.874007 ], [ -6.431881, 36.874603 ], [ -6.432182, 36.875121 ], [ -6.432494, 36.875699 ], [ -6.432707, 36.876208 ], [ -6.432892, 36.876475 ], [ -6.433023, 36.876776 ], [ -6.433191, 36.877063 ], [ -6.433278, 36.877342 ], [ -6.43344, 36.877793 ], [ -6.433798, 36.87844 ], [ -6.434289, 36.879366 ], [ -6.434474, 36.879654 ], [ -6.434774, 36.880179 ], [ -6.43514, 36.880868 ], [ -6.435446, 36.881478 ], [ -6.43579, 36.881908 ], [ -6.436237, 36.882812 ], [ -6.436671, 36.883692 ], [ -6.436838, 36.883986 ], [ -6.43721, 36.884498 ], [ -6.437419, 36.884872 ], [ -6.43757, 36.88522 ], [ -6.437818, 36.885743 ], [ -6.438062, 36.886104 ], [ -6.438233, 36.886547 ], [ -6.438684, 36.887739 ], [ -6.438917, 36.888156 ], [ -6.439801, 36.889226 ], [ -6.440262, 36.890244 ], [ -6.440626, 36.890962 ], [ -6.44091, 36.891472 ], [ -6.441127, 36.89186 ], [ -6.441392, 36.892398 ], [ -6.441769, 36.893155 ], [ -6.441959, 36.893536 ], [ -6.442225, 36.894038 ], [ -6.442557, 36.894692 ], [ -6.442811, 36.895148 ], [ -6.443035, 36.895593 ], [ -6.443287, 36.895996 ], [ -6.443536, 36.896463 ], [ -6.443661, 36.896693 ], [ -6.4439, 36.897092 ], [ -6.444101, 36.89743 ], [ -6.444376, 36.897926 ], [ -6.444651, 36.898407 ], [ -6.444817, 36.898737 ], [ -6.445261, 36.899377 ], [ -6.445337, 36.899481 ], [ -6.445489, 36.899706 ], [ -6.44556, 36.899819 ], [ -6.445733, 36.900071 ], [ -6.445958, 36.900442 ], [ -6.446326, 36.900975 ], [ -6.446702, 36.901501 ], [ -6.447086, 36.901998 ], [ -6.447564, 36.902796 ], [ -6.447949, 36.903269 ], [ -6.448245, 36.903752 ], [ -6.448716, 36.904299 ], [ -6.448998, 36.904746 ], [ -6.449198, 36.905197 ], [ -6.449729, 36.905745 ], [ -6.449929, 36.906 ], [ -6.450389, 36.906892 ], [ -6.450884, 36.907642 ], [ -6.451228, 36.907995 ], [ -6.451573, 36.908568 ], [ -6.452182, 36.909452 ], [ -6.452914, 36.910648 ], [ -6.453314, 36.911121 ], [ -6.453934, 36.911904 ], [ -6.454099, 36.912289 ], [ -6.454391, 36.912867 ], [ -6.455008, 36.913536 ], [ -6.455837, 36.914496 ], [ -6.455991, 36.914761 ], [ -6.456322, 36.915299 ], [ -6.456706, 36.915832 ], [ -6.45715, 36.916306 ], [ -6.45765, 36.916889 ], [ -6.458227, 36.917635 ], [ -6.458612, 36.918108 ], [ -6.459026, 36.918618 ], [ -6.45974, 36.919456 ], [ -6.460499, 36.920306 ], [ -6.461201, 36.921072 ], [ -6.462414, 36.922344 ], [ -6.462903, 36.922808 ], [ -6.463532, 36.923548 ], [ -6.463905, 36.923926 ], [ -6.464546, 36.924542 ], [ -6.465237, 36.925188 ], [ -6.465856, 36.925786 ], [ -6.466515, 36.926503 ], [ -6.467335, 36.927308 ], [ -6.467865, 36.927671 ], [ -6.468293, 36.928192 ], [ -6.469051, 36.928614 ], [ -6.469483, 36.92904 ], [ -6.469913, 36.929503 ], [ -6.470561, 36.930101 ], [ -6.471388, 36.930702 ], [ -6.4716, 36.931029 ], [ -6.471882, 36.931244 ], [ -6.472595, 36.931712 ], [ -6.473274, 36.932275 ], [ -6.474395, 36.933395 ], [ -6.475225, 36.934146 ], [ -6.475655, 36.934608 ], [ -6.476403, 36.93534 ], [ -6.477063, 36.936045 ], [ -6.478118, 36.937135 ], [ -6.478783, 36.937685 ], [ -6.480241, 36.93898 ], [ -6.480836, 36.939618 ], [ -6.481524, 36.940372 ], [ -6.482012, 36.940907 ], [ -6.482372, 36.941225 ], [ -6.483119, 36.942004 ], [ -6.484004, 36.942863 ], [ -6.48442, 36.943325 ], [ -6.485124, 36.944043 ], [ -6.485799, 36.944737 ], [ -6.486404, 36.945322 ], [ -6.487429, 36.946435 ], [ -6.487787, 36.94686 ], [ -6.488703, 36.947904 ], [ -6.489019, 36.948221 ], [ -6.489321, 36.948525 ], [ -6.489753, 36.948952 ], [ -6.490319, 36.949578 ], [ -6.490807, 36.950101 ], [ -6.491768, 36.951146 ], [ -6.492989, 36.952412 ], [ -6.494126, 36.953509 ], [ -6.495721, 36.954944 ], [ -6.497137, 36.956166 ], [ -6.499644, 36.958543 ], [ -6.500424, 36.959215 ], [ -6.501581, 36.96017 ], [ -6.502115, 36.960658 ], [ -6.50255, 36.960989 ], [ -6.502922, 36.961414 ], [ -6.503397, 36.961877 ], [ -6.505219, 36.963418 ], [ -6.505784, 36.963847 ], [ -6.506927, 36.964801 ], [ -6.507447, 36.965253 ], [ -6.507882, 36.965584 ], [ -6.508446, 36.966061 ], [ -6.50902, 36.966669 ], [ -6.509408, 36.967082 ], [ -6.51009, 36.967562 ], [ -6.510913, 36.968074 ], [ -6.511818, 36.96857 ], [ -6.512417, 36.968904 ], [ -6.513329, 36.969626 ], [ -6.51395, 36.970176 ], [ -6.514425, 36.970651 ], [ -6.51477, 36.971004 ], [ -6.515052, 36.971242 ], [ -6.515356, 36.971475 ], [ -6.515876, 36.971951 ], [ -6.516762, 36.97256 ], [ -6.517429, 36.973214 ], [ -6.518206, 36.973871 ], [ -6.518852, 36.974326 ], [ -6.519518, 36.974767 ], [ -6.520728, 36.975568 ], [ -6.522585, 36.976797 ], [ -6.523038, 36.977045 ], [ -6.523874, 36.977384 ], [ -6.524076, 36.977555 ], [ -6.524449, 36.977759 ], [ -6.524861, 36.977887 ], [ -6.525092, 36.978071 ], [ -6.525353, 36.978267 ], [ -6.525661, 36.978405 ], [ -6.525953, 36.978566 ], [ -6.526287, 36.978811 ], [ -6.526866, 36.979276 ], [ -6.527365, 36.979477 ], [ -6.527993, 36.979824 ], [ -6.528635, 36.980184 ], [ -6.529642, 36.980753 ], [ -6.532067, 36.982253 ], [ -6.523881, 36.990684 ], [ -6.52407, 36.990806 ], [ -6.526255, 36.992163 ], [ -6.526795, 36.992473 ], [ -6.527276, 36.992757 ], [ -6.527727, 36.993053 ], [ -6.528267, 36.993362 ], [ -6.528763, 36.993646 ], [ -6.529237, 36.993924 ], [ -6.529967, 36.994333 ], [ -6.530698, 36.99473 ], [ -6.53172, 36.995276 ], [ -6.532099, 36.99551 ], [ -6.532872, 36.995967 ], [ -6.5336, 36.996447 ], [ -6.535168, 36.99738 ], [ -6.535634, 36.997664 ], [ -6.536727, 36.998331 ], [ -6.538317, 36.999282 ], [ -6.539781, 37.0002 ], [ -6.540874, 37.000867 ], [ -6.541793, 37.001434 ], [ -6.542958, 37.002162 ], [ -6.543716, 37.002642 ], [ -6.545966, 37.004078 ], [ -6.546986, 37.004719 ], [ -6.547846, 37.005249 ], [ -6.549509, 37.006226 ], [ -6.550784, 37.007045 ], [ -6.552109, 37.007907 ], [ -6.553056, 37.008498 ], [ -6.554577, 37.009501 ], [ -6.556346, 37.010696 ], [ -6.558255, 37.011904 ], [ -6.55926, 37.012513 ], [ -6.56139, 37.013785 ], [ -6.561635, 37.014052 ], [ -6.561925, 37.015203 ], [ -6.561043, 37.017444 ], [ -6.560317, 37.019438 ], [ -6.5596, 37.021402 ], [ -6.558103, 37.025437 ], [ -6.557086, 37.028176 ], [ -6.555858, 37.031435 ], [ -6.554693, 37.034624 ], [ -6.553992, 37.036529 ], [ -6.553784, 37.037222 ], [ -6.553582, 37.037504 ], [ -6.552983, 37.038541 ], [ -6.552274, 37.039558 ], [ -6.551769, 37.040221 ], [ -6.548041, 37.045616 ], [ -6.543375, 37.052386 ], [ -6.541236, 37.055537 ], [ -6.538852, 37.059106 ], [ -6.538074, 37.060163 ], [ -6.53787, 37.060481 ], [ -6.537493, 37.061093 ], [ -6.535948, 37.063326 ], [ -6.535681, 37.063761 ], [ -6.534979, 37.06476 ], [ -6.534433, 37.065536 ], [ -6.533729, 37.066618 ], [ -6.532995, 37.067687 ], [ -6.532448, 37.068487 ], [ -6.530318, 37.071733 ], [ -6.529008, 37.073727 ], [ -6.527018, 37.076647 ], [ -6.521307, 37.085027 ], [ -6.518714, 37.08883 ], [ -6.516144, 37.092613 ], [ -6.513297, 37.09677 ], [ -6.512729, 37.097622 ], [ -6.512551, 37.09791 ], [ -6.512431, 37.09813 ], [ -6.512237, 37.098551 ], [ -6.509101, 37.105189 ], [ -6.508765, 37.105838 ], [ -6.508377, 37.106443 ], [ -6.49491, 37.124227 ], [ -6.494259, 37.125586 ], [ -6.493282, 37.126939 ], [ -6.491275, 37.129676 ], [ -6.490293, 37.129489 ], [ -6.490092, 37.129864 ], [ -6.489647, 37.130652 ], [ -6.487819, 37.13138 ], [ -6.486696, 37.13096 ], [ -6.486679, 37.130825 ], [ -6.486569, 37.130792 ], [ -6.486439, 37.130809 ], [ -6.486214, 37.13069 ], [ -6.485674, 37.130214 ], [ -6.485668, 37.130112 ], [ -6.485596, 37.130041 ], [ -6.485474, 37.130014 ], [ -6.485022, 37.129673 ], [ -6.48504, 37.129505 ], [ -6.484507, 37.129264 ], [ -6.483208, 37.128188 ], [ -6.482708, 37.128101 ], [ -6.482201, 37.128125 ], [ -6.481445, 37.128361 ], [ -6.481272, 37.128372 ], [ -6.480618, 37.128165 ], [ -6.480433, 37.128073 ], [ -6.480357, 37.128123 ], [ -6.480214, 37.128031 ], [ -6.480228, 37.127947 ], [ -6.480156, 37.127907 ], [ -6.480129, 37.127799 ], [ -6.480173, 37.127716 ], [ -6.48015, 37.127621 ], [ -6.479979, 37.127535 ], [ -6.479902, 37.127511 ], [ -6.479839, 37.127495 ], [ -6.478601, 37.127534 ], [ -6.477764, 37.127481 ], [ -6.47676, 37.127246 ], [ -6.476585, 37.127166 ], [ -6.476348, 37.127109 ], [ -6.475971, 37.126697 ], [ -6.474364, 37.124851 ], [ -6.474236, 37.124707 ], [ -6.47358, 37.126457 ], [ -6.473479, 37.1268 ], [ -6.473388, 37.127085 ], [ -6.473285, 37.127388 ], [ -6.472461, 37.129306 ], [ -6.472034, 37.130498 ], [ -6.471886, 37.131757 ], [ -6.471705, 37.133219 ], [ -6.471707, 37.133485 ], [ -6.471716, 37.133574 ], [ -6.47179, 37.133842 ], [ -6.471814, 37.133952 ], [ -6.471712, 37.133974 ], [ -6.471487, 37.133953 ], [ -6.471278, 37.133934 ], [ -6.468128, 37.133814 ], [ -6.46763, 37.133853 ], [ -6.467337, 37.133864 ], [ -6.466929, 37.133882 ], [ -6.466433, 37.133913 ], [ -6.466005, 37.133937 ], [ -6.465312, 37.133974 ], [ -6.464979, 37.133994 ], [ -6.464447, 37.134015 ] ] ] } },
{ "type": "Feature", "properties": { "figura": "Parque Natural de Doñana" }, "geometry": { "type": "MultiPolygon", "coordinates": [ [ [ [ -6.284653, 36.878002 ], [ -6.284914, 36.877493 ], [ -6.285676, 36.875487 ], [ -6.286076, 36.874561 ], [ -6.286757, 36.873274 ], [ -6.287184, 36.872717 ], [ -6.288495, 36.871174 ], [ -6.289145, 36.870512 ], [ -6.290604, 36.869028 ], [ -6.291648, 36.86735 ], [ -6.293632, 36.866569 ], [ -6.294388, 36.865717 ], [ -6.294498, 36.865593 ], [ -6.295348, 36.863224 ], [ -6.295381, 36.863131 ], [ -6.295579, 36.862578 ], [ -6.296819, 36.860259 ], [ -6.297002, 36.859916 ], [ -6.298333, 36.858028 ], [ -6.298607, 36.85764 ], [ -6.299818, 36.856613 ], [ -6.299992, 36.856466 ], [ -6.300636, 36.855439 ], [ -6.300037, 36.854748 ], [ -6.299626, 36.85416 ], [ -6.298801, 36.852915 ], [ -6.299247, 36.851405 ], [ -6.300089, 36.849322 ], [ -6.300694, 36.84808 ], [ -6.300772, 36.847918 ], [ -6.300809, 36.847845 ], [ -6.300626, 36.847715 ], [ -6.299499, 36.846915 ], [ -6.29901, 36.845489 ], [ -6.298089, 36.845037 ], [ -6.296887, 36.844435 ], [ -6.297653, 36.844277 ], [ -6.298495, 36.843997 ], [ -6.299254, 36.843433 ], [ -6.302903, 36.84193 ], [ -6.304224, 36.841387 ], [ -6.305326, 36.841291 ], [ -6.307303, 36.841197 ], [ -6.307697, 36.8407 ], [ -6.309288, 36.843201 ], [ -6.310872, 36.845761 ], [ -6.311349, 36.845871 ], [ -6.313449, 36.846155 ], [ -6.316435, 36.846606 ], [ -6.317609, 36.846773 ], [ -6.317594, 36.845429 ], [ -6.319827, 36.845339 ], [ -6.320228, 36.84529 ], [ -6.320929, 36.845297 ], [ -6.322456, 36.845216 ], [ -6.322635, 36.84525 ], [ -6.322939, 36.845415 ], [ -6.32298, 36.847177 ], [ -6.322921, 36.847731 ], [ -6.322937, 36.847868 ], [ -6.322959, 36.847941 ], [ -6.323049, 36.848642 ], [ -6.323056, 36.848797 ], [ -6.322962, 36.848856 ], [ -6.322214, 36.848881 ], [ -6.320673, 36.848911 ], [ -6.318982, 36.848911 ], [ -6.317694, 36.848972 ], [ -6.317577, 36.848975 ], [ -6.317457, 36.848978 ], [ -6.317569, 36.849315 ], [ -6.317696, 36.849699 ], [ -6.317971, 36.850228 ], [ -6.318858, 36.8505 ], [ -6.3192, 36.850502 ], [ -6.319971, 36.850505 ], [ -6.320387, 36.85053 ], [ -6.321229, 36.850459 ], [ -6.321586, 36.850482 ], [ -6.322477, 36.850507 ], [ -6.323191, 36.850557 ], [ -6.323314, 36.850565 ], [ -6.323578, 36.850582 ], [ -6.324027, 36.850331 ], [ -6.324184, 36.850196 ], [ -6.324122, 36.849792 ], [ -6.323994, 36.849237 ], [ -6.32398, 36.848915 ], [ -6.324275, 36.847833 ], [ -6.324058, 36.84776 ], [ -6.323491, 36.845007 ], [ -6.323524, 36.844139 ], [ -6.323536, 36.843853 ], [ -6.324078, 36.842396 ], [ -6.324246, 36.841907 ], [ -6.324232, 36.841716 ], [ -6.323874, 36.840304 ], [ -6.323867, 36.840124 ], [ -6.324018, 36.840044 ], [ -6.325945, 36.839627 ], [ -6.327465, 36.839262 ], [ -6.327977, 36.83914 ], [ -6.326958, 36.837682 ], [ -6.326571, 36.837235 ], [ -6.326036, 36.836372 ], [ -6.326535, 36.834756 ], [ -6.326663, 36.834286 ], [ -6.32677, 36.832375 ], [ -6.326621, 36.831675 ], [ -6.326493, 36.830906 ], [ -6.326427, 36.830763 ], [ -6.327378, 36.830527 ], [ -6.327633, 36.830673 ], [ -6.327889, 36.83081 ], [ -6.32899, 36.831036 ], [ -6.329226, 36.831009 ], [ -6.329467, 36.830565 ], [ -6.329493, 36.830479 ], [ -6.329362, 36.830185 ], [ -6.329427, 36.830033 ], [ -6.330521, 36.828693 ], [ -6.330823, 36.828324 ], [ -6.33089, 36.828208 ], [ -6.3316, 36.826539 ], [ -6.337617, 36.824548 ], [ -6.33687, 36.823749 ], [ -6.336906, 36.823624 ], [ -6.336537, 36.821679 ], [ -6.336219, 36.820228 ], [ -6.335722, 36.818611 ], [ -6.335263, 36.817318 ], [ -6.335298, 36.81642 ], [ -6.335305, 36.81624 ], [ -6.341852, 36.816056 ], [ -6.342795, 36.817212 ], [ -6.345197, 36.819795 ], [ -6.347059, 36.821975 ], [ -6.347738, 36.82285 ], [ -6.349106, 36.82472 ], [ -6.350265, 36.826527 ], [ -6.350563, 36.827111 ], [ -6.350907, 36.827807 ], [ -6.351533, 36.829916 ], [ -6.351984, 36.831266 ], [ -6.352374, 36.833009 ], [ -6.352564, 36.834369 ], [ -6.352555, 36.834989 ], [ -6.352557, 36.83557 ], [ -6.352611, 36.837217 ], [ -6.352525, 36.839328 ], [ -6.352332, 36.842109 ], [ -6.352229, 36.842589 ], [ -6.352165, 36.842751 ], [ -6.352148, 36.843182 ], [ -6.351767, 36.845328 ], [ -6.351333, 36.847629 ], [ -6.350653, 36.85093 ], [ -6.350152, 36.852917 ], [ -6.35009, 36.853198 ], [ -6.349716, 36.854873 ], [ -6.349264, 36.856623 ], [ -6.348684, 36.859099 ], [ -6.3478, 36.86291 ], [ -6.346907, 36.867341 ], [ -6.34626, 36.870867 ], [ -6.345583, 36.875091 ], [ -6.345413, 36.876202 ], [ -6.345274, 36.877657 ], [ -6.345066, 36.879408 ], [ -6.344728, 36.882412 ], [ -6.344562, 36.883779 ], [ -6.344212, 36.886783 ], [ -6.343983, 36.888068 ], [ -6.343691, 36.889124 ], [ -6.342914, 36.890901 ], [ -6.341965, 36.892281 ], [ -6.33985, 36.894431 ], [ -6.337912, 36.89601 ], [ -6.337144, 36.896498 ], [ -6.336133, 36.896995 ], [ -6.33507, 36.897397 ], [ -6.334227, 36.897668 ], [ -6.331841, 36.898231 ], [ -6.328038, 36.898966 ], [ -6.324002, 36.899548 ], [ -6.316047, 36.900495 ], [ -6.308875, 36.901468 ], [ -6.304744, 36.902164 ], [ -6.298913, 36.903394 ], [ -6.297176, 36.90387 ], [ -6.297112, 36.903888 ], [ -6.296184, 36.901907 ], [ -6.295399, 36.900221 ], [ -6.294957, 36.899213 ], [ -6.294696, 36.898657 ], [ -6.294485, 36.898176 ], [ -6.294466, 36.897997 ], [ -6.293442, 36.896002 ], [ -6.291982, 36.893105 ], [ -6.29127, 36.891724 ], [ -6.289871, 36.888873 ], [ -6.28932, 36.887782 ], [ -6.288169, 36.885584 ], [ -6.287184, 36.883665 ], [ -6.285259, 36.879875 ], [ -6.284669, 36.878698 ], [ -6.284548, 36.878456 ], [ -6.284485, 36.878331 ], [ -6.284653, 36.878002 ] ] ], [ [ [ -6.260179, 37.016074 ], [ -6.26007, 37.01633 ], [ -6.259611, 37.017183 ], [ -6.259023, 37.018275 ], [ -6.257655, 37.020487 ], [ -6.25625, 37.022537 ], [ -6.254992, 37.024565 ], [ -6.254364, 37.025625 ], [ -6.254298, 37.025717 ], [ -6.252751, 37.027649 ], [ -6.251878, 37.028637 ], [ -6.251155, 37.029304 ], [ -6.25075, 37.029678 ], [ -6.249984, 37.030386 ], [ -6.249066, 37.031059 ], [ -6.248565, 37.031427 ], [ -6.246584, 37.032652 ], [ -6.245129, 37.03355 ], [ -6.244266, 37.033957 ], [ -6.244052, 37.03403 ], [ -6.243492, 37.034226 ], [ -6.241251, 37.034677 ], [ -6.239037, 37.0349 ], [ -6.238163, 37.034906 ], [ -6.237102, 37.034867 ], [ -6.235771, 37.034617 ], [ -6.2344, 37.034245 ], [ -6.233137, 37.033651 ], [ -6.23225, 37.032911 ], [ -6.23163, 37.032052 ], [ -6.23143, 37.031264 ], [ -6.231409, 37.030769 ], [ -6.231481, 37.029231 ], [ -6.231454, 37.027745 ], [ -6.231322, 37.026604 ], [ -6.230899, 37.02405 ], [ -6.230846, 37.02373 ], [ -6.230805, 37.023634 ], [ -6.230572, 37.023091 ], [ -6.230221, 37.022544 ], [ -6.229376, 37.021738 ], [ -6.228516, 37.021216 ], [ -6.227367, 37.020659 ], [ -6.22567, 37.020149 ], [ -6.224575, 37.019938 ], [ -6.223262, 37.019848 ], [ -6.22206, 37.01988 ], [ -6.219715, 37.020144 ], [ -6.218872, 37.020325 ], [ -6.218136, 37.020575 ], [ -6.217478, 37.020906 ], [ -6.217274, 37.02135 ], [ -6.217209, 37.021771 ], [ -6.217107, 37.021898 ], [ -6.2168, 37.022231 ], [ -6.215508, 37.023173 ], [ -6.214588, 37.023912 ], [ -6.21395, 37.024578 ], [ -6.21312, 37.025488 ], [ -6.212837, 37.025848 ], [ -6.212682, 37.02612 ], [ -6.211932, 37.027075 ], [ -6.210428, 37.028927 ], [ -6.209623, 37.029874 ], [ -6.209045, 37.030539 ], [ -6.207283, 37.032636 ], [ -6.205727, 37.034375 ], [ -6.203797, 37.036706 ], [ -6.202821, 37.037821 ], [ -6.202222, 37.038857 ], [ -6.200914, 37.040999 ], [ -6.200483, 37.041916 ], [ -6.200025, 37.043483 ], [ -6.199611, 37.044969 ], [ -6.199396, 37.046074 ], [ -6.199259, 37.046774 ], [ -6.199273, 37.047109 ], [ -6.19934, 37.048689 ], [ -6.199448, 37.050432 ], [ -6.199566, 37.05267 ], [ -6.199709, 37.053801 ], [ -6.199985, 37.056121 ], [ -6.200443, 37.057404 ], [ -6.200898, 37.058594 ], [ -6.201222, 37.059367 ], [ -6.201579, 37.059939 ], [ -6.201986, 37.060556 ], [ -6.202675, 37.061387 ], [ -6.20316, 37.06189 ], [ -6.204283, 37.062832 ], [ -6.205039, 37.063402 ], [ -6.206013, 37.063939 ], [ -6.206793, 37.064375 ], [ -6.207192, 37.064527 ], [ -6.207572, 37.064658 ], [ -6.209409, 37.065039 ], [ -6.209971, 37.065172 ], [ -6.212523, 37.065509 ], [ -6.216425, 37.066049 ], [ -6.218985, 37.066363 ], [ -6.220996, 37.066783 ], [ -6.222059, 37.067164 ], [ -6.223153, 37.067698 ], [ -6.223959, 37.068201 ], [ -6.224655, 37.068878 ], [ -6.225035, 37.069422 ], [ -6.225196, 37.069884 ], [ -6.225373, 37.070395 ], [ -6.225393, 37.070739 ], [ -6.225444, 37.07165 ], [ -6.225778, 37.074902 ], [ -6.225881, 37.075634 ], [ -6.225829, 37.077505 ], [ -6.225831, 37.078658 ], [ -6.225907, 37.079771 ], [ -6.226153, 37.081348 ], [ -6.226319, 37.081888 ], [ -6.226566, 37.082814 ], [ -6.226739, 37.083231 ], [ -6.227267, 37.084464 ], [ -6.227711, 37.085335 ], [ -6.228216, 37.086069 ], [ -6.229003, 37.087231 ], [ -6.229668, 37.088023 ], [ -6.230552, 37.088952 ], [ -6.231156, 37.089442 ], [ -6.231913, 37.090021 ], [ -6.232871, 37.090711 ], [ -6.234299, 37.091548 ], [ -6.235285, 37.092067 ], [ -6.236402, 37.09257 ], [ -6.238445, 37.093314 ], [ -6.239844, 37.093733 ], [ -6.240595, 37.093895 ], [ -6.241423, 37.094052 ], [ -6.243144, 37.094215 ], [ -6.245493, 37.094313 ], [ -6.247246, 37.094564 ], [ -6.250981, 37.089299 ], [ -6.253133, 37.086305 ], [ -6.256185, 37.082119 ], [ -6.257142, 37.08071 ], [ -6.257766, 37.079436 ], [ -6.258221, 37.078105 ], [ -6.258696, 37.076538 ], [ -6.259507, 37.07354 ], [ -6.260678, 37.069618 ], [ -6.261776, 37.065659 ], [ -6.262852, 37.062025 ], [ -6.26291, 37.061767 ], [ -6.263189, 37.060872 ], [ -6.264156, 37.057327 ], [ -6.265205, 37.053912 ], [ -6.265848, 37.051836 ], [ -6.266795, 37.048825 ], [ -6.267736, 37.045652 ], [ -6.268938, 37.041641 ], [ -6.270114, 37.037576 ], [ -6.271251, 37.033729 ], [ -6.272351, 37.030113 ], [ -6.273444, 37.026355 ], [ -6.273463, 37.026235 ], [ -6.273668, 37.025625 ], [ -6.274686, 37.022324 ], [ -6.275536, 37.019382 ], [ -6.27578, 37.019413 ], [ -6.286446, 37.02088 ], [ -6.286554, 37.021244 ], [ -6.285958, 37.023409 ], [ -6.284919, 37.026896 ], [ -6.284007, 37.029901 ], [ -6.28298, 37.033482 ], [ -6.282077, 37.036509 ], [ -6.281295, 37.039083 ], [ -6.281219, 37.039457 ], [ -6.281153, 37.039576 ], [ -6.280913, 37.04038 ], [ -6.280073, 37.043158 ], [ -6.278753, 37.047555 ], [ -6.277812, 37.050742 ], [ -6.276775, 37.05412 ], [ -6.275569, 37.058075 ], [ -6.27462, 37.061415 ], [ -6.273495, 37.065187 ], [ -6.272526, 37.068422 ], [ -6.271727, 37.070935 ], [ -6.27163, 37.071262 ], [ -6.271552, 37.071523 ], [ -6.275783, 37.071515 ], [ -6.277821, 37.071517 ], [ -6.282341, 37.071507 ], [ -6.282217, 37.072384 ], [ -6.282138, 37.072625 ], [ -6.281684, 37.07364 ], [ -6.279867, 37.077743 ], [ -6.279169, 37.07935 ], [ -6.276787, 37.077882 ], [ -6.275694, 37.077196 ], [ -6.274077, 37.076263 ], [ -6.271682, 37.074876 ], [ -6.2707, 37.074345 ], [ -6.270612, 37.074642 ], [ -6.270096, 37.076398 ], [ -6.268815, 37.080535 ], [ -6.268276, 37.081989 ], [ -6.267737, 37.083196 ], [ -6.266684, 37.085247 ], [ -6.265388, 37.08725 ], [ -6.263952, 37.089301 ], [ -6.261194, 37.093165 ], [ -6.260712, 37.093854 ], [ -6.258964, 37.096279 ], [ -6.258584, 37.096839 ], [ -6.258409, 37.097229 ], [ -6.258354, 37.09762 ], [ -6.258379, 37.097917 ], [ -6.258642, 37.0985 ], [ -6.258942, 37.099093 ], [ -6.259066, 37.099603 ], [ -6.25915, 37.099943 ], [ -6.259187, 37.100098 ], [ -6.259273, 37.100715 ], [ -6.259263, 37.101584 ], [ -6.259157, 37.102446 ], [ -6.258931, 37.103292 ], [ -6.258626, 37.1041 ], [ -6.257702, 37.105747 ], [ -6.256782, 37.106784 ], [ -6.255496, 37.107898 ], [ -6.254555, 37.108458 ], [ -6.253867, 37.108801 ], [ -6.252914, 37.109084 ], [ -6.251734, 37.109337 ], [ -6.250254, 37.10954 ], [ -6.249875, 37.109598 ], [ -6.249594, 37.10972 ], [ -6.249338, 37.10986 ], [ -6.249019, 37.110194 ], [ -6.247737, 37.111965 ], [ -6.244672, 37.116217 ], [ -6.241416, 37.120714 ], [ -6.238148, 37.125239 ], [ -6.237762, 37.125821 ], [ -6.236172, 37.127946 ], [ -6.23496, 37.129705 ], [ -6.2324, 37.133228 ], [ -6.231771, 37.134141 ], [ -6.229881, 37.136925 ], [ -6.229019, 37.138194 ], [ -6.228038, 37.139643 ], [ -6.227606, 37.140141 ], [ -6.226824, 37.140802 ], [ -6.225555, 37.141506 ], [ -6.223509, 37.142733 ], [ -6.216842, 37.146655 ], [ -6.215598, 37.147394 ], [ -6.208708, 37.151453 ], [ -6.205633, 37.153264 ], [ -6.205123, 37.15362 ], [ -6.204259, 37.154331 ], [ -6.203586, 37.155027 ], [ -6.203064, 37.155652 ], [ -6.202759, 37.156061 ], [ -6.202084, 37.157156 ], [ -6.201781, 37.15788 ], [ -6.201526, 37.158621 ], [ -6.201363, 37.159275 ], [ -6.201238, 37.159985 ], [ -6.201187, 37.160473 ], [ -6.20121, 37.161434 ], [ -6.201534, 37.164584 ], [ -6.201722, 37.166363 ], [ -6.201995, 37.167196 ], [ -6.202639, 37.169019 ], [ -6.20267, 37.16909 ], [ -6.202737, 37.169361 ], [ -6.20346, 37.171524 ], [ -6.204004, 37.173131 ], [ -6.205141, 37.176468 ], [ -6.205492, 37.177442 ], [ -6.206463, 37.180239 ], [ -6.206829, 37.180992 ], [ -6.207243, 37.181783 ], [ -6.207814, 37.182729 ], [ -6.210657, 37.18622 ], [ -6.21129, 37.187111 ], [ -6.214364, 37.190985 ], [ -6.215019, 37.191817 ], [ -6.21829, 37.195963 ], [ -6.220248, 37.198437 ], [ -6.220142, 37.198532 ], [ -6.219358, 37.198866 ], [ -6.215537, 37.20009 ], [ -6.215415, 37.200129 ], [ -6.215355, 37.200173 ], [ -6.214945, 37.200198 ], [ -6.214404, 37.200361 ], [ -6.212954, 37.200763 ], [ -6.21259, 37.200888 ], [ -6.212427, 37.200987 ], [ -6.212341, 37.201132 ], [ -6.21226, 37.201269 ], [ -6.212245, 37.201443 ], [ -6.212212, 37.201824 ], [ -6.212051, 37.201953 ], [ -6.210307, 37.202743 ], [ -6.20863, 37.203552 ], [ -6.20826, 37.203693 ], [ -6.208191, 37.203593 ], [ -6.208091, 37.203213 ], [ -6.208132, 37.202784 ], [ -6.208463, 37.201581 ], [ -6.208758, 37.201076 ], [ -6.208863, 37.200895 ], [ -6.209008, 37.200652 ], [ -6.208909, 37.200272 ], [ -6.208656, 37.199945 ], [ -6.208243, 37.19949 ], [ -6.207975, 37.199058 ], [ -6.207883, 37.19886 ], [ -6.207577, 37.198677 ], [ -6.2072, 37.198221 ], [ -6.20642, 37.196983 ], [ -6.205998, 37.196449 ], [ -6.205718, 37.196256 ], [ -6.205506, 37.196109 ], [ -6.204989, 37.19599 ], [ -6.204454, 37.196025 ], [ -6.203767, 37.196147 ], [ -6.203493, 37.196145 ], [ -6.203179, 37.196068 ], [ -6.202808, 37.196031 ], [ -6.202329, 37.195976 ], [ -6.202004, 37.1959 ], [ -6.201425, 37.195753 ], [ -6.200202, 37.195595 ], [ -6.199208, 37.195507 ], [ -6.198569, 37.195468 ], [ -6.198254, 37.195352 ], [ -6.19805, 37.19531 ], [ -6.197735, 37.195204 ], [ -6.197441, 37.195012 ], [ -6.197179, 37.194823 ], [ -6.196844, 37.195134 ], [ -6.196459, 37.195344 ], [ -6.196068, 37.195402 ], [ -6.195762, 37.195219 ], [ -6.1953, 37.194736 ], [ -6.195015, 37.194753 ], [ -6.193196, 37.191768 ], [ -6.190587, 37.187432 ], [ -6.190447, 37.187091 ], [ -6.190461, 37.186852 ], [ -6.190591, 37.186544 ], [ -6.194645, 37.183153 ], [ -6.195166, 37.182643 ], [ -6.195418, 37.182121 ], [ -6.19555, 37.181574 ], [ -6.195702, 37.180061 ], [ -6.195768, 37.179392 ], [ -6.195861, 37.178331 ], [ -6.195822, 37.177406 ], [ -6.195728, 37.176875 ], [ -6.195649, 37.176528 ], [ -6.195552, 37.176107 ], [ -6.195218, 37.174963 ], [ -6.194112, 37.171195 ], [ -6.193944, 37.170618 ], [ -6.193393, 37.168714 ], [ -6.193272, 37.168256 ], [ -6.193171, 37.167537 ], [ -6.192749, 37.16488 ], [ -6.192743, 37.164727 ], [ -6.192372, 37.16216 ], [ -6.191997, 37.158345 ], [ -6.191793, 37.155327 ], [ -6.191825, 37.153407 ], [ -6.191906, 37.152491 ], [ -6.192064, 37.151723 ], [ -6.192492, 37.150691 ], [ -6.193006, 37.149875 ], [ -6.193526, 37.149221 ], [ -6.194284, 37.148543 ], [ -6.195149, 37.147842 ], [ -6.196088, 37.147217 ], [ -6.197049, 37.146705 ], [ -6.197704, 37.14641 ], [ -6.201689, 37.144822 ], [ -6.203707, 37.144081 ], [ -6.206969, 37.143001 ], [ -6.208861, 37.142387 ], [ -6.209793, 37.141866 ], [ -6.211535, 37.140789 ], [ -6.214423, 37.139069 ], [ -6.215126, 37.138496 ], [ -6.217434, 37.13646 ], [ -6.220862, 37.133132 ], [ -6.221971, 37.132034 ], [ -6.222618, 37.131406 ], [ -6.2239, 37.129903 ], [ -6.225953, 37.127461 ], [ -6.227406, 37.125629 ], [ -6.229141, 37.123281 ], [ -6.229419, 37.122952 ], [ -6.229667, 37.122485 ], [ -6.230374, 37.121169 ], [ -6.231115, 37.119822 ], [ -6.231643, 37.118805 ], [ -6.23178, 37.118391 ], [ -6.232683, 37.115524 ], [ -6.233554, 37.112905 ], [ -6.233821, 37.11245 ], [ -6.234434, 37.111757 ], [ -6.235189, 37.111 ], [ -6.236585, 37.109522 ], [ -6.236982, 37.109072 ], [ -6.238297, 37.107214 ], [ -6.2411, 37.103265 ], [ -6.243959, 37.099218 ], [ -6.246414, 37.095675 ], [ -6.245755, 37.095686 ], [ -6.244645, 37.095622 ], [ -6.243926, 37.095518 ], [ -6.242384, 37.095389 ], [ -6.241679, 37.095323 ], [ -6.241226, 37.095315 ], [ -6.240145, 37.095097 ], [ -6.238554, 37.094662 ], [ -6.236898, 37.094088 ], [ -6.235639, 37.093589 ], [ -6.23553, 37.093562 ], [ -6.233621, 37.092641 ], [ -6.232038, 37.091682 ], [ -6.230012, 37.090222 ], [ -6.228429, 37.088834 ], [ -6.227535, 37.087847 ], [ -6.226827, 37.086884 ], [ -6.226242, 37.085984 ], [ -6.225665, 37.08474 ], [ -6.225189, 37.083494 ], [ -6.224782, 37.082313 ], [ -6.224739, 37.082202 ], [ -6.224587, 37.08171 ], [ -6.22437, 37.080239 ], [ -6.22413, 37.078785 ], [ -6.224075, 37.078107 ], [ -6.223827, 37.074998 ], [ -6.223715, 37.072789 ], [ -6.223598, 37.070589 ], [ -6.22358, 37.070018 ], [ -6.223394, 37.069556 ], [ -6.223034, 37.069212 ], [ -6.222372, 37.068744 ], [ -6.218041, 37.067641 ], [ -6.217708, 37.067641 ], [ -6.217317, 37.067681 ], [ -6.215527, 37.067281 ], [ -6.213361, 37.066862 ], [ -6.212223, 37.066683 ], [ -6.209672, 37.066286 ], [ -6.208278, 37.065961 ], [ -6.206766, 37.065525 ], [ -6.205436, 37.065036 ], [ -6.204085, 37.06432 ], [ -6.203516, 37.063869 ], [ -6.202547, 37.063102 ], [ -6.201596, 37.062279 ], [ -6.201291, 37.061963 ], [ -6.20072, 37.061111 ], [ -6.200283, 37.060627 ], [ -6.199937, 37.060035 ], [ -6.19925, 37.0587 ], [ -6.19892, 37.057927 ], [ -6.198562, 37.056898 ], [ -6.198313, 37.055799 ], [ -6.198114, 37.054448 ], [ -6.198017, 37.053566 ], [ -6.197758, 37.050644 ], [ -6.197722, 37.049224 ], [ -6.197707, 37.048451 ], [ -6.197728, 37.048199 ], [ -6.197832, 37.046894 ], [ -6.197918, 37.04611 ], [ -6.198104, 37.044866 ], [ -6.198365, 37.043561 ], [ -6.199082, 37.041368 ], [ -6.199777, 37.039818 ], [ -6.200473, 37.03867 ], [ -6.200719, 37.038578 ], [ -6.201438, 37.037577 ], [ -6.201543, 37.037459 ], [ -6.201367, 37.037371 ], [ -6.200843, 37.037111 ], [ -6.199966, 37.036639 ], [ -6.199352, 37.03618 ], [ -6.198354, 37.035635 ], [ -6.198132, 37.03544 ], [ -6.197392, 37.03482 ], [ -6.196174, 37.033862 ], [ -6.195279, 37.033217 ], [ -6.194041, 37.032354 ], [ -6.19398, 37.032306 ], [ -6.193605, 37.032014 ], [ -6.193197, 37.031645 ], [ -6.192876, 37.031367 ], [ -6.19199, 37.030932 ], [ -6.190227, 37.030321 ], [ -6.190029, 37.030333 ], [ -6.183898, 37.027827 ], [ -6.161775, 37.018773 ], [ -6.161872, 37.01859 ], [ -6.161957, 37.018419 ], [ -6.162152, 37.018024 ], [ -6.162327, 37.017686 ], [ -6.162427, 37.017492 ], [ -6.162613, 37.017381 ], [ -6.162916, 37.016954 ], [ -6.163085, 37.01672 ], [ -6.163114, 37.016566 ], [ -6.163258, 37.016314 ], [ -6.163394, 37.016148 ], [ -6.163558, 37.016078 ], [ -6.163704, 37.015883 ], [ -6.163724, 37.015788 ], [ -6.163685, 37.015721 ], [ -6.163771, 37.015214 ], [ -6.163849, 37.014802 ], [ -6.164192, 37.013888 ], [ -6.164399, 37.013434 ], [ -6.164479, 37.013355 ], [ -6.164746, 37.013204 ], [ -6.164788, 37.013052 ], [ -6.164711, 37.012919 ], [ -6.164611, 37.012818 ], [ -6.164667, 37.012291 ], [ -6.164752, 37.01205 ], [ -6.16491, 37.011855 ], [ -6.164973, 37.011644 ], [ -6.164898, 37.01156 ], [ -6.164798, 37.011448 ], [ -6.164983, 37.011033 ], [ -6.165128, 37.010801 ], [ -6.165221, 37.010752 ], [ -6.165316, 37.010729 ], [ -6.165229, 37.010646 ], [ -6.165305, 37.010463 ], [ -6.165391, 37.010261 ], [ -6.165434, 37.010136 ], [ -6.165417, 37.01003 ], [ -6.165266, 37.009825 ], [ -6.165165, 37.009674 ], [ -6.16509, 37.0096 ], [ -6.165156, 37.009456 ], [ -6.165115, 37.009333 ], [ -6.165303, 37.009269 ], [ -6.165285, 37.009128 ], [ -6.165426, 37.009086 ], [ -6.165502, 37.008913 ], [ -6.165543, 37.008758 ], [ -6.165535, 37.008567 ], [ -6.16565, 37.008316 ], [ -6.165808, 37.008132 ], [ -6.165924, 37.007766 ], [ -6.166029, 37.00743 ], [ -6.166007, 37.007183 ], [ -6.165819, 37.006958 ], [ -6.165635, 37.00681 ], [ -6.165582, 37.006687 ], [ -6.165729, 37.006512 ], [ -6.165722, 37.006341 ], [ -6.165786, 37.006159 ], [ -6.16585, 37.005975 ], [ -6.166093, 37.005827 ], [ -6.166288, 37.005659 ], [ -6.16635, 37.005419 ], [ -6.166223, 37.005256 ], [ -6.166138, 37.005177 ], [ -6.166242, 37.005106 ], [ -6.166297, 37.00501 ], [ -6.16641, 37.005016 ], [ -6.166488, 37.00487 ], [ -6.166553, 37.004735 ], [ -6.16659, 37.004478 ], [ -6.166629, 37.004258 ], [ -6.16662, 37.004058 ], [ -6.166637, 37.003875 ], [ -6.166676, 37.003685 ], [ -6.166679, 37.003464 ], [ -6.166729, 37.003244 ], [ -6.166741, 37.002949 ], [ -6.166852, 37.002754 ], [ -6.167025, 37.002635 ], [ -6.167081, 37.002556 ], [ -6.167122, 37.002404 ], [ -6.167115, 37.002222 ], [ -6.167109, 37.002089 ], [ -6.167168, 37.002036 ], [ -6.167031, 37.001823 ], [ -6.166996, 37.0015 ], [ -6.16721, 37.000361 ], [ -6.167405, 36.999336 ], [ -6.167521, 36.99897 ], [ -6.167595, 36.998878 ], [ -6.167523, 36.998731 ], [ -6.167516, 36.99856 ], [ -6.167687, 36.997812 ], [ -6.168054, 36.996352 ], [ -6.168447, 36.994645 ], [ -6.168768, 36.99351 ], [ -6.169473, 36.991146 ], [ -6.169646, 36.990741 ], [ -6.169745, 36.990537 ], [ -6.169784, 36.990345 ], [ -6.16998, 36.989891 ], [ -6.170031, 36.98969 ], [ -6.169997, 36.989605 ], [ -6.170061, 36.989423 ], [ -6.170336, 36.98871 ], [ -6.170459, 36.988124 ], [ -6.170629, 36.987919 ], [ -6.170686, 36.987861 ], [ -6.170783, 36.98762 ], [ -6.170968, 36.98718 ], [ -6.17101, 36.98708 ], [ -6.171238, 36.986274 ], [ -6.171518, 36.985579 ], [ -6.171694, 36.984944 ], [ -6.171801, 36.984547 ], [ -6.172016, 36.983678 ], [ -6.172269, 36.982899 ], [ -6.17237, 36.982752 ], [ -6.172424, 36.982618 ], [ -6.1725, 36.98189 ], [ -6.172794, 36.980939 ], [ -6.17292, 36.980543 ], [ -6.172929, 36.980038 ], [ -6.173014, 36.979818 ], [ -6.173021, 36.979682 ], [ -6.173015, 36.979541 ], [ -6.173017, 36.979311 ], [ -6.173318, 36.977397 ], [ -6.173534, 36.976161 ], [ -6.17369, 36.975335 ], [ -6.173729, 36.975124 ], [ -6.173724, 36.975012 ], [ -6.173828, 36.974932 ], [ -6.173729, 36.974849 ], [ -6.17367, 36.974554 ], [ -6.17375, 36.974189 ], [ -6.173883, 36.973976 ], [ -6.174079, 36.973266 ], [ -6.17457, 36.971489 ], [ -6.175186, 36.970289 ], [ -6.17582, 36.968957 ], [ -6.17615, 36.968184 ], [ -6.17634, 36.967893 ], [ -6.176413, 36.967635 ], [ -6.176414, 36.967387 ], [ -6.176632, 36.966894 ], [ -6.176964, 36.966313 ], [ -6.177485, 36.965698 ], [ -6.177882, 36.964962 ], [ -6.178134, 36.964442 ], [ -6.17845, 36.963622 ], [ -6.178783, 36.962755 ], [ -6.179266, 36.961807 ], [ -6.179465, 36.96143 ], [ -6.179553, 36.961275 ], [ -6.17965, 36.961319 ], [ -6.179725, 36.961405 ], [ -6.179792, 36.961298 ], [ -6.179755, 36.960983 ], [ -6.18043, 36.959641 ], [ -6.180666, 36.959042 ], [ -6.181066, 36.958364 ], [ -6.181941, 36.956825 ], [ -6.182018, 36.956679 ], [ -6.18238, 36.955964 ], [ -6.183018, 36.954737 ], [ -6.183125, 36.954457 ], [ -6.183434, 36.953868 ], [ -6.183731, 36.953028 ], [ -6.184005, 36.952469 ], [ -6.184137, 36.952207 ], [ -6.184799, 36.950711 ], [ -6.18605, 36.947513 ], [ -6.186423, 36.946759 ], [ -6.186509, 36.946293 ], [ -6.186744, 36.945757 ], [ -6.187637, 36.943816 ], [ -6.187998, 36.942777 ], [ -6.188222, 36.942181 ], [ -6.188299, 36.942057 ], [ -6.188445, 36.941821 ], [ -6.188583, 36.941437 ], [ -6.188721, 36.941023 ], [ -6.188907, 36.940646 ], [ -6.189308, 36.939719 ], [ -6.189496, 36.939389 ], [ -6.189613, 36.939053 ], [ -6.189842, 36.93858 ], [ -6.190011, 36.938346 ], [ -6.190154, 36.937941 ], [ -6.190292, 36.937814 ], [ -6.190337, 36.937774 ], [ -6.190364, 36.937546 ], [ -6.191069, 36.936239 ], [ -6.191349, 36.935821 ], [ -6.191479, 36.9358 ], [ -6.191515, 36.935539 ], [ -6.192205, 36.934415 ], [ -6.19254, 36.933901 ], [ -6.193177, 36.932807 ], [ -6.193467, 36.93236 ], [ -6.193925, 36.931661 ], [ -6.194464, 36.930903 ], [ -6.195248, 36.929756 ], [ -6.196569, 36.927965 ], [ -6.196708, 36.927887 ], [ -6.196764, 36.927818 ], [ -6.196794, 36.927673 ], [ -6.197015, 36.927269 ], [ -6.19777, 36.926304 ], [ -6.198161, 36.925846 ], [ -6.198418, 36.925456 ], [ -6.199073, 36.924656 ], [ -6.199392, 36.924314 ], [ -6.199604, 36.924002 ], [ -6.200081, 36.923467 ], [ -6.200739, 36.922742 ], [ -6.201613, 36.921756 ], [ -6.201739, 36.921656 ], [ -6.201863, 36.921491 ], [ -6.202467, 36.920884 ], [ -6.203108, 36.920162 ], [ -6.203895, 36.919397 ], [ -6.204489, 36.918818 ], [ -6.205015, 36.918335 ], [ -6.20545, 36.917943 ], [ -6.206044, 36.917393 ], [ -6.20641, 36.917059 ], [ -6.20673, 36.916755 ], [ -6.207708, 36.91585 ], [ -6.208847, 36.914972 ], [ -6.209533, 36.91435 ], [ -6.210249, 36.913855 ], [ -6.211697, 36.91271 ], [ -6.212445, 36.912147 ], [ -6.214251, 36.910877 ], [ -6.215357, 36.910075 ], [ -6.21701, 36.908991 ], [ -6.217795, 36.908452 ], [ -6.218326, 36.908086 ], [ -6.220446, 36.906684 ], [ -6.221868, 36.905769 ], [ -6.222831, 36.905227 ], [ -6.224696, 36.904129 ], [ -6.225746, 36.903528 ], [ -6.227371, 36.902644 ], [ -6.229566, 36.901487 ], [ -6.230084, 36.901246 ], [ -6.230699, 36.900904 ], [ -6.231957, 36.900316 ], [ -6.232621, 36.900023 ], [ -6.23496, 36.898889 ], [ -6.236756, 36.898117 ], [ -6.239433, 36.896986 ], [ -6.241339, 36.896285 ], [ -6.242499, 36.89592 ], [ -6.243991, 36.895555 ], [ -6.244838, 36.89536 ], [ -6.245927, 36.895148 ], [ -6.246598, 36.895006 ], [ -6.246889, 36.894865 ], [ -6.247043, 36.894861 ], [ -6.247149, 36.894838 ], [ -6.247538, 36.89478 ], [ -6.247773, 36.894726 ], [ -6.248008, 36.894663 ], [ -6.248744, 36.894643 ], [ -6.248864, 36.894687 ], [ -6.248981, 36.894646 ], [ -6.249559, 36.894562 ], [ -6.250072, 36.894607 ], [ -6.251187, 36.894594 ], [ -6.251352, 36.894552 ], [ -6.251683, 36.894533 ], [ -6.252496, 36.894664 ], [ -6.252987, 36.894746 ], [ -6.253772, 36.894943 ], [ -6.254437, 36.895222 ], [ -6.254901, 36.895504 ], [ -6.255288, 36.895674 ], [ -6.256036, 36.89595 ], [ -6.256946, 36.896135 ], [ -6.257638, 36.896211 ], [ -6.257939, 36.896308 ], [ -6.258358, 36.896391 ], [ -6.259108, 36.896724 ], [ -6.260953, 36.898093 ], [ -6.261365, 36.898559 ], [ -6.261473, 36.898703 ], [ -6.261541, 36.898793 ], [ -6.263269, 36.900881 ], [ -6.263991, 36.902082 ], [ -6.264419, 36.902651 ], [ -6.264701, 36.903151 ], [ -6.264902, 36.903411 ], [ -6.265214, 36.903774 ], [ -6.26531, 36.904057 ], [ -6.265547, 36.904328 ], [ -6.265786, 36.904637 ], [ -6.266079, 36.905104 ], [ -6.26666, 36.906061 ], [ -6.26686, 36.906312 ], [ -6.26711, 36.906592 ], [ -6.26732, 36.906777 ], [ -6.267461, 36.90703 ], [ -6.267669, 36.907187 ], [ -6.267725, 36.907377 ], [ -6.267925, 36.907601 ], [ -6.268329, 36.908171 ], [ -6.268618, 36.908535 ], [ -6.269022, 36.909114 ], [ -6.270446, 36.910611 ], [ -6.270545, 36.910703 ], [ -6.270786, 36.910793 ], [ -6.271631, 36.91138 ], [ -6.27208, 36.911615 ], [ -6.272242, 36.9118 ], [ -6.272253, 36.912039 ], [ -6.27234, 36.912142 ], [ -6.272448, 36.912157 ], [ -6.273229, 36.912678 ], [ -6.273269, 36.912745 ], [ -6.273182, 36.913225 ], [ -6.273068, 36.913332 ], [ -6.273073, 36.913446 ], [ -6.273118, 36.913675 ], [ -6.27302, 36.914144 ], [ -6.273047, 36.914506 ], [ -6.273053, 36.914936 ], [ -6.272675, 36.916091 ], [ -6.272363, 36.917394 ], [ -6.272197, 36.918516 ], [ -6.271932, 36.920526 ], [ -6.271798, 36.922379 ], [ -6.271737, 36.922906 ], [ -6.271612, 36.923443 ], [ -6.271607, 36.923614 ], [ -6.271592, 36.92375 ], [ -6.271429, 36.924734 ], [ -6.271008, 36.926559 ], [ -6.270822, 36.927346 ], [ -6.27063, 36.927856 ], [ -6.270424, 36.928578 ], [ -6.270149, 36.929376 ], [ -6.269542, 36.930746 ], [ -6.268587, 36.933005 ], [ -6.267732, 36.934946 ], [ -6.267268, 36.936188 ], [ -6.267053, 36.936708 ], [ -6.266975, 36.936996 ], [ -6.266868, 36.937391 ], [ -6.266541, 36.939193 ], [ -6.26631, 36.941441 ], [ -6.266252, 36.941755 ], [ -6.266306, 36.941889 ], [ -6.266361, 36.942622 ], [ -6.266391, 36.943326 ], [ -6.266475, 36.943628 ], [ -6.266624, 36.944759 ], [ -6.266879, 36.945716 ], [ -6.267068, 36.946245 ], [ -6.267472, 36.947092 ], [ -6.267862, 36.947863 ], [ -6.26877, 36.94923 ], [ -6.269396, 36.949985 ], [ -6.270302, 36.950884 ], [ -6.270727, 36.951271 ], [ -6.27084, 36.951358 ], [ -6.271421, 36.95177 ], [ -6.271947, 36.952136 ], [ -6.272492, 36.952513 ], [ -6.273052, 36.952831 ], [ -6.27366, 36.953138 ], [ -6.274261, 36.953394 ], [ -6.274409, 36.953442 ], [ -6.275278, 36.953751 ], [ -6.276133, 36.954014 ], [ -6.277573, 36.954337 ], [ -6.278964, 36.95465 ], [ -6.279866, 36.954902 ], [ -6.281794, 36.955373 ], [ -6.283302, 36.955913 ], [ -6.283941, 36.956116 ], [ -6.285124, 36.956549 ], [ -6.285498, 36.956672 ], [ -6.285981, 36.956859 ], [ -6.286797, 36.957323 ], [ -6.287251, 36.957653 ], [ -6.287965, 36.958244 ], [ -6.288607, 36.958933 ], [ -6.288959, 36.959399 ], [ -6.289405, 36.960094 ], [ -6.28987, 36.960948 ], [ -6.290112, 36.96159 ], [ -6.290357, 36.962335 ], [ -6.290608, 36.963741 ], [ -6.290683, 36.964653 ], [ -6.290608, 36.965953 ], [ -6.290457, 36.967004 ], [ -6.290248, 36.968204 ], [ -6.289894, 36.969919 ], [ -6.289834, 36.97027 ], [ -6.289745, 36.970795 ], [ -6.289735, 36.970849 ], [ -6.28962, 36.971526 ], [ -6.289538, 36.972008 ], [ -6.289438, 36.973004 ], [ -6.289456, 36.973689 ], [ -6.289416, 36.974104 ], [ -6.289398, 36.974292 ], [ -6.289434, 36.975185 ], [ -6.289475, 36.976215 ], [ -6.289714, 36.977621 ], [ -6.289898, 36.978569 ], [ -6.290116, 36.980462 ], [ -6.290169, 36.981708 ], [ -6.290063, 36.982826 ], [ -6.28981, 36.984263 ], [ -6.28956, 36.985367 ], [ -6.289269, 36.986339 ], [ -6.288952, 36.986977 ], [ -6.28865, 36.987557 ], [ -6.288103, 36.988374 ], [ -6.287045, 36.989471 ], [ -6.285397, 36.990956 ], [ -6.284801, 36.991613 ], [ -6.284495, 36.991972 ], [ -6.284102, 36.992231 ], [ -6.282164, 36.993316 ], [ -6.281325, 36.993729 ], [ -6.28056, 36.994181 ], [ -6.279871, 36.994477 ], [ -6.278427, 36.994888 ], [ -6.277399, 36.99505 ], [ -6.276506, 36.995151 ], [ -6.276174, 36.995169 ], [ -6.276098, 36.995167 ], [ -6.275222, 36.995139 ], [ -6.274446, 36.995073 ], [ -6.273668, 36.994952 ], [ -6.272875, 36.994744 ], [ -6.272563, 36.994679 ], [ -6.272016, 36.994444 ], [ -6.271703, 36.99431 ], [ -6.271178, 36.994001 ], [ -6.270019, 36.993032 ], [ -6.268976, 36.992084 ], [ -6.26851, 36.991795 ], [ -6.267702, 36.991429 ], [ -6.267359, 36.991274 ], [ -6.266241, 36.990945 ], [ -6.265637, 36.990768 ], [ -6.264233, 36.990464 ], [ -6.26373, 36.990381 ], [ -6.262457, 36.990082 ], [ -6.261899, 36.990044 ], [ -6.260925, 36.989974 ], [ -6.260667, 36.989972 ], [ -6.260081, 36.989968 ], [ -6.259013, 36.990026 ], [ -6.258364, 36.990139 ], [ -6.257847, 36.990277 ], [ -6.257388, 36.990375 ], [ -6.256391, 36.990697 ], [ -6.255645, 36.991042 ], [ -6.255314, 36.991245 ], [ -6.254811, 36.991552 ], [ -6.254338, 36.991898 ], [ -6.253393, 36.992735 ], [ -6.252834, 36.993284 ], [ -6.252553, 36.993663 ], [ -6.252286, 36.994101 ], [ -6.251979, 36.994986 ], [ -6.251701, 36.995996 ], [ -6.251671, 36.996415 ], [ -6.251656, 36.996999 ], [ -6.251856, 36.997812 ], [ -6.251907, 36.998182 ], [ -6.252113, 36.998834 ], [ -6.252235, 36.999175 ], [ -6.252582, 36.999785 ], [ -6.252709, 36.999933 ], [ -6.252886, 37.000277 ], [ -6.253603, 37.001192 ], [ -6.254335, 37.002183 ], [ -6.255346, 37.003309 ], [ -6.256455, 37.00449 ], [ -6.257138, 37.005186 ], [ -6.257508, 37.005777 ], [ -6.258339, 37.006984 ], [ -6.258761, 37.007975 ], [ -6.259188, 37.009326 ], [ -6.259412, 37.010532 ], [ -6.259578, 37.011642 ], [ -6.259582, 37.012014 ], [ -6.259531, 37.013189 ], [ -6.259115, 37.014572 ], [ -6.258965, 37.014932 ], [ -6.259057, 37.014959 ], [ -6.260456, 37.015373 ], [ -6.260179, 37.016074 ] ] ], [ [ [ -6.693029, 37.212829 ], [ -6.693083, 37.212422 ], [ -6.693151, 37.212003 ], [ -6.692709, 37.211854 ], [ -6.692479, 37.211771 ], [ -6.691958, 37.211578 ], [ -6.691488, 37.21139 ], [ -6.691119, 37.211233 ], [ -6.690096, 37.210819 ], [ -6.689896, 37.210737 ], [ -6.690655, 37.209394 ], [ -6.689629, 37.208968 ], [ -6.689768, 37.208674 ], [ -6.689862, 37.208434 ], [ -6.690333, 37.207656 ], [ -6.691295, 37.206121 ], [ -6.692749, 37.203842 ], [ -6.692067, 37.198392 ], [ -6.691969, 37.197612 ], [ -6.691644, 37.194885 ], [ -6.691123, 37.189816 ], [ -6.6911, 37.189837 ], [ -6.691163, 37.189653 ], [ -6.68964, 37.190982 ], [ -6.689629, 37.190992 ], [ -6.689084, 37.191463 ], [ -6.688875, 37.191692 ], [ -6.688774, 37.191824 ], [ -6.688109, 37.192387 ], [ -6.687865, 37.192526 ], [ -6.687533, 37.192914 ], [ -6.68739, 37.193056 ], [ -6.68721, 37.193233 ], [ -6.687008, 37.193355 ], [ -6.687008, 37.193356 ], [ -6.686909, 37.193416 ], [ -6.686232, 37.19395 ], [ -6.686143, 37.194057 ], [ -6.685892, 37.194357 ], [ -6.685751, 37.19445 ], [ -6.685716, 37.194479 ], [ -6.685562, 37.194606 ], [ -6.685119, 37.194951 ], [ -6.684764, 37.195283 ], [ -6.684693, 37.19535 ], [ -6.684294, 37.195639 ], [ -6.683679, 37.19611 ], [ -6.683653, 37.19613 ], [ -6.683652, 37.19613 ], [ -6.683651, 37.196131 ], [ -6.683651, 37.196131 ], [ -6.683441, 37.196292 ], [ -6.683049, 37.196608 ], [ -6.682975, 37.196673 ], [ -6.682943, 37.196697 ], [ -6.682918, 37.196716 ], [ -6.682847, 37.196783 ], [ -6.68274, 37.196886 ], [ -6.682283, 37.197308 ], [ -6.681903, 37.197637 ], [ -6.681689, 37.197825 ], [ -6.681531, 37.197964 ], [ -6.681211, 37.198276 ], [ -6.681211, 37.198276 ], [ -6.681116, 37.198369 ], [ -6.680128, 37.19924 ], [ -6.68005, 37.19932 ], [ -6.67996, 37.199414 ], [ -6.679602, 37.199715 ], [ -6.679227, 37.200031 ], [ -6.679006, 37.200225 ], [ -6.678916, 37.200304 ], [ -6.67828, 37.200925 ], [ -6.677982, 37.201221 ], [ -6.677496, 37.201702 ], [ -6.674739, 37.204301 ], [ -6.67325, 37.205678 ], [ -6.671751, 37.207065 ], [ -6.671109, 37.207636 ], [ -6.671109, 37.207636 ], [ -6.671109, 37.207636 ], [ -6.671109, 37.207636 ], [ -6.67068, 37.208017 ], [ -6.670558, 37.208124 ], [ -6.670526, 37.208152 ], [ -6.669642, 37.208925 ], [ -6.667771, 37.21056 ], [ -6.666022, 37.212062 ], [ -6.665982, 37.212097 ], [ -6.665683, 37.212354 ], [ -6.664431, 37.213429 ], [ -6.662814, 37.214838 ], [ -6.662817, 37.214846 ], [ -6.662694, 37.214954 ], [ -6.662496, 37.215101 ], [ -6.662497, 37.215103 ], [ -6.662501, 37.215109 ], [ -6.662507, 37.215115 ], [ -6.662254, 37.215332 ], [ -6.662241, 37.215324 ], [ -6.660096, 37.217093 ], [ -6.657768, 37.219115 ], [ -6.657763, 37.219119 ], [ -6.657753, 37.219129 ], [ -6.65774, 37.219139 ], [ -6.657535, 37.219318 ], [ -6.657077, 37.219716 ], [ -6.65574, 37.220822 ], [ -6.655738, 37.220823 ], [ -6.655737, 37.220824 ], [ -6.655412, 37.221094 ], [ -6.655275, 37.221206 ], [ -6.653602, 37.222593 ], [ -6.653597, 37.222598 ], [ -6.653005, 37.223089 ], [ -6.652844, 37.223222 ], [ -6.652373, 37.22381 ], [ -6.652366, 37.223819 ], [ -6.650142, 37.226596 ], [ -6.649764, 37.227068 ], [ -6.649414, 37.225873 ], [ -6.64906, 37.224693 ], [ -6.648735, 37.223586 ], [ -6.648539, 37.222909 ], [ -6.648144, 37.221593 ], [ -6.647831, 37.220548 ], [ -6.647784, 37.22039 ], [ -6.647764, 37.220321 ], [ -6.646684, 37.220521 ], [ -6.646039, 37.220646 ], [ -6.644571, 37.220928 ], [ -6.642924, 37.221247 ], [ -6.642234, 37.221383 ], [ -6.642111, 37.221407 ], [ -6.64233, 37.219301 ], [ -6.642494, 37.217762 ], [ -6.642517, 37.217543 ], [ -6.642716, 37.215672 ], [ -6.640408, 37.215549 ], [ -6.640054, 37.215531 ], [ -6.638012, 37.215425 ], [ -6.638181, 37.213845 ], [ -6.635709, 37.213694 ], [ -6.633702, 37.213577 ], [ -6.631592, 37.213453 ], [ -6.628471, 37.213256 ], [ -6.628434, 37.213255 ], [ -6.628144, 37.213239 ], [ -6.6273, 37.213193 ], [ -6.624063, 37.213019 ], [ -6.623188, 37.212943 ], [ -6.622815, 37.212925 ], [ -6.621785, 37.212877 ], [ -6.619649, 37.21276 ], [ -6.619134, 37.212733 ], [ -6.619192, 37.211668 ], [ -6.619195, 37.211626 ], [ -6.61934, 37.20895 ], [ -6.619581, 37.208003 ], [ -6.619593, 37.207872 ], [ -6.619595, 37.207852 ], [ -6.619728, 37.206463 ], [ -6.619791, 37.20585 ], [ -6.619864, 37.205134 ], [ -6.619992, 37.203899 ], [ -6.619795, 37.203785 ], [ -6.619786, 37.203779 ], [ -6.618906, 37.203547 ], [ -6.618066, 37.20333 ], [ -6.61772, 37.203276 ], [ -6.617622, 37.203232 ], [ -6.617397, 37.203131 ], [ -6.61708, 37.202989 ], [ -6.616616, 37.202963 ], [ -6.616329, 37.202947 ], [ -6.616163, 37.202856 ], [ -6.615686, 37.202595 ], [ -6.614696, 37.202188 ], [ -6.613808, 37.201859 ], [ -6.612802, 37.201486 ], [ -6.611797, 37.201028 ], [ -6.611004, 37.200667 ], [ -6.610546, 37.20039 ], [ -6.610318, 37.200284 ], [ -6.60989, 37.2002 ], [ -6.609294, 37.199992 ], [ -6.608763, 37.199894 ], [ -6.607176, 37.199264 ], [ -6.605218, 37.198466 ], [ -6.604098, 37.198132 ], [ -6.603987, 37.198099 ], [ -6.603797, 37.197989 ], [ -6.603322, 37.197715 ], [ -6.603001, 37.19764 ], [ -6.602892, 37.197614 ], [ -6.602688, 37.197521 ], [ -6.601752, 37.197092 ], [ -6.601324, 37.196979 ], [ -6.601164, 37.196937 ], [ -6.600657, 37.19679 ], [ -6.600465, 37.196731 ], [ -6.5999, 37.196646 ], [ -6.599674, 37.196588 ], [ -6.599546, 37.19644 ], [ -6.599493, 37.196379 ], [ -6.599431, 37.196308 ], [ -6.598497, 37.196013 ], [ -6.598183, 37.195914 ], [ -6.59765, 37.195698 ], [ -6.597253, 37.195537 ], [ -6.596254, 37.19514 ], [ -6.595549, 37.194907 ], [ -6.594861, 37.19468 ], [ -6.594205, 37.194437 ], [ -6.593795, 37.194285 ], [ -6.593749, 37.194284 ], [ -6.59347, 37.194279 ], [ -6.59332, 37.194246 ], [ -6.593034, 37.194045 ], [ -6.592929, 37.193971 ], [ -6.591768, 37.193568 ], [ -6.590801, 37.193138 ], [ -6.590379, 37.193065 ], [ -6.590278, 37.193024 ], [ -6.590041, 37.192929 ], [ -6.589703, 37.192923 ], [ -6.589211, 37.192511 ], [ -6.589019, 37.192413 ], [ -6.588837, 37.19232 ], [ -6.588677, 37.192232 ], [ -6.588429, 37.192116 ], [ -6.588248, 37.192045 ], [ -6.58816, 37.19201 ], [ -6.588151, 37.191999 ], [ -6.588002, 37.191815 ], [ -6.587024, 37.191423 ], [ -6.586687, 37.191287 ], [ -6.586109, 37.19107 ], [ -6.585188, 37.19073 ], [ -6.584472, 37.19046 ], [ -6.58423, 37.190413 ], [ -6.584159, 37.190399 ], [ -6.583767, 37.19027 ], [ -6.583102, 37.190069 ], [ -6.582552, 37.189864 ], [ -6.582255, 37.189618 ], [ -6.582243, 37.189609 ], [ -6.581958, 37.189444 ], [ -6.580766, 37.188951 ], [ -6.579014, 37.188187 ], [ -6.577811, 37.187748 ], [ -6.57737, 37.187567 ], [ -6.576931, 37.18742 ], [ -6.576732, 37.187354 ], [ -6.576506, 37.187245 ], [ -6.576332, 37.187161 ], [ -6.576218, 37.187126 ], [ -6.575798, 37.186998 ], [ -6.575606, 37.186941 ], [ -6.575231, 37.186809 ], [ -6.574787, 37.186653 ], [ -6.574256, 37.186311 ], [ -6.574176, 37.18626 ], [ -6.573978, 37.186078 ], [ -6.573294, 37.185803 ], [ -6.57244, 37.185471 ], [ -6.571769, 37.185232 ], [ -6.571449, 37.18509 ], [ -6.571107, 37.185017 ], [ -6.571043, 37.185004 ], [ -6.570769, 37.184887 ], [ -6.570382, 37.184729 ], [ -6.569194, 37.184268 ], [ -6.568383, 37.183962 ], [ -6.567823, 37.183758 ], [ -6.567595, 37.183622 ], [ -6.567227, 37.1834 ], [ -6.567221, 37.18341 ], [ -6.567373, 37.182988 ], [ -6.567618, 37.182451 ], [ -6.567746, 37.182025 ], [ -6.567866, 37.181406 ], [ -6.567943, 37.181046 ], [ -6.567933, 37.180825 ], [ -6.567933, 37.18082 ], [ -6.56791, 37.180615 ], [ -6.567904, 37.180507 ], [ -6.568106, 37.180281 ], [ -6.568302, 37.180063 ], [ -6.568594, 37.179654 ], [ -6.56883, 37.179203 ], [ -6.569244, 37.17825 ], [ -6.569243, 37.178215 ], [ -6.569213, 37.178197 ], [ -6.569187, 37.17818 ], [ -6.569316, 37.177924 ], [ -6.569419, 37.177717 ], [ -6.569654, 37.177321 ], [ -6.569804, 37.177067 ], [ -6.569878, 37.176968 ], [ -6.570035, 37.17676 ], [ -6.570346, 37.176475 ], [ -6.570482, 37.176333 ], [ -6.570605, 37.176138 ], [ -6.570697, 37.175987 ], [ -6.570736, 37.175897 ], [ -6.570747, 37.175869 ], [ -6.57075, 37.175806 ], [ -6.570904, 37.175743 ], [ -6.57122, 37.175506 ], [ -6.571406, 37.175342 ], [ -6.571406, 37.175342 ], [ -6.571453, 37.175263 ], [ -6.571548, 37.175067 ], [ -6.571699, 37.174878 ], [ -6.571763, 37.174727 ], [ -6.57187, 37.174517 ], [ -6.572024, 37.174249 ], [ -6.572197, 37.174017 ], [ -6.572477, 37.173676 ], [ -6.57269, 37.173392 ], [ -6.572941, 37.172887 ], [ -6.572968, 37.172825 ], [ -6.573047, 37.172635 ], [ -6.573086, 37.17256 ], [ -6.573105, 37.172525 ], [ -6.573232, 37.172355 ], [ -6.573348, 37.172127 ], [ -6.573542, 37.171836 ], [ -6.573697, 37.171578 ], [ -6.573906, 37.171311 ], [ -6.575071, 37.169701 ], [ -6.57524, 37.169367 ], [ -6.575521, 37.169003 ], [ -6.5765, 37.167546 ], [ -6.577014, 37.166967 ], [ -6.577349, 37.166413 ], [ -6.577769, 37.165742 ], [ -6.578495, 37.16468 ], [ -6.578492, 37.164666 ], [ -6.578457, 37.164507 ], [ -6.578513, 37.164517 ], [ -6.578857, 37.164569 ], [ -6.57956, 37.164656 ], [ -6.579991, 37.164695 ], [ -6.580117, 37.164711 ], [ -6.580208, 37.164724 ], [ -6.580292, 37.164747 ], [ -6.580661, 37.164839 ], [ -6.581336, 37.164972 ], [ -6.58163, 37.165015 ], [ -6.581895, 37.165056 ], [ -6.582193, 37.165099 ], [ -6.582603, 37.165147 ], [ -6.582966, 37.165188 ], [ -6.583515, 37.165232 ], [ -6.583975, 37.16525 ], [ -6.584365, 37.165263 ], [ -6.584875, 37.165257 ], [ -6.585257, 37.165267 ], [ -6.585316, 37.165268 ], [ -6.585761, 37.165284 ], [ -6.586003, 37.165382 ], [ -6.586053, 37.16541 ], [ -6.586269, 37.165523 ], [ -6.586329, 37.165555 ], [ -6.586613, 37.165699 ], [ -6.587846, 37.166169 ], [ -6.587908, 37.166185 ], [ -6.588009, 37.16622 ], [ -6.588479, 37.166366 ], [ -6.588809, 37.166455 ], [ -6.58956, 37.166599 ], [ -6.589734, 37.166641 ], [ -6.590488, 37.166773 ], [ -6.590844, 37.166817 ], [ -6.591219, 37.166866 ], [ -6.591865, 37.166923 ], [ -6.592181, 37.166936 ], [ -6.592504, 37.166942 ], [ -6.59269, 37.166941 ], [ -6.592934, 37.166945 ], [ -6.593046, 37.166946 ], [ -6.593324, 37.166946 ], [ -6.593397, 37.166946 ], [ -6.593703, 37.166944 ], [ -6.594064, 37.166933 ], [ -6.594293, 37.166919 ], [ -6.594351, 37.166913 ], [ -6.594719, 37.166942 ], [ -6.594783, 37.166945 ], [ -6.595051, 37.166962 ], [ -6.595255, 37.166972 ], [ -6.595303, 37.166974 ], [ -6.595662, 37.166984 ], [ -6.595966, 37.166995 ], [ -6.596323, 37.167049 ], [ -6.596381, 37.167056 ], [ -6.596738, 37.167106 ], [ -6.597194, 37.167133 ], [ -6.597249, 37.167136 ], [ -6.597308, 37.167143 ], [ -6.597922, 37.167219 ], [ -6.598097, 37.167232 ], [ -6.598322, 37.167256 ], [ -6.598424, 37.167267 ], [ -6.598496, 37.167278 ], [ -6.598918, 37.167328 ], [ -6.598967, 37.167338 ], [ -6.599243, 37.167395 ], [ -6.599339, 37.167415 ], [ -6.59955, 37.167455 ], [ -6.599878, 37.167522 ], [ -6.600332, 37.167594 ], [ -6.600605, 37.1677 ], [ -6.601192, 37.167928 ], [ -6.601344, 37.167971 ], [ -6.601589, 37.168035 ], [ -6.601774, 37.168086 ], [ -6.602244, 37.168225 ], [ -6.6032, 37.168401 ], [ -6.603733, 37.168421 ], [ -6.604318, 37.168466 ], [ -6.604464, 37.168477 ], [ -6.604597, 37.168489 ], [ -6.605058, 37.168513 ], [ -6.60515, 37.168517 ], [ -6.605668, 37.168672 ], [ -6.605969, 37.168753 ], [ -6.606041, 37.168771 ], [ -6.606997, 37.168947 ], [ -6.607393, 37.168962 ], [ -6.607538, 37.168992 ], [ -6.607778, 37.169034 ], [ -6.607843, 37.169045 ], [ -6.608505, 37.169104 ], [ -6.608663, 37.16912 ], [ -6.608718, 37.169125 ], [ -6.609171, 37.169136 ], [ -6.609361, 37.16915 ], [ -6.609459, 37.169158 ], [ -6.6097, 37.169158 ], [ -6.609885, 37.16917 ], [ -6.609982, 37.169176 ], [ -6.61025, 37.16919 ], [ -6.610394, 37.169197 ], [ -6.610615, 37.169204 ], [ -6.610807, 37.169212 ], [ -6.611308, 37.169215 ], [ -6.611528, 37.169208 ], [ -6.611985, 37.169178 ], [ -6.612137, 37.169164 ], [ -6.612616, 37.169121 ], [ -6.612733, 37.169236 ], [ -6.61288, 37.169475 ], [ -6.612932, 37.169577 ], [ -6.613432, 37.170251 ], [ -6.613437, 37.170258 ], [ -6.613767, 37.170703 ], [ -6.613918, 37.170851 ], [ -6.614075, 37.171004 ], [ -6.614208, 37.171128 ], [ -6.614348, 37.171255 ], [ -6.614742, 37.171576 ], [ -6.61492, 37.171708 ], [ -6.615307, 37.171969 ], [ -6.615474, 37.172072 ], [ -6.616256, 37.172462 ], [ -6.616361, 37.172511 ], [ -6.616501, 37.172576 ], [ -6.617796, 37.173019 ], [ -6.618067, 37.17308 ], [ -6.618534, 37.17317 ], [ -6.618862, 37.17322 ], [ -6.61993, 37.173303 ], [ -6.62015, 37.173303 ], [ -6.620312, 37.1733 ], [ -6.620344, 37.173299 ], [ -6.620118, 37.167979 ], [ -6.620118, 37.167962 ], [ -6.61987, 37.16212 ], [ -6.619742, 37.162027 ], [ -6.619307, 37.161743 ], [ -6.618775, 37.16143 ], [ -6.618457, 37.161257 ], [ -6.618085, 37.161068 ], [ -6.617772, 37.160909 ], [ -6.616825, 37.16056 ], [ -6.616809, 37.160554 ], [ -6.616412, 37.160408 ], [ -6.616054, 37.160319 ], [ -6.615489, 37.160206 ], [ -6.61519, 37.160159 ], [ -6.614274, 37.160076 ], [ -6.613824, 37.160065 ], [ -6.613568, 37.160064 ], [ -6.613273, 37.160066 ], [ -6.612931, 37.160063 ], [ -6.612162, 37.1601 ], [ -6.611791, 37.160139 ], [ -6.611429, 37.160168 ], [ -6.611376, 37.160174 ], [ -6.611005, 37.160206 ], [ -6.610926, 37.160203 ], [ -6.610778, 37.160197 ], [ -6.610596, 37.160184 ], [ -6.610387, 37.160186 ], [ -6.610274, 37.160178 ], [ -6.609988, 37.160178 ], [ -6.609862, 37.160166 ], [ -6.609651, 37.16015 ], [ -6.609599, 37.160143 ], [ -6.609207, 37.160096 ], [ -6.609141, 37.160071 ], [ -6.608381, 37.159846 ], [ -6.608148, 37.159793 ], [ -6.607088, 37.159633 ], [ -6.606975, 37.15962 ], [ -6.60689, 37.15961 ], [ -6.606453, 37.159569 ], [ -6.606196, 37.159555 ], [ -6.605967, 37.159537 ], [ -6.605531, 37.159514 ], [ -6.605474, 37.159511 ], [ -6.60519, 37.159504 ], [ -6.604528, 37.159211 ], [ -6.60441, 37.159174 ], [ -6.604282, 37.159129 ], [ -6.603151, 37.158848 ], [ -6.602948, 37.158816 ], [ -6.602788, 37.158794 ], [ -6.602461, 37.15875 ], [ -6.602346, 37.158735 ], [ -6.602281, 37.158721 ], [ -6.602221, 37.15871 ], [ -6.602028, 37.158673 ], [ -6.601669, 37.158598 ], [ -6.601409, 37.15855 ], [ -6.601023, 37.158485 ], [ -6.600607, 37.158434 ], [ -6.600488, 37.158413 ], [ -6.599967, 37.158346 ], [ -6.59979, 37.158329 ], [ -6.599469, 37.158293 ], [ -6.599158, 37.158267 ], [ -6.598867, 37.158228 ], [ -6.59839, 37.158198 ], [ -6.598236, 37.158175 ], [ -6.597921, 37.158144 ], [ -6.59713, 37.158033 ], [ -6.596775, 37.158012 ], [ -6.596614, 37.158006 ], [ -6.596086, 37.157986 ], [ -6.595829, 37.15798 ], [ -6.595552, 37.157962 ], [ -6.59548, 37.157959 ], [ -6.595221, 37.157927 ], [ -6.593549, 37.157924 ], [ -6.593372, 37.157945 ], [ -6.593317, 37.157944 ], [ -6.593132, 37.157943 ], [ -6.592863, 37.15794 ], [ -6.592659, 37.157932 ], [ -6.592562, 37.15792 ], [ -6.592505, 37.157908 ], [ -6.592201, 37.157854 ], [ -6.591959, 37.157715 ], [ -6.591792, 37.157628 ], [ -6.590861, 37.157271 ], [ -6.590652, 37.157192 ], [ -6.590436, 37.157106 ], [ -6.590363, 37.157072 ], [ -6.590149, 37.156986 ], [ -6.589757, 37.156846 ], [ -6.589732, 37.156837 ], [ -6.589469, 37.156752 ], [ -6.58866, 37.156547 ], [ -6.588351, 37.156489 ], [ -6.587907, 37.156419 ], [ -6.587551, 37.156376 ], [ -6.587367, 37.156356 ], [ -6.586935, 37.156315 ], [ -6.586064, 37.156288 ], [ -6.585643, 37.156267 ], [ -6.585492, 37.156267 ], [ -6.585292, 37.156255 ], [ -6.584521, 37.156258 ], [ -6.584328, 37.15625 ], [ -6.584236, 37.15624 ], [ -6.583965, 37.156207 ], [ -6.583794, 37.156181 ], [ -6.583689, 37.156164 ], [ -6.583272, 37.156057 ], [ -6.582516, 37.155909 ], [ -6.582075, 37.155848 ], [ -6.581682, 37.155792 ], [ -6.581109, 37.155733 ], [ -6.581055, 37.15573 ], [ -6.580747, 37.155692 ], [ -6.580436, 37.155638 ], [ -6.580185, 37.155599 ], [ -6.579747, 37.155537 ], [ -6.579334, 37.155473 ], [ -6.579076, 37.155274 ], [ -6.578938, 37.155177 ], [ -6.578825, 37.15509 ], [ -6.578673, 37.154975 ], [ -6.578607, 37.154928 ], [ -6.578522, 37.154854 ], [ -6.578323, 37.154677 ], [ -6.578285, 37.154645 ], [ -6.578168, 37.154545 ], [ -6.577961, 37.154328 ], [ -6.577837, 37.154203 ], [ -6.577606, 37.15398 ], [ -6.577449, 37.153834 ], [ -6.577139, 37.15356 ], [ -6.576958, 37.153408 ], [ -6.576634, 37.153147 ], [ -6.57632, 37.152891 ], [ -6.57612, 37.152726 ], [ -6.575472, 37.152261 ], [ -6.575018, 37.151984 ], [ -6.574048, 37.151507 ], [ -6.573659, 37.151356 ], [ -6.573036, 37.151152 ], [ -6.572658, 37.151049 ], [ -6.572178, 37.150937 ], [ -6.57184, 37.150871 ], [ -6.571091, 37.150765 ], [ -6.570725, 37.150735 ], [ -6.570358, 37.150695 ], [ -6.570294, 37.150688 ], [ -6.569948, 37.150653 ], [ -6.568967, 37.150624 ], [ -6.568528, 37.150642 ], [ -6.568289, 37.150656 ], [ -6.567783, 37.150693 ], [ -6.566897, 37.150828 ], [ -6.566836, 37.150803 ], [ -6.56672, 37.150757 ], [ -6.566541, 37.150688 ], [ -6.566462, 37.150652 ], [ -6.566093, 37.150479 ], [ -6.565744, 37.150309 ], [ -6.565176, 37.150071 ], [ -6.564903, 37.149972 ], [ -6.564522, 37.149832 ], [ -6.564437, 37.149803 ], [ -6.564184, 37.149662 ], [ -6.564118, 37.14963 ], [ -6.563876, 37.149455 ], [ -6.563663, 37.149295 ], [ -6.56333, 37.149062 ], [ -6.563093, 37.148909 ], [ -6.562871, 37.148774 ], [ -6.562748, 37.14869 ], [ -6.562702, 37.148648 ], [ -6.562518, 37.148491 ], [ -6.562391, 37.148374 ], [ -6.562373, 37.148359 ], [ -6.562352, 37.148344 ], [ -6.561671, 37.147814 ], [ -6.561356, 37.14761 ], [ -6.561106, 37.147457 ], [ -6.560712, 37.14723 ], [ -6.560415, 37.14707 ], [ -6.560042, 37.146883 ], [ -6.559618, 37.146673 ], [ -6.559188, 37.146479 ], [ -6.558857, 37.146345 ], [ -6.558732, 37.146297 ], [ -6.55843, 37.146182 ], [ -6.558127, 37.146074 ], [ -6.557758, 37.145954 ], [ -6.557624, 37.145913 ], [ -6.557509, 37.145878 ], [ -6.557161, 37.145704 ], [ -6.556931, 37.145594 ], [ -6.55655, 37.145421 ], [ -6.556461, 37.145381 ], [ -6.555962, 37.145164 ], [ -6.55558, 37.144993 ], [ -6.55539, 37.144911 ], [ -6.555079, 37.144785 ], [ -6.55482, 37.144671 ], [ -6.554679, 37.144605 ], [ -6.554351, 37.144426 ], [ -6.554037, 37.144266 ], [ -6.553489, 37.144008 ], [ -6.553396, 37.143966 ], [ -6.552984, 37.14378 ], [ -6.552605, 37.143584 ], [ -6.552381, 37.143474 ], [ -6.552092, 37.143341 ], [ -6.551618, 37.143066 ], [ -6.551411, 37.142953 ], [ -6.551119, 37.1428 ], [ -6.550978, 37.142712 ], [ -6.550936, 37.142684 ], [ -6.550868, 37.142627 ], [ -6.550772, 37.142551 ], [ -6.55036, 37.142185 ], [ -6.550132, 37.142016 ], [ -6.549765, 37.141766 ], [ -6.54934, 37.141547 ], [ -6.54865, 37.141034 ], [ -6.548446, 37.140909 ], [ -6.548328, 37.140816 ], [ -6.547503, 37.140284 ], [ -6.547091, 37.140067 ], [ -6.546356, 37.13974 ], [ -6.545952, 37.139592 ], [ -6.545655, 37.139475 ], [ -6.545176, 37.139307 ], [ -6.544912, 37.139224 ], [ -6.544665, 37.139142 ], [ -6.544331, 37.139037 ], [ -6.544202, 37.139 ], [ -6.543927, 37.138918 ], [ -6.543395, 37.138783 ], [ -6.543019, 37.138704 ], [ -6.542777, 37.13866 ], [ -6.542493, 37.13861 ], [ -6.542255, 37.138558 ], [ -6.541252, 37.138419 ], [ -6.540849, 37.138393 ], [ -6.540235, 37.138382 ], [ -6.540076, 37.138308 ], [ -6.539715, 37.138155 ], [ -6.539109, 37.137934 ], [ -6.538818, 37.137844 ], [ -6.538725, 37.137819 ], [ -6.538469, 37.13771 ], [ -6.538242, 37.13762 ], [ -6.537836, 37.137465 ], [ -6.537342, 37.137273 ], [ -6.536922, 37.13711 ], [ -6.536637, 37.136987 ], [ -6.536379, 37.136883 ], [ -6.535912, 37.136705 ], [ -6.535501, 37.136566 ], [ -6.535004, 37.136415 ], [ -6.534621, 37.136275 ], [ -6.534167, 37.136111 ], [ -6.533523, 37.135911 ], [ -6.533384, 37.135877 ], [ -6.533151, 37.135792 ], [ -6.533025, 37.135748 ], [ -6.532736, 37.135651 ], [ -6.532357, 37.135518 ], [ -6.531974, 37.135379 ], [ -6.531196, 37.13515 ], [ -6.530904, 37.135082 ], [ -6.530713, 37.135024 ], [ -6.530391, 37.134926 ], [ -6.530217, 37.134864 ], [ -6.529874, 37.134739 ], [ -6.529269, 37.134549 ], [ -6.529064, 37.134495 ], [ -6.528971, 37.134419 ], [ -6.528873, 37.134327 ], [ -6.528608, 37.134134 ], [ -6.528243, 37.13381 ], [ -6.528166, 37.133724 ], [ -6.527518, 37.133135 ], [ -6.527406, 37.133082 ], [ -6.527137, 37.132798 ], [ -6.527015, 37.132707 ], [ -6.526419, 37.132265 ], [ -6.525996, 37.132045 ], [ -6.525603, 37.13183 ], [ -6.525383, 37.13171 ], [ -6.525255, 37.131636 ], [ -6.525177, 37.131592 ], [ -6.524635, 37.13128 ], [ -6.524107, 37.13098 ], [ -6.52261, 37.130374 ], [ -6.522286, 37.130286 ], [ -6.522025, 37.130191 ], [ -6.521318, 37.129977 ], [ -6.520428, 37.129761 ], [ -6.519383, 37.129589 ], [ -6.518577, 37.129521 ], [ -6.51822, 37.1295 ], [ -6.517888, 37.129489 ], [ -6.517847, 37.129488 ], [ -6.517357, 37.129453 ], [ -6.516042, 37.129485 ], [ -6.515014, 37.129608 ], [ -6.514759, 37.129645 ], [ -6.51415, 37.12974 ], [ -6.513941, 37.129766 ], [ -6.513771, 37.129771 ], [ -6.513246, 37.129814 ], [ -6.51313, 37.129795 ], [ -6.513079, 37.129772 ], [ -6.512809, 37.129656 ], [ -6.512127, 37.129381 ], [ -6.512028, 37.129341 ], [ -6.511857, 37.129285 ], [ -6.511796, 37.129265 ], [ -6.511444, 37.129097 ], [ -6.511169, 37.128788 ], [ -6.511065, 37.128685 ], [ -6.51006, 37.127787 ], [ -6.509566, 37.12745 ], [ -6.509136, 37.127186 ], [ -6.508983, 37.1271 ], [ -6.508682, 37.126906 ], [ -6.507932, 37.126496 ], [ -6.507365, 37.126238 ], [ -6.506663, 37.125968 ], [ -6.506304, 37.125855 ], [ -6.506194, 37.125793 ], [ -6.504981, 37.125275 ], [ -6.504217, 37.125041 ], [ -6.503277, 37.124604 ], [ -6.502752, 37.124388 ], [ -6.502351, 37.124244 ], [ -6.502188, 37.124186 ], [ -6.501626, 37.123867 ], [ -6.501079, 37.123624 ], [ -6.500953, 37.12356 ], [ -6.500777, 37.123435 ], [ -6.50036, 37.123164 ], [ -6.499877, 37.122878 ], [ -6.499751, 37.122814 ], [ -6.499694, 37.122785 ], [ -6.499634, 37.122755 ], [ -6.49957, 37.122721 ], [ -6.499498, 37.122684 ], [ -6.499413, 37.12264 ], [ -6.499348, 37.122608 ], [ -6.499283, 37.122574 ], [ -6.499216, 37.12254 ], [ -6.499109, 37.122514 ], [ -6.498932, 37.122469 ], [ -6.498798, 37.122437 ], [ -6.498674, 37.122407 ], [ -6.498552, 37.122377 ], [ -6.498425, 37.122345 ], [ -6.498317, 37.122318 ], [ -6.498213, 37.122294 ], [ -6.498113, 37.12227 ], [ -6.497984, 37.122238 ], [ -6.497805, 37.122194 ], [ -6.49771, 37.12217 ], [ -6.497627, 37.12215 ], [ -6.497525, 37.122126 ], [ -6.49745, 37.122108 ], [ -6.49735, 37.122081 ], [ -6.497242, 37.122055 ], [ -6.497131, 37.122029 ], [ -6.497051, 37.122009 ], [ -6.496757, 37.121903 ], [ -6.496785, 37.121867 ], [ -6.498909, 37.119166 ], [ -6.498935, 37.119129 ], [ -6.499587, 37.118229 ], [ -6.500985, 37.116334 ], [ -6.501678, 37.115397 ], [ -6.502615, 37.114154 ], [ -6.502888, 37.114207 ], [ -6.505055, 37.114943 ], [ -6.50888, 37.116301 ], [ -6.513881, 37.118029 ], [ -6.516469, 37.11893 ], [ -6.517598, 37.119322 ], [ -6.520819, 37.120441 ], [ -6.52512, 37.121943 ], [ -6.526021, 37.122191 ], [ -6.528013, 37.122905 ], [ -6.531787, 37.124197 ], [ -6.532526, 37.124385 ], [ -6.537662, 37.125426 ], [ -6.538165, 37.124094 ], [ -6.538413, 37.12411 ], [ -6.540972, 37.124652 ], [ -6.544136, 37.125362 ], [ -6.548034, 37.126201 ], [ -6.553123, 37.127284 ], [ -6.555645, 37.119913 ], [ -6.555596, 37.119928 ], [ -6.555515, 37.119867 ], [ -6.555671, 37.1199 ], [ -6.56201, 37.10235 ], [ -6.564112, 37.095418 ], [ -6.564087, 37.094875 ], [ -6.564764, 37.093485 ], [ -6.566089, 37.089619 ], [ -6.562637, 37.086422 ], [ -6.562355, 37.08616 ], [ -6.561629, 37.085488 ], [ -6.559792, 37.083787 ], [ -6.558162, 37.082277 ], [ -6.5561, 37.080418 ], [ -6.554046, 37.078567 ], [ -6.552388, 37.077193 ], [ -6.544419, 37.070587 ], [ -6.54432, 37.070718 ], [ -6.540921, 37.075899 ], [ -6.538229, 37.074673 ], [ -6.536041, 37.073678 ], [ -6.531189, 37.071459 ], [ -6.531026, 37.071383 ], [ -6.531087, 37.0713 ], [ -6.531127, 37.071238 ], [ -6.531576, 37.070606 ], [ -6.532422, 37.069357 ], [ -6.534065, 37.066937 ], [ -6.535011, 37.065543 ], [ -6.537079, 37.062504 ], [ -6.537898, 37.061405 ], [ -6.538477, 37.060591 ], [ -6.539396, 37.059252 ], [ -6.539508, 37.0591 ], [ -6.540377, 37.057797 ], [ -6.541554, 37.05607 ], [ -6.542278, 37.055024 ], [ -6.542915, 37.054003 ], [ -6.543511, 37.053079 ], [ -6.543998, 37.052362 ], [ -6.544131, 37.052173 ], [ -6.544245, 37.052062 ], [ -6.544343, 37.051939 ], [ -6.544399, 37.051872 ], [ -6.544637, 37.05155 ], [ -6.544783, 37.051332 ], [ -6.545996, 37.04959 ], [ -6.547576, 37.047273 ], [ -6.548502, 37.045927 ], [ -6.550234, 37.043366 ], [ -6.550542, 37.042803 ], [ -6.552926, 37.0394 ], [ -6.553904, 37.037893 ], [ -6.554287, 37.037179 ], [ -6.554517, 37.036535 ], [ -6.554665, 37.036048 ], [ -6.554905, 37.035456 ], [ -6.555561, 37.033744 ], [ -6.55638, 37.031537 ], [ -6.557183, 37.029322 ], [ -6.557771, 37.027736 ], [ -6.558485, 37.025836 ], [ -6.559228, 37.023753 ], [ -6.560198, 37.021132 ], [ -6.560689, 37.019882 ], [ -6.561051, 37.019669 ], [ -6.561199, 37.019345 ], [ -6.560953, 37.019167 ], [ -6.561599, 37.017396 ], [ -6.561835, 37.016726 ], [ -6.562014, 37.01641 ], [ -6.562281, 37.016215 ], [ -6.562522, 37.016057 ], [ -6.56302, 37.015887 ], [ -6.563816, 37.015754 ], [ -6.564654, 37.015873 ], [ -6.565689, 37.01639 ], [ -6.56935, 37.018699 ], [ -6.569831, 37.01915 ], [ -6.571132, 37.020899 ], [ -6.571516, 37.021316 ], [ -6.572138, 37.021838 ], [ -6.572462, 37.021353 ], [ -6.572748, 37.021105 ], [ -6.573063, 37.020733 ], [ -6.573986, 37.020115 ], [ -6.574446, 37.019795 ], [ -6.574661, 37.01955 ], [ -6.574965, 37.018941 ], [ -6.575836, 37.01798 ], [ -6.576677, 37.016897 ], [ -6.577022, 37.016391 ], [ -6.577152, 37.016119 ], [ -6.577558, 37.015649 ], [ -6.578009, 37.01512 ], [ -6.578582, 37.014427 ], [ -6.579497, 37.013347 ], [ -6.580408, 37.013845 ], [ -6.583909, 37.015849 ], [ -6.585247, 37.016861 ], [ -6.58718, 37.017987 ], [ -6.589432, 37.019194 ], [ -6.59144, 37.020421 ], [ -6.595042, 37.022526 ], [ -6.597625, 37.023979 ], [ -6.598376, 37.024639 ], [ -6.600492, 37.025906 ], [ -6.604486, 37.027591 ], [ -6.60565, 37.02813 ], [ -6.608215, 37.02918 ], [ -6.610875, 37.030484 ], [ -6.611801, 37.031082 ], [ -6.613672, 37.032156 ], [ -6.617479, 37.034037 ], [ -6.619298, 37.034757 ], [ -6.622865, 37.036531 ], [ -6.625636, 37.038065 ], [ -6.629095, 37.040016 ], [ -6.631749, 37.041493 ], [ -6.635386, 37.043321 ], [ -6.638109, 37.044877 ], [ -6.641409, 37.04637 ], [ -6.643851, 37.04739 ], [ -6.646691, 37.048733 ], [ -6.647997, 37.04953 ], [ -6.649172, 37.050274 ], [ -6.651539, 37.051647 ], [ -6.653744, 37.052649 ], [ -6.655637, 37.053583 ], [ -6.657523, 37.054757 ], [ -6.660261, 37.056375 ], [ -6.66506, 37.058858 ], [ -6.670062, 37.06139 ], [ -6.675277, 37.063677 ], [ -6.680272, 37.065972 ], [ -6.683068, 37.067252 ], [ -6.687022, 37.069323 ], [ -6.691049, 37.071441 ], [ -6.691512, 37.071681 ], [ -6.692615, 37.072237 ], [ -6.693819, 37.072997 ], [ -6.695503, 37.073868 ], [ -6.696436, 37.074212 ], [ -6.69672, 37.074431 ], [ -6.697474, 37.074752 ], [ -6.69822, 37.075175 ], [ -6.698633, 37.075353 ], [ -6.700247, 37.075999 ], [ -6.700482, 37.076174 ], [ -6.700599, 37.076141 ], [ -6.70116, 37.076418 ], [ -6.701735, 37.076734 ], [ -6.70185, 37.076904 ], [ -6.70251, 37.07714 ], [ -6.703134, 37.077483 ], [ -6.705604, 37.078854 ], [ -6.706288, 37.079215 ], [ -6.707012, 37.079659 ], [ -6.707328, 37.079791 ], [ -6.707538, 37.079947 ], [ -6.708014, 37.080209 ], [ -6.708221, 37.080299 ], [ -6.708269, 37.080545 ], [ -6.708374, 37.080504 ], [ -6.708508, 37.080491 ], [ -6.708845, 37.08064 ], [ -6.709333, 37.080884 ], [ -6.709652, 37.081092 ], [ -6.710379, 37.08147 ], [ -6.71122, 37.081883 ], [ -6.71272, 37.082618 ], [ -6.71431, 37.083255 ], [ -6.714887, 37.083511 ], [ -6.71523, 37.08371 ], [ -6.715523, 37.083845 ], [ -6.71657, 37.084346 ], [ -6.717794, 37.085022 ], [ -6.719113, 37.085714 ], [ -6.72118, 37.086622 ], [ -6.722749, 37.087307 ], [ -6.724548, 37.088195 ], [ -6.725381, 37.088675 ], [ -6.725673, 37.088808 ], [ -6.726413, 37.089091 ], [ -6.726817, 37.089335 ], [ -6.727346, 37.089672 ], [ -6.727917, 37.089911 ], [ -6.729033, 37.090342 ], [ -6.729525, 37.090542 ], [ -6.72972, 37.090534 ], [ -6.730049, 37.090726 ], [ -6.73065, 37.091023 ], [ -6.731605, 37.091581 ], [ -6.732575, 37.092138 ], [ -6.733426, 37.092566 ], [ -6.734589, 37.093081 ], [ -6.735487, 37.093479 ], [ -6.736451, 37.093914 ], [ -6.737357, 37.094383 ], [ -6.737995, 37.094796 ], [ -6.738434, 37.095068 ], [ -6.739462, 37.095576 ], [ -6.740384, 37.096063 ], [ -6.741125, 37.096451 ], [ -6.741657, 37.09677 ], [ -6.742329, 37.097044 ], [ -6.743064, 37.097386 ], [ -6.743679, 37.097799 ], [ -6.744554, 37.098251 ], [ -6.745286, 37.098676 ], [ -6.746062, 37.099016 ], [ -6.746692, 37.099345 ], [ -6.747389, 37.099677 ], [ -6.748074, 37.100056 ], [ -6.748759, 37.100449 ], [ -6.749426, 37.100858 ], [ -6.750362, 37.101319 ], [ -6.751196, 37.101689 ], [ -6.752122, 37.102122 ], [ -6.752979, 37.102574 ], [ -6.75387, 37.103037 ], [ -6.754822, 37.103541 ], [ -6.756184, 37.104223 ], [ -6.757427, 37.104836 ], [ -6.758367, 37.105309 ], [ -6.759122, 37.105598 ], [ -6.760148, 37.106081 ], [ -6.761083, 37.106518 ], [ -6.76202, 37.106938 ], [ -6.762766, 37.107345 ], [ -6.763671, 37.107784 ], [ -6.764409, 37.108103 ], [ -6.765139, 37.108488 ], [ -6.765856, 37.108776 ], [ -6.766821, 37.109218 ], [ -6.767841, 37.109647 ], [ -6.769047, 37.110118 ], [ -6.769965, 37.110573 ], [ -6.770198, 37.110766 ], [ -6.77038, 37.110974 ], [ -6.770608, 37.110967 ], [ -6.770791, 37.11095 ], [ -6.771029, 37.111003 ], [ -6.772044, 37.111601 ], [ -6.772514, 37.111902 ], [ -6.773346, 37.11238 ], [ -6.77415, 37.112748 ], [ -6.775226, 37.113241 ], [ -6.77709, 37.114004 ], [ -6.778411, 37.114608 ], [ -6.779651, 37.115156 ], [ -6.780497, 37.115543 ], [ -6.781579, 37.115935 ], [ -6.782827, 37.116501 ], [ -6.783007, 37.116583 ], [ -6.78309, 37.116621 ], [ -6.783254, 37.116694 ], [ -6.783477, 37.116795 ], [ -6.783692, 37.116894 ], [ -6.783392, 37.117323 ], [ -6.78288, 37.117843 ], [ -6.782639, 37.118126 ], [ -6.782452, 37.118276 ], [ -6.78235, 37.118336 ], [ -6.782293, 37.118585 ], [ -6.78211, 37.118641 ], [ -6.781841, 37.11882 ], [ -6.781648, 37.118975 ], [ -6.781354, 37.11896 ], [ -6.781137, 37.118931 ], [ -6.780829, 37.118952 ], [ -6.780666, 37.119094 ], [ -6.779823, 37.119207 ], [ -6.779418, 37.119422 ], [ -6.778986, 37.119524 ], [ -6.778643, 37.119535 ], [ -6.778315, 37.119546 ], [ -6.77814, 37.119646 ], [ -6.778147, 37.119778 ], [ -6.778335, 37.119964 ], [ -6.778414, 37.12015 ], [ -6.778226, 37.12031 ], [ -6.777793, 37.120594 ], [ -6.777372, 37.12083 ], [ -6.777305, 37.12103 ], [ -6.777101, 37.121271 ], [ -6.776786, 37.121468 ], [ -6.776697, 37.12184 ], [ -6.776799, 37.122344 ], [ -6.77656, 37.122822 ], [ -6.776476, 37.123025 ], [ -6.778037, 37.123903 ], [ -6.779207, 37.124594 ], [ -6.779489, 37.124675 ], [ -6.785356, 37.126289 ], [ -6.788621, 37.127167 ], [ -6.788082, 37.130215 ], [ -6.787716, 37.131581 ], [ -6.788152, 37.134609 ], [ -6.788205, 37.135304 ], [ -6.788541, 37.138457 ], [ -6.788949, 37.142687 ], [ -6.789397, 37.146781 ], [ -6.789859, 37.151133 ], [ -6.789969, 37.152504 ], [ -6.790037, 37.152682 ], [ -6.791232, 37.153713 ], [ -6.792846, 37.155024 ], [ -6.793978, 37.156085 ], [ -6.795211, 37.15716 ], [ -6.796494, 37.158292 ], [ -6.797478, 37.159508 ], [ -6.797735, 37.159883 ], [ -6.798179, 37.160411 ], [ -6.79834, 37.160539 ], [ -6.798811, 37.161382 ], [ -6.798879, 37.161905 ], [ -6.798629, 37.161904 ], [ -6.798467, 37.162729 ], [ -6.797748, 37.163353 ], [ -6.795791, 37.164941 ], [ -6.793657, 37.166705 ], [ -6.791284, 37.16847 ], [ -6.79092, 37.168795 ], [ -6.7889, 37.170265 ], [ -6.788794, 37.170343 ], [ -6.787121, 37.171603 ], [ -6.786589, 37.172005 ], [ -6.784299, 37.173745 ], [ -6.781, 37.176159 ], [ -6.77934, 37.177404 ], [ -6.779203, 37.177523 ], [ -6.779043, 37.177413 ], [ -6.77844, 37.17791 ], [ -6.778139, 37.178158 ], [ -6.777818, 37.178371 ], [ -6.777354, 37.178679 ], [ -6.777197, 37.178882 ], [ -6.776929, 37.179226 ], [ -6.776023, 37.179931 ], [ -6.775136, 37.180542 ], [ -6.77392, 37.181372 ], [ -6.773115, 37.181947 ], [ -6.772902, 37.1824 ], [ -6.772141, 37.18403 ], [ -6.769269, 37.189785 ], [ -6.768402, 37.191519 ], [ -6.767744, 37.192925 ], [ -6.766532, 37.195282 ], [ -6.766315, 37.19573 ], [ -6.766233, 37.195833 ], [ -6.766047, 37.196031 ], [ -6.765717, 37.196299 ], [ -6.76474, 37.197055 ], [ -6.763867, 37.197722 ], [ -6.762784, 37.198486 ], [ -6.762228, 37.198877 ], [ -6.762058, 37.199013 ], [ -6.762064, 37.198986 ], [ -6.75964, 37.200803 ], [ -6.757883, 37.202168 ], [ -6.756925, 37.202887 ], [ -6.756364, 37.203319 ], [ -6.755171, 37.204238 ], [ -6.754371, 37.204853 ], [ -6.753455, 37.205563 ], [ -6.752147, 37.206552 ], [ -6.752046, 37.20663 ], [ -6.751619, 37.206961 ], [ -6.750606, 37.207718 ], [ -6.749661, 37.208435 ], [ -6.749191, 37.208794 ], [ -6.748688, 37.209158 ], [ -6.748667, 37.209174 ], [ -6.747955, 37.209667 ], [ -6.747517, 37.209985 ], [ -6.746846, 37.210472 ], [ -6.746273, 37.210887 ], [ -6.745881, 37.21115 ], [ -6.745625, 37.211253 ], [ -6.745458, 37.211389 ], [ -6.7452, 37.211533 ], [ -6.745052, 37.211605 ], [ -6.744919, 37.211654 ], [ -6.744729, 37.211692 ], [ -6.744606, 37.211709 ], [ -6.74441, 37.21172 ], [ -6.74419, 37.211722 ], [ -6.744031, 37.211754 ], [ -6.743135, 37.211861 ], [ -6.742794, 37.211951 ], [ -6.742322, 37.212018 ], [ -6.742022, 37.212264 ], [ -6.740024, 37.214035 ], [ -6.7394, 37.214698 ], [ -6.738799, 37.215177 ], [ -6.737679, 37.216105 ], [ -6.735794, 37.217504 ], [ -6.73492, 37.218097 ], [ -6.734005, 37.218861 ], [ -6.732473, 37.220105 ], [ -6.731349, 37.221283 ], [ -6.729964, 37.222508 ], [ -6.729336, 37.223093 ], [ -6.728943, 37.223447 ], [ -6.728386, 37.223806 ], [ -6.728256, 37.224178 ], [ -6.726789, 37.225393 ], [ -6.725934, 37.22605 ], [ -6.724872, 37.226832 ], [ -6.723766, 37.227721 ], [ -6.722732, 37.228725 ], [ -6.722136, 37.229296 ], [ -6.721375, 37.229871 ], [ -6.72072, 37.230247 ], [ -6.72016, 37.23054 ], [ -6.719827, 37.230967 ], [ -6.719775, 37.231109 ], [ -6.719258, 37.231521 ], [ -6.718239, 37.232291 ], [ -6.714863, 37.234862 ], [ -6.714146, 37.235409 ], [ -6.713824, 37.235636 ], [ -6.713279, 37.236003 ], [ -6.712989, 37.236245 ], [ -6.712726, 37.236412 ], [ -6.711988, 37.237068 ], [ -6.710939, 37.237984 ], [ -6.709917, 37.238816 ], [ -6.708404, 37.240054 ], [ -6.70694, 37.241216 ], [ -6.705834, 37.242034 ], [ -6.704011, 37.243324 ], [ -6.703279, 37.243489 ], [ -6.700917, 37.242488 ], [ -6.697877, 37.241267 ], [ -6.695941, 37.240461 ], [ -6.695678, 37.240366 ], [ -6.695672, 37.240337 ], [ -6.69566, 37.240312 ], [ -6.695614, 37.240257 ], [ -6.695516, 37.240165 ], [ -6.695412, 37.240085 ], [ -6.69527, 37.239977 ], [ -6.695137, 37.239907 ], [ -6.69491, 37.23981 ], [ -6.694632, 37.239724 ], [ -6.694274, 37.239616 ], [ -6.69381, 37.239448 ], [ -6.693321, 37.239281 ], [ -6.692759, 37.239092 ], [ -6.692732, 37.239068 ], [ -6.692721, 37.239014 ], [ -6.69274, 37.238892 ], [ -6.69276, 37.238783 ], [ -6.692781, 37.238699 ], [ -6.692783, 37.23867 ], [ -6.692775, 37.238645 ], [ -6.69275, 37.238626 ], [ -6.692657, 37.238586 ], [ -6.692555, 37.238533 ], [ -6.692383, 37.238428 ], [ -6.692342, 37.238403 ], [ -6.692153, 37.238304 ], [ -6.691862, 37.238176 ], [ -6.691655, 37.23808 ], [ -6.691455, 37.237961 ], [ -6.691193, 37.237807 ], [ -6.690824, 37.237615 ], [ -6.69057, 37.237474 ], [ -6.690416, 37.237395 ], [ -6.690079, 37.237237 ], [ -6.68983, 37.237136 ], [ -6.6896, 37.23703 ], [ -6.689482, 37.236907 ], [ -6.689486, 37.236829 ], [ -6.68953, 37.236666 ], [ -6.689565, 37.236599 ], [ -6.689545, 37.23651 ], [ -6.689436, 37.23643 ], [ -6.68915, 37.236241 ], [ -6.688696, 37.235986 ], [ -6.68811, 37.235501 ], [ -6.687663, 37.235234 ], [ -6.687687, 37.235107 ], [ -6.686832, 37.234637 ], [ -6.686201, 37.234538 ], [ -6.685757, 37.23433 ], [ -6.685373, 37.234138 ], [ -6.68491, 37.233865 ], [ -6.684365, 37.233739 ], [ -6.683701, 37.233639 ], [ -6.683067, 37.233533 ], [ -6.682605, 37.233422 ], [ -6.682229, 37.233254 ], [ -6.681966, 37.233065 ], [ -6.681849, 37.232982 ], [ -6.68121, 37.23278 ], [ -6.680554, 37.232537 ], [ -6.679288, 37.232223 ], [ -6.678476, 37.232003 ], [ -6.677578, 37.231805 ], [ -6.676943, 37.231669 ], [ -6.676348, 37.23146 ], [ -6.676111, 37.231353 ], [ -6.673483, 37.230329 ], [ -6.67428, 37.229579 ], [ -6.677179, 37.226838 ], [ -6.677406, 37.226608 ], [ -6.677639, 37.226389 ], [ -6.677816, 37.226188 ], [ -6.677992, 37.225666 ], [ -6.678039, 37.225517 ], [ -6.678059, 37.225366 ], [ -6.678145, 37.225194 ], [ -6.678322, 37.224951 ], [ -6.67849, 37.224791 ], [ -6.678798, 37.224648 ], [ -6.679065, 37.224496 ], [ -6.679451, 37.224207 ], [ -6.679757, 37.223924 ], [ -6.679774, 37.223883 ], [ -6.680037, 37.223675 ], [ -6.680458, 37.223269 ], [ -6.680805, 37.222906 ], [ -6.681042, 37.222586 ], [ -6.68128, 37.222307 ], [ -6.681871, 37.222047 ], [ -6.682856, 37.221573 ], [ -6.68369, 37.221135 ], [ -6.684388, 37.22072 ], [ -6.685025, 37.220358 ], [ -6.685722, 37.219944 ], [ -6.686639, 37.219392 ], [ -6.687487, 37.218863 ], [ -6.688281, 37.218365 ], [ -6.689148, 37.217814 ], [ -6.689871, 37.217399 ], [ -6.690698, 37.217071 ], [ -6.691974, 37.216639 ], [ -6.692749, 37.216272 ], [ -6.692764, 37.216021 ], [ -6.692994, 37.213143 ], [ -6.693029, 37.212829 ] ] ], [ [ [ -6.384364, 37.33822 ], [ -6.384192, 37.338171 ], [ -6.384056, 37.338121 ], [ -6.383922, 37.338061 ], [ -6.383796, 37.337998 ], [ -6.38365, 37.337909 ], [ -6.383601, 37.337872 ], [ -6.383507, 37.337891 ], [ -6.383251, 37.337914 ], [ -6.383104, 37.337914 ], [ -6.382951, 37.337905 ], [ -6.382759, 37.33787 ], [ -6.382578, 37.337807 ], [ -6.382457, 37.33775 ], [ -6.382335, 37.337681 ], [ -6.382147, 37.337547 ], [ -6.382029, 37.337422 ], [ -6.381939, 37.337283 ], [ -6.381908, 37.337223 ], [ -6.381826, 37.337191 ], [ -6.381684, 37.337128 ], [ -6.381558, 37.337061 ], [ -6.381462, 37.337006 ], [ -6.381346, 37.33693 ], [ -6.381241, 37.336852 ], [ -6.381138, 37.336765 ], [ -6.381061, 37.336691 ], [ -6.380971, 37.336596 ], [ -6.380885, 37.336493 ], [ -6.380812, 37.336389 ], [ -6.380747, 37.336278 ], [ -6.380692, 37.336167 ], [ -6.380647, 37.336054 ], [ -6.38061, 37.335938 ], [ -6.380584, 37.335821 ], [ -6.380568, 37.335702 ], [ -6.380562, 37.335556 ], [ -6.380483, 37.335538 ], [ -6.380373, 37.335507 ], [ -6.380235, 37.335462 ], [ -6.38011, 37.335411 ], [ -6.380008, 37.335367 ], [ -6.379905, 37.335325 ], [ -6.37971, 37.335227 ], [ -6.379566, 37.335121 ], [ -6.379432, 37.334991 ], [ -6.379354, 37.334904 ], [ -6.379265, 37.334764 ], [ -6.379207, 37.334613 ], [ -6.379189, 37.334521 ], [ -6.379173, 37.334402 ], [ -6.379169, 37.334249 ], [ -6.379179, 37.334132 ], [ -6.379226, 37.333957 ], [ -6.379144, 37.333934 ], [ -6.379035, 37.333897 ], [ -6.3789, 37.333844 ], [ -6.378792, 37.333796 ], [ -6.378665, 37.333732 ], [ -6.378574, 37.33368 ], [ -6.378456, 37.333607 ], [ -6.378354, 37.333536 ], [ -6.378249, 37.333449 ], [ -6.378173, 37.333421 ], [ -6.37796, 37.333396 ], [ -6.377759, 37.333366 ], [ -6.37754, 37.333325 ], [ -6.377342, 37.333281 ], [ -6.377145, 37.33323 ], [ -6.377049, 37.333201 ], [ -6.376905, 37.333151 ], [ -6.376761, 37.333106 ], [ -6.37645, 37.332953 ], [ -6.376324, 37.332866 ], [ -6.376224, 37.332788 ], [ -6.376105, 37.332663 ], [ -6.376057, 37.332594 ], [ -6.375982, 37.332477 ], [ -6.375902, 37.332317 ], [ -6.375812, 37.332068 ], [ -6.375793, 37.332005 ], [ -6.375769, 37.33185 ], [ -6.375777, 37.331724 ], [ -6.375596, 37.331686 ], [ -6.375428, 37.331648 ], [ -6.375277, 37.331617 ], [ -6.375108, 37.331579 ], [ -6.374798, 37.331513 ], [ -6.374639, 37.331477 ], [ -6.374497, 37.33145 ], [ -6.374299, 37.331406 ], [ -6.37417, 37.331369 ], [ -6.374031, 37.331422 ], [ -6.373843, 37.331468 ], [ -6.373648, 37.331487 ], [ -6.373452, 37.33148 ], [ -6.373261, 37.331444 ], [ -6.373141, 37.331407 ], [ -6.372992, 37.331353 ], [ -6.37293, 37.331328 ], [ -6.372765, 37.331242 ], [ -6.372633, 37.331147 ], [ -6.372521, 37.331051 ], [ -6.372391, 37.330915 ], [ -6.372302, 37.330776 ], [ -6.372272, 37.330709 ], [ -6.372211, 37.330555 ], [ -6.372163, 37.330365 ], [ -6.371997, 37.330336 ], [ -6.371805, 37.330301 ], [ -6.371609, 37.330244 ], [ -6.37147, 37.330194 ], [ -6.371305, 37.330108 ], [ -6.371159, 37.33 ], [ -6.371049, 37.329902 ], [ -6.370933, 37.329779 ], [ -6.370844, 37.329639 ], [ -6.370777, 37.329499 ], [ -6.370728, 37.329366 ], [ -6.370704, 37.329211 ], [ -6.370706, 37.329114 ], [ -6.370715, 37.32901 ], [ -6.370716, 37.328954 ], [ -6.370693, 37.328763 ], [ -6.370698, 37.328578 ], [ -6.370312, 37.328499 ], [ -6.370162, 37.328445 ], [ -6.369991, 37.328366 ], [ -6.369854, 37.328291 ], [ -6.369653, 37.328153 ], [ -6.369477, 37.328169 ], [ -6.369312, 37.328174 ], [ -6.368965, 37.328141 ], [ -6.368805, 37.328105 ], [ -6.368524, 37.328007 ], [ -6.368385, 37.327939 ], [ -6.368279, 37.327879 ], [ -6.368136, 37.327773 ], [ -6.368022, 37.327652 ], [ -6.367954, 37.327568 ], [ -6.367892, 37.327503 ], [ -6.367552, 37.327564 ], [ -6.367387, 37.327571 ], [ -6.367175, 37.327564 ], [ -6.367011, 37.327546 ], [ -6.366817, 37.327511 ], [ -6.366659, 37.32747 ], [ -6.366465, 37.327404 ], [ -6.36632, 37.32734 ], [ -6.366158, 37.327255 ], [ -6.36603, 37.327173 ], [ -6.365836, 37.327014 ], [ -6.365735, 37.326909 ], [ -6.365605, 37.326757 ], [ -6.365484, 37.326598 ], [ -6.365449, 37.326547 ], [ -6.365369, 37.326419 ], [ -6.365207, 37.326228 ], [ -6.364852, 37.325929 ], [ -6.364422, 37.325583 ], [ -6.364351, 37.325533 ], [ -6.364275, 37.325486 ], [ -6.364186, 37.325439 ], [ -6.364105, 37.325399 ], [ -6.364025, 37.325369 ], [ -6.363943, 37.325356 ], [ -6.363788, 37.325317 ], [ -6.363634, 37.32527 ], [ -6.363498, 37.32522 ], [ -6.363353, 37.325156 ], [ -6.363214, 37.325086 ], [ -6.363082, 37.325006 ], [ -6.36303, 37.324972 ], [ -6.362903, 37.324885 ], [ -6.362752, 37.324775 ], [ -6.362595, 37.324651 ], [ -6.362537, 37.324601 ], [ -6.362451, 37.324518 ], [ -6.362379, 37.324457 ], [ -6.362301, 37.324398 ], [ -6.362223, 37.324346 ], [ -6.362157, 37.324305 ], [ -6.362058, 37.324256 ], [ -6.361961, 37.3242 ], [ -6.361831, 37.324119 ], [ -6.361724, 37.324043 ], [ -6.361609, 37.323949 ], [ -6.361481, 37.323842 ], [ -6.361356, 37.323733 ], [ -6.361176, 37.323626 ], [ -6.361003, 37.323523 ], [ -6.360936, 37.32348 ], [ -6.360812, 37.323393 ], [ -6.360735, 37.323334 ], [ -6.360622, 37.323238 ], [ -6.360552, 37.323173 ], [ -6.360449, 37.323068 ], [ -6.36038, 37.322989 ], [ -6.360295, 37.322878 ], [ -6.36002, 37.322839 ], [ -6.359862, 37.322801 ], [ -6.359709, 37.322755 ], [ -6.359558, 37.322699 ], [ -6.359391, 37.322618 ], [ -6.359305, 37.322596 ], [ -6.359045, 37.322524 ], [ -6.358886, 37.322468 ], [ -6.358721, 37.322382 ], [ -6.358593, 37.322289 ], [ -6.358342, 37.322076 ], [ -6.357981, 37.321807 ], [ -6.357879, 37.32174 ], [ -6.357727, 37.321634 ], [ -6.357604, 37.321547 ], [ -6.357453, 37.321434 ], [ -6.357253, 37.321275 ], [ -6.357175, 37.321217 ], [ -6.357099, 37.321169 ], [ -6.357016, 37.32112 ], [ -6.356942, 37.321082 ], [ -6.356852, 37.321044 ], [ -6.356726, 37.320993 ], [ -6.356667, 37.32097 ], [ -6.35611, 37.32072 ], [ -6.35588, 37.320582 ], [ -6.355439, 37.320244 ], [ -6.355372, 37.320187 ], [ -6.355264, 37.320089 ], [ -6.355174, 37.319996 ], [ -6.355083, 37.319886 ], [ -6.355012, 37.319789 ], [ -6.354938, 37.31967 ], [ -6.354888, 37.319577 ], [ -6.354832, 37.319454 ], [ -6.354797, 37.319356 ], [ -6.354713, 37.319275 ], [ -6.354639, 37.319217 ], [ -6.354567, 37.319162 ], [ -6.354426, 37.319072 ], [ -6.353872, 37.318783 ], [ -6.353746, 37.318708 ], [ -6.353345, 37.318429 ], [ -6.353156, 37.318326 ], [ -6.3531, 37.318294 ], [ -6.352923, 37.318198 ], [ -6.352793, 37.318179 ], [ -6.35259, 37.318155 ], [ -6.352408, 37.318131 ], [ -6.352189, 37.318092 ], [ -6.351972, 37.318044 ], [ -6.351774, 37.317994 ], [ -6.3517, 37.317971 ], [ -6.351546, 37.317921 ], [ -6.351353, 37.317852 ], [ -6.351168, 37.317781 ], [ -6.351, 37.317712 ], [ -6.350826, 37.317633 ], [ -6.350689, 37.317572 ], [ -6.35058, 37.317516 ], [ -6.350444, 37.317439 ], [ -6.350378, 37.317398 ], [ -6.350251, 37.317314 ], [ -6.350174, 37.31726 ], [ -6.350057, 37.317166 ], [ -6.349988, 37.317105 ], [ -6.349883, 37.317004 ], [ -6.349812, 37.316928 ], [ -6.34972, 37.316818 ], [ -6.349508, 37.316839 ], [ -6.349344, 37.316857 ], [ -6.349114, 37.316864 ], [ -6.348949, 37.316855 ], [ -6.348736, 37.316827 ], [ -6.348576, 37.316794 ], [ -6.348345, 37.316721 ], [ -6.348198, 37.31666 ], [ -6.348018, 37.316568 ], [ -6.347888, 37.316487 ], [ -6.347827, 37.316443 ], [ -6.347705, 37.316354 ], [ -6.347647, 37.316309 ], [ -6.347533, 37.316213 ], [ -6.347439, 37.316123 ], [ -6.347375, 37.316051 ], [ -6.347295, 37.315985 ], [ -6.347102, 37.315892 ], [ -6.347034, 37.315857 ], [ -6.346287, 37.315448 ], [ -6.346234, 37.315416 ], [ -6.345568, 37.315005 ], [ -6.345067, 37.314753 ], [ -6.344909, 37.314672 ], [ -6.344748, 37.314582 ], [ -6.344579, 37.314481 ], [ -6.344415, 37.314373 ], [ -6.344255, 37.31426 ], [ -6.34411, 37.31415 ], [ -6.343969, 37.314036 ], [ -6.343919, 37.313993 ], [ -6.343816, 37.313899 ], [ -6.343707, 37.313798 ], [ -6.343602, 37.313704 ], [ -6.343522, 37.313632 ], [ -6.343431, 37.313563 ], [ -6.343301, 37.31344 ], [ -6.343204, 37.313333 ], [ -6.343106, 37.3132 ], [ -6.343034, 37.313081 ], [ -6.342946, 37.312865 ], [ -6.342788, 37.312669 ], [ -6.342544, 37.312257 ], [ -6.342298, 37.312068 ], [ -6.342214, 37.312027 ], [ -6.342075, 37.311955 ], [ -6.342012, 37.311918 ], [ -6.341881, 37.311838 ], [ -6.341807, 37.311791 ], [ -6.341684, 37.311702 ], [ -6.341624, 37.311654 ], [ -6.34151, 37.311558 ], [ -6.341447, 37.311499 ], [ -6.341344, 37.311396 ], [ -6.341222, 37.311269 ], [ -6.341142, 37.311186 ], [ -6.341057, 37.311105 ], [ -6.340864, 37.310842 ], [ -6.340805, 37.310718 ], [ -6.340758, 37.310586 ], [ -6.340734, 37.310432 ], [ -6.340735, 37.310344 ], [ -6.340744, 37.310231 ], [ -6.340747, 37.310134 ], [ -6.340745, 37.31003 ], [ -6.340741, 37.309958 ], [ -6.340628, 37.309858 ], [ -6.340448, 37.309748 ], [ -6.340307, 37.309658 ], [ -6.340146, 37.309547 ], [ -6.339991, 37.30943 ], [ -6.33985, 37.309319 ], [ -6.339705, 37.309193 ], [ -6.339574, 37.309072 ], [ -6.339436, 37.308932 ], [ -6.339338, 37.308831 ], [ -6.339241, 37.308735 ], [ -6.339132, 37.308625 ], [ -6.339034, 37.308525 ], [ -6.338935, 37.308426 ], [ -6.33881, 37.30827 ], [ -6.338735, 37.308152 ], [ -6.338652, 37.307979 ], [ -6.338609, 37.307852 ], [ -6.338571, 37.307621 ], [ -6.338571, 37.307486 ], [ -6.338571, 37.307348 ], [ -6.338571, 37.307218 ], [ -6.338572, 37.307085 ], [ -6.33858, 37.30692 ], [ -6.338585, 37.306857 ], [ -6.338539, 37.306795 ], [ -6.338468, 37.306705 ], [ -6.338393, 37.306619 ], [ -6.338312, 37.306529 ], [ -6.338231, 37.306443 ], [ -6.338147, 37.30636 ], [ -6.338064, 37.306284 ], [ -6.337938, 37.306172 ], [ -6.337853, 37.306112 ], [ -6.337737, 37.306014 ], [ -6.337632, 37.305911 ], [ -6.337541, 37.30581 ], [ -6.337455, 37.305697 ], [ -6.337379, 37.305578 ], [ -6.337315, 37.305456 ], [ -6.337262, 37.305333 ], [ -6.337221, 37.305206 ], [ -6.337187, 37.305038 ], [ -6.337175, 37.304897 ], [ -6.337166, 37.304753 ], [ -6.33716, 37.30462 ], [ -6.337149, 37.304557 ], [ -6.337012, 37.304482 ], [ -6.336833, 37.304375 ], [ -6.33676, 37.304327 ], [ -6.336637, 37.304238 ], [ -6.336561, 37.304177 ], [ -6.336367, 37.304007 ], [ -6.335897, 37.303563 ], [ -6.335852, 37.303517 ], [ -6.335755, 37.303412 ], [ -6.335692, 37.303337 ], [ -6.335607, 37.303222 ], [ -6.335564, 37.303158 ], [ -6.335492, 37.303041 ], [ -6.335449, 37.302959 ], [ -6.335391, 37.302834 ], [ -6.335357, 37.302749 ], [ -6.335315, 37.302622 ], [ -6.335268, 37.302452 ], [ -6.335231, 37.302284 ], [ -6.335204, 37.302114 ], [ -6.335187, 37.301943 ], [ -6.335175, 37.301836 ], [ -6.335043, 37.301797 ], [ -6.334892, 37.301742 ], [ -6.334796, 37.301702 ], [ -6.334652, 37.301636 ], [ -6.334557, 37.301587 ], [ -6.334422, 37.30151 ], [ -6.334335, 37.301456 ], [ -6.334211, 37.301369 ], [ -6.334071, 37.301268 ], [ -6.333934, 37.301163 ], [ -6.33379, 37.301048 ], [ -6.333675, 37.300954 ], [ -6.333536, 37.300837 ], [ -6.33341, 37.300721 ], [ -6.333266, 37.300576 ], [ -6.33315, 37.300451 ], [ -6.333028, 37.300308 ], [ -6.332917, 37.300165 ], [ -6.332875, 37.300105 ], [ -6.332807, 37.299999 ], [ -6.332746, 37.299911 ], [ -6.332684, 37.299829 ], [ -6.332615, 37.299745 ], [ -6.332545, 37.299669 ], [ -6.332478, 37.299598 ], [ -6.332254, 37.29942 ], [ -6.332155, 37.299315 ], [ -6.332013, 37.299116 ], [ -6.33195, 37.298994 ], [ -6.331876, 37.298777 ], [ -6.331853, 37.298647 ], [ -6.331849, 37.298422 ], [ -6.331868, 37.298291 ], [ -6.331941, 37.298057 ], [ -6.332003, 37.297934 ], [ -6.332082, 37.297785 ], [ -6.332168, 37.297641 ], [ -6.332242, 37.297526 ], [ -6.332333, 37.297388 ], [ -6.332415, 37.297289 ], [ -6.332555, 37.297112 ], [ -6.332662, 37.297014 ], [ -6.332772, 37.296914 ], [ -6.332917, 37.296793 ], [ -6.333032, 37.296697 ], [ -6.333166, 37.29659 ], [ -6.333284, 37.296499 ], [ -6.333347, 37.296447 ], [ -6.333408, 37.296378 ], [ -6.333458, 37.296287 ], [ -6.333482, 37.296227 ], [ -6.333428, 37.296166 ], [ -6.333334, 37.296038 ], [ -6.333263, 37.295918 ], [ -6.333197, 37.29578 ], [ -6.333151, 37.295653 ], [ -6.333114, 37.295513 ], [ -6.333094, 37.295382 ], [ -6.333087, 37.295234 ], [ -6.333094, 37.295103 ], [ -6.333117, 37.294954 ], [ -6.333151, 37.294824 ], [ -6.333171, 37.294763 ], [ -6.333217, 37.294636 ], [ -6.333241, 37.294576 ], [ -6.333292, 37.294465 ], [ -6.333337, 37.294353 ], [ -6.333506, 37.294096 ], [ -6.333606, 37.29399 ], [ -6.333753, 37.293862 ], [ -6.333915, 37.293762 ], [ -6.334056, 37.293693 ], [ -6.334095, 37.293622 ], [ -6.33412, 37.293493 ], [ -6.334219, 37.293157 ], [ -6.334384, 37.292573 ], [ -6.334413, 37.29248 ], [ -6.334413, 37.292291 ], [ -6.334429, 37.29216 ], [ -6.334464, 37.292013 ], [ -6.334507, 37.291885 ], [ -6.334584, 37.291723 ], [ -6.334657, 37.291604 ], [ -6.334699, 37.291544 ], [ -6.334783, 37.291431 ], [ -6.334909, 37.291277 ], [ -6.334972, 37.29121 ], [ -6.335049, 37.291136 ], [ -6.335096, 37.29108 ], [ -6.335137, 37.291027 ], [ -6.33517, 37.290972 ], [ -6.335219, 37.290872 ], [ -6.335281, 37.290751 ], [ -6.335345, 37.290627 ], [ -6.33541, 37.290515 ], [ -6.335433, 37.290449 ], [ -6.335436, 37.290341 ], [ -6.335443, 37.290232 ], [ -6.335462, 37.290101 ], [ -6.335493, 37.28997 ], [ -6.335522, 37.289886 ], [ -6.33555, 37.289777 ], [ -6.335576, 37.289668 ], [ -6.335597, 37.289593 ], [ -6.335638, 37.289466 ], [ -6.335674, 37.289375 ], [ -6.335732, 37.289251 ], [ -6.335776, 37.289169 ], [ -6.33585, 37.28905 ], [ -6.335911, 37.288965 ], [ -6.336, 37.288854 ], [ -6.336066, 37.28878 ], [ -6.336169, 37.288676 ], [ -6.336237, 37.288613 ], [ -6.336351, 37.288518 ], [ -6.336423, 37.288461 ], [ -6.336547, 37.288375 ], [ -6.336622, 37.288327 ], [ -6.336754, 37.288249 ], [ -6.336836, 37.288204 ], [ -6.336966, 37.288142 ], [ -6.337065, 37.28809 ], [ -6.337154, 37.288038 ], [ -6.337266, 37.287967 ], [ -6.337355, 37.28791 ], [ -6.33743, 37.287847 ], [ -6.337483, 37.287778 ], [ -6.337521, 37.287698 ], [ -6.337536, 37.287601 ], [ -6.337545, 37.287482 ], [ -6.337553, 37.28736 ], [ -6.337559, 37.287249 ], [ -6.337559, 37.287159 ], [ -6.337553, 37.287069 ], [ -6.337543, 37.286982 ], [ -6.337527, 37.286894 ], [ -6.337501, 37.286787 ], [ -6.337468, 37.286623 ], [ -6.337442, 37.286448 ], [ -6.337424, 37.286318 ], [ -6.337419, 37.286183 ], [ -6.337426, 37.28605 ], [ -6.337446, 37.285914 ], [ -6.337477, 37.285785 ], [ -6.337523, 37.285653 ], [ -6.337579, 37.28553 ], [ -6.337659, 37.28539 ], [ -6.337696, 37.28534 ], [ -6.337686, 37.285194 ], [ -6.337733, 37.284899 ], [ -6.33778, 37.284774 ], [ -6.337945, 37.284508 ], [ -6.338041, 37.284402 ], [ -6.338201, 37.28426 ], [ -6.338388, 37.284054 ], [ -6.338704, 37.283771 ], [ -6.338747, 37.283693 ], [ -6.338792, 37.283601 ], [ -6.338833, 37.283506 ], [ -6.338869, 37.283415 ], [ -6.338901, 37.283317 ], [ -6.338928, 37.283224 ], [ -6.338952, 37.283113 ], [ -6.33899, 37.282965 ], [ -6.33903, 37.282818 ], [ -6.339073, 37.282679 ], [ -6.339108, 37.282556 ], [ -6.339157, 37.282429 ], [ -6.339217, 37.282306 ], [ -6.339293, 37.282182 ], [ -6.339375, 37.282069 ], [ -6.33946, 37.281968 ], [ -6.339562, 37.281863 ], [ -6.339676, 37.281763 ], [ -6.339796, 37.281672 ], [ -6.339961, 37.281555 ], [ -6.340087, 37.281468 ], [ -6.34027, 37.281355 ], [ -6.340403, 37.281274 ], [ -6.340489, 37.281227 ], [ -6.340628, 37.281158 ], [ -6.340819, 37.281071 ], [ -6.340909, 37.281035 ], [ -6.34106, 37.280981 ], [ -6.341136, 37.280956 ], [ -6.341295, 37.2809 ], [ -6.341243, 37.280805 ], [ -6.341182, 37.280694 ], [ -6.341118, 37.280583 ], [ -6.341019, 37.280295 ], [ -6.341003, 37.280165 ], [ -6.340998, 37.280106 ], [ -6.341008, 37.279951 ], [ -6.341052, 37.279796 ], [ -6.34108, 37.279744 ], [ -6.341032, 37.279671 ], [ -6.340962, 37.279551 ], [ -6.340932, 37.279496 ], [ -6.340871, 37.279371 ], [ -6.340849, 37.27932 ], [ -6.340804, 37.279209 ], [ -6.34076, 37.279111 ], [ -6.340714, 37.279018 ], [ -6.340664, 37.278924 ], [ -6.340616, 37.278845 ], [ -6.340569, 37.278778 ], [ -6.34052, 37.278714 ], [ -6.340469, 37.27866 ], [ -6.340403, 37.278598 ], [ -6.340323, 37.278531 ], [ -6.340243, 37.278468 ], [ -6.340159, 37.278409 ], [ -6.340069, 37.278351 ], [ -6.339984, 37.278302 ], [ -6.339864, 37.278237 ], [ -6.339726, 37.278165 ], [ -6.339559, 37.278068 ], [ -6.339451, 37.278008 ], [ -6.33934, 37.27795 ], [ -6.339228, 37.277895 ], [ -6.339096, 37.277836 ], [ -6.33892, 37.277748 ], [ -6.338759, 37.277663 ], [ -6.33864, 37.277596 ], [ -6.338543, 37.277558 ], [ -6.338418, 37.277535 ], [ -6.338244, 37.277497 ], [ -6.338089, 37.277452 ], [ -6.337932, 37.277395 ], [ -6.337787, 37.277332 ], [ -6.337631, 37.277249 ], [ -6.337501, 37.277167 ], [ -6.337417, 37.277108 ], [ -6.337299, 37.277017 ], [ -6.337218, 37.276949 ], [ -6.337112, 37.276849 ], [ -6.337028, 37.276757 ], [ -6.336937, 37.276644 ], [ -6.336898, 37.276593 ], [ -6.336819, 37.276479 ], [ -6.336779, 37.276414 ], [ -6.33671, 37.276295 ], [ -6.336676, 37.276228 ], [ -6.33662, 37.276104 ], [ -6.336587, 37.276019 ], [ -6.336549, 37.275901 ], [ -6.33651, 37.275787 ], [ -6.336473, 37.275687 ], [ -6.336435, 37.275595 ], [ -6.3364, 37.275524 ], [ -6.336304, 37.275495 ], [ -6.336154, 37.275443 ], [ -6.33601, 37.275395 ], [ -6.335868, 37.275348 ], [ -6.335733, 37.275304 ], [ -6.335596, 37.275265 ], [ -6.335404, 37.275203 ], [ -6.335198, 37.275126 ], [ -6.335011, 37.27505 ], [ -6.33482, 37.274958 ], [ -6.334684, 37.274897 ], [ -6.334551, 37.274824 ], [ -6.334421, 37.274742 ], [ -6.334309, 37.274662 ], [ -6.334193, 37.274566 ], [ -6.334112, 37.274492 ], [ -6.334012, 37.274389 ], [ -6.333893, 37.274237 ], [ -6.33369, 37.274107 ], [ -6.33357, 37.274016 ], [ -6.333367, 37.273805 ], [ -6.333286, 37.273691 ], [ -6.333224, 37.273589 ], [ -6.333167, 37.273437 ], [ -6.333153, 37.273377 ], [ -6.33313, 37.273247 ], [ -6.33312, 37.273114 ], [ -6.333121, 37.272983 ], [ -6.333133, 37.272855 ], [ -6.333158, 37.272723 ], [ -6.333195, 37.272596 ], [ -6.333243, 37.272469 ], [ -6.333354, 37.27227 ], [ -6.333408, 37.272198 ], [ -6.333441, 37.27213 ], [ -6.333458, 37.272046 ], [ -6.333367, 37.27197 ], [ -6.33329, 37.271907 ], [ -6.333172, 37.271781 ], [ -6.333097, 37.271669 ], [ -6.333031, 37.271549 ], [ -6.332959, 37.271371 ], [ -6.332935, 37.271209 ], [ -6.332834, 37.271178 ], [ -6.332689, 37.271117 ], [ -6.332459, 37.270988 ], [ -6.332336, 37.2709 ], [ -6.332167, 37.270747 ], [ -6.332073, 37.270639 ], [ -6.331921, 37.270389 ], [ -6.331873, 37.270264 ], [ -6.331826, 37.270141 ], [ -6.331777, 37.270019 ], [ -6.331759, 37.269968 ], [ -6.331661, 37.269919 ], [ -6.331531, 37.269857 ], [ -6.331388, 37.269784 ], [ -6.331266, 37.269729 ], [ -6.33104, 37.269594 ], [ -6.330922, 37.269502 ], [ -6.330734, 37.269309 ], [ -6.33065, 37.269195 ], [ -6.330517, 37.268908 ], [ -6.330487, 37.268778 ], [ -6.330455, 37.268621 ], [ -6.330429, 37.268464 ], [ -6.33041, 37.268309 ], [ -6.330397, 37.268154 ], [ -6.330383, 37.268035 ], [ -6.330336, 37.267976 ], [ -6.330266, 37.267856 ], [ -6.330182, 37.267651 ], [ -6.330149, 37.267522 ], [ -6.330109, 37.267464 ], [ -6.330008, 37.267361 ], [ -6.329941, 37.267284 ], [ -6.329851, 37.267145 ], [ -6.329807, 37.267038 ], [ -6.329766, 37.266915 ], [ -6.329726, 37.266802 ], [ -6.329683, 37.266686 ], [ -6.329637, 37.266568 ], [ -6.329587, 37.266348 ], [ -6.329577, 37.266216 ], [ -6.329608, 37.265951 ], [ -6.329645, 37.265831 ], [ -6.329678, 37.265713 ], [ -6.329707, 37.265611 ], [ -6.329729, 37.265502 ], [ -6.329769, 37.265372 ], [ -6.329845, 37.265228 ], [ -6.329948, 37.265086 ], [ -6.329998, 37.265023 ], [ -6.330092, 37.264915 ], [ -6.330163, 37.264841 ], [ -6.33027, 37.264741 ], [ -6.330397, 37.264627 ], [ -6.330495, 37.264545 ], [ -6.330519, 37.264376 ], [ -6.330526, 37.264252 ], [ -6.330525, 37.264164 ], [ -6.33052, 37.264094 ], [ -6.330495, 37.264 ], [ -6.330459, 37.26395 ], [ -6.330362, 37.263801 ], [ -6.330273, 37.263651 ], [ -6.33019, 37.263495 ], [ -6.330117, 37.263344 ], [ -6.330084, 37.263264 ], [ -6.330051, 37.263168 ], [ -6.330023, 37.263106 ], [ -6.329991, 37.263048 ], [ -6.329952, 37.262991 ], [ -6.329888, 37.26293 ], [ -6.329769, 37.262804 ], [ -6.329685, 37.262674 ], [ -6.329617, 37.262543 ], [ -6.329559, 37.262391 ], [ -6.329535, 37.262237 ], [ -6.329535, 37.262167 ], [ -6.329542, 37.262036 ], [ -6.329557, 37.261885 ], [ -6.329563, 37.26177 ], [ -6.329614, 37.261541 ], [ -6.329663, 37.261415 ], [ -6.329617, 37.261246 ], [ -6.329516, 37.261048 ], [ -6.329459, 37.260896 ], [ -6.329435, 37.260742 ], [ -6.329445, 37.260586 ], [ -6.329469, 37.260504 ], [ -6.329482, 37.260438 ], [ -6.329377, 37.260419 ], [ -6.328683, 37.260096 ], [ -6.328002, 37.259534 ], [ -6.327499, 37.259048 ], [ -6.325361, 37.256987 ], [ -6.32409, 37.255743 ], [ -6.323756, 37.255342 ], [ -6.323474, 37.254893 ], [ -6.323205, 37.254214 ], [ -6.323032, 37.253266 ], [ -6.322934, 37.252667 ], [ -6.3227, 37.25195 ], [ -6.32243, 37.25142 ], [ -6.322289, 37.25114 ], [ -6.321882, 37.250561 ], [ -6.321147, 37.249848 ], [ -6.320566, 37.249386 ], [ -6.31951, 37.24872 ], [ -6.317701, 37.247703 ], [ -6.316471, 37.247019 ], [ -6.31665, 37.246597 ], [ -6.316884, 37.24621 ], [ -6.317639, 37.244387 ], [ -6.318428, 37.242268 ], [ -6.318866, 37.24151 ], [ -6.319373, 37.24082 ], [ -6.320054, 37.240024 ], [ -6.321395, 37.238725 ], [ -6.321488, 37.238634 ], [ -6.321621, 37.238507 ], [ -6.322335, 37.237723 ], [ -6.322969, 37.237029 ], [ -6.323546, 37.236288 ], [ -6.323804, 37.235956 ], [ -6.324072, 37.235796 ], [ -6.324166, 37.235755 ], [ -6.324399, 37.235656 ], [ -6.325125, 37.235347 ], [ -6.325803, 37.235033 ], [ -6.326186, 37.234784 ], [ -6.327063, 37.233986 ], [ -6.327501, 37.23365 ], [ -6.330286, 37.231616 ], [ -6.330774, 37.231247 ], [ -6.331919, 37.230379 ], [ -6.332641, 37.22971 ], [ -6.33347, 37.228513 ], [ -6.334339, 37.227107 ], [ -6.335169, 37.22551 ], [ -6.33572, 37.224769 ], [ -6.336321, 37.224056 ], [ -6.336801, 37.223576 ], [ -6.337457, 37.223042 ], [ -6.339415, 37.221757 ], [ -6.342637, 37.219654 ], [ -6.344015, 37.218766 ], [ -6.344315, 37.218501 ], [ -6.344859, 37.217866 ], [ -6.345037, 37.217566 ], [ -6.345162, 37.217303 ], [ -6.345311, 37.216914 ], [ -6.345303, 37.21677 ], [ -6.345299, 37.216698 ], [ -6.345338, 37.216206 ], [ -6.345408, 37.215756 ], [ -6.345455, 37.215599 ], [ -6.345637, 37.21486 ], [ -6.345954, 37.214409 ], [ -6.346048, 37.214301 ], [ -6.346146, 37.214194 ], [ -6.346249, 37.21409 ], [ -6.346356, 37.21399 ], [ -6.346467, 37.213892 ], [ -6.346583, 37.213797 ], [ -6.3467, 37.213706 ], [ -6.346826, 37.213619 ], [ -6.347047, 37.213495 ], [ -6.347183, 37.2131 ], [ -6.347317, 37.211967 ], [ -6.347787, 37.210116 ], [ -6.347993, 37.209227 ], [ -6.348106, 37.209132 ], [ -6.348223, 37.209038 ], [ -6.348342, 37.208947 ], [ -6.348465, 37.208858 ], [ -6.34859, 37.208773 ], [ -6.348718, 37.208689 ], [ -6.348849, 37.208608 ], [ -6.348983, 37.20853 ], [ -6.349119, 37.208457 ], [ -6.349363, 37.20833 ], [ -6.350468, 37.207686 ], [ -6.351129, 37.207375 ], [ -6.351234, 37.207273 ], [ -6.351301, 37.207154 ], [ -6.351324, 37.207022 ], [ -6.351301, 37.206892 ], [ -6.35123, 37.206773 ], [ -6.350197, 37.202939 ], [ -6.350136, 37.202817 ], [ -6.350127, 37.202687 ], [ -6.350171, 37.202559 ], [ -6.350263, 37.202451 ], [ -6.350404, 37.202381 ], [ -6.35054, 37.202308 ], [ -6.350671, 37.202227 ], [ -6.350893, 37.202061 ], [ -6.351025, 37.201983 ], [ -6.351132, 37.201883 ], [ -6.351211, 37.201766 ], [ -6.351256, 37.201639 ], [ -6.351264, 37.201508 ], [ -6.35129, 37.201376 ], [ -6.351335, 37.201249 ], [ -6.351399, 37.201128 ], [ -6.351519, 37.200967 ], [ -6.351984, 37.200388 ], [ -6.352071, 37.200289 ], [ -6.35216, 37.200153 ], [ -6.352268, 37.200054 ], [ -6.35239, 37.199965 ], [ -6.352525, 37.199889 ], [ -6.352672, 37.199828 ], [ -6.352827, 37.199783 ], [ -6.35299, 37.199761 ], [ -6.353148, 37.199722 ], [ -6.353298, 37.199666 ], [ -6.353437, 37.199597 ], [ -6.353569, 37.199517 ], [ -6.353665, 37.19941 ], [ -6.353715, 37.199285 ], [ -6.35375, 37.199156 ], [ -6.353752, 37.199025 ], [ -6.353718, 37.198895 ], [ -6.353652, 37.198773 ], [ -6.353556, 37.198668 ], [ -6.353434, 37.198579 ], [ -6.353291, 37.198511 ], [ -6.353134, 37.198473 ], [ -6.352985, 37.198416 ], [ -6.352848, 37.198341 ], [ -6.352725, 37.198254 ], [ -6.352588, 37.198116 ], [ -6.352434, 37.198076 ], [ -6.352335, 37.197973 ], [ -6.352324, 37.197842 ], [ -6.35242, 37.197734 ], [ -6.352516, 37.197627 ], [ -6.35261, 37.197519 ], [ -6.352695, 37.197406 ], [ -6.352798, 37.197302 ], [ -6.352916, 37.197208 ], [ -6.353047, 37.19713 ], [ -6.353245, 37.197044 ], [ -6.353366, 37.196955 ], [ -6.353468, 37.19685 ], [ -6.353549, 37.196735 ], [ -6.353608, 37.196612 ], [ -6.353643, 37.196483 ], [ -6.353653, 37.196352 ], [ -6.353637, 37.196219 ], [ -6.353598, 37.196092 ], [ -6.353536, 37.19597 ], [ -6.353452, 37.195855 ], [ -6.353348, 37.195752 ], [ -6.353212, 37.195677 ], [ -6.353101, 37.195581 ], [ -6.35302, 37.195467 ], [ -6.352976, 37.195339 ], [ -6.352969, 37.195207 ], [ -6.353001, 37.195077 ], [ -6.353045, 37.19495 ], [ -6.353143, 37.194742 ], [ -6.353186, 37.194615 ], [ -6.353198, 37.194484 ], [ -6.353179, 37.194354 ], [ -6.35313, 37.194227 ], [ -6.353053, 37.19411 ], [ -6.352895, 37.193965 ], [ -6.352809, 37.193853 ], [ -6.352742, 37.193731 ], [ -6.352695, 37.193606 ], [ -6.352669, 37.193474 ], [ -6.352664, 37.193344 ], [ -6.352681, 37.193212 ], [ -6.352726, 37.193085 ], [ -6.352771, 37.192958 ], [ -6.352814, 37.19283 ], [ -6.352868, 37.192667 ], [ -6.352878, 37.192536 ], [ -6.352873, 37.192403 ], [ -6.352854, 37.192273 ], [ -6.35282, 37.192143 ], [ -6.352771, 37.192016 ], [ -6.352709, 37.191894 ], [ -6.352621, 37.191782 ], [ -6.352544, 37.191664 ], [ -6.352479, 37.191545 ], [ -6.352413, 37.191382 ], [ -6.352315, 37.191274 ], [ -6.352243, 37.191157 ], [ -6.352197, 37.19103 ], [ -6.35218, 37.190898 ], [ -6.352188, 37.190767 ], [ -6.352233, 37.190639 ], [ -6.352312, 37.190524 ], [ -6.352433, 37.190435 ], [ -6.352504, 37.190316 ], [ -6.352483, 37.190184 ], [ -6.352478, 37.190054 ], [ -6.352489, 37.18992 ], [ -6.352514, 37.189791 ], [ -6.35257, 37.189666 ], [ -6.352657, 37.189555 ], [ -6.352712, 37.18943 ], [ -6.352731, 37.189299 ], [ -6.352714, 37.189168 ], [ -6.352651, 37.189046 ], [ -6.352586, 37.188924 ], [ -6.352517, 37.188805 ], [ -6.352446, 37.188685 ], [ -6.352371, 37.188568 ], [ -6.352294, 37.18845 ], [ -6.352214, 37.188333 ], [ -6.352119, 37.188203 ], [ -6.351443, 37.187463 ], [ -6.351348, 37.187356 ], [ -6.351283, 37.187233 ], [ -6.351253, 37.187104 ], [ -6.351111, 37.187076 ], [ -6.35091, 37.187107 ], [ -6.350069, 37.187148 ], [ -6.349446, 37.187186 ], [ -6.349096, 37.187219 ], [ -6.348677, 37.187264 ], [ -6.348167, 37.187324 ], [ -6.347594, 37.187385 ], [ -6.347069, 37.187447 ], [ -6.346755, 37.187476 ], [ -6.346111, 37.18751 ], [ -6.345404, 37.187566 ], [ -6.345133, 37.187585 ], [ -6.344649, 37.187624 ], [ -6.343874, 37.187691 ], [ -6.343173, 37.187753 ], [ -6.342242, 37.187825 ], [ -6.340998, 37.187903 ], [ -6.34047, 37.18792 ], [ -6.3398, 37.187948 ], [ -6.339592, 37.187958 ], [ -6.33933, 37.18806 ], [ -6.339203, 37.188203 ], [ -6.339285, 37.188606 ], [ -6.339352, 37.188915 ], [ -6.339441, 37.189607 ], [ -6.33952, 37.190197 ], [ -6.339621, 37.190795 ], [ -6.339704, 37.191347 ], [ -6.339814, 37.191896 ], [ -6.338533, 37.192004 ], [ -6.337195, 37.192139 ], [ -6.336169, 37.192235 ], [ -6.334693, 37.192378 ], [ -6.333657, 37.19247 ], [ -6.332605, 37.192568 ], [ -6.331437, 37.192682 ], [ -6.330204, 37.1928 ], [ -6.329046, 37.192906 ], [ -6.327936, 37.193014 ], [ -6.327368, 37.193069 ], [ -6.326215, 37.19318 ], [ -6.325381, 37.193259 ], [ -6.32383, 37.193398 ], [ -6.323773, 37.193075 ], [ -6.323741, 37.192704 ], [ -6.323694, 37.19225 ], [ -6.323603, 37.191375 ], [ -6.323531, 37.190721 ], [ -6.3234, 37.189684 ], [ -6.323358, 37.189316 ], [ -6.323216, 37.188164 ], [ -6.323213, 37.188018 ], [ -6.32151, 37.187922 ], [ -6.316843, 37.187733 ], [ -6.316115, 37.18689 ], [ -6.313579, 37.18374 ], [ -6.312382, 37.182344 ], [ -6.311874, 37.181801 ], [ -6.310937, 37.180679 ], [ -6.310446, 37.180091 ], [ -6.308651, 37.17792 ], [ -6.304425, 37.180185 ], [ -6.303599, 37.175295 ], [ -6.302915, 37.171159 ], [ -6.302155, 37.166851 ], [ -6.301746, 37.164049 ], [ -6.299595, 37.161295 ], [ -6.295872, 37.156493 ], [ -6.292606, 37.152239 ], [ -6.292589, 37.152115 ], [ -6.298567, 37.149219 ], [ -6.303013, 37.146984 ], [ -6.303196, 37.146894 ], [ -6.30905, 37.143984 ], [ -6.311624, 37.142692 ], [ -6.31266, 37.142061 ], [ -6.313184, 37.14163 ], [ -6.313528, 37.141296 ], [ -6.313687, 37.140978 ], [ -6.313816, 37.140493 ], [ -6.313845, 37.139548 ], [ -6.313849, 37.139192 ], [ -6.313886, 37.135864 ], [ -6.313904, 37.13216 ], [ -6.313913, 37.128275 ], [ -6.313932, 37.124064 ], [ -6.313912, 37.12188 ], [ -6.313918, 37.121751 ], [ -6.313916, 37.118262 ], [ -6.313933, 37.118122 ], [ -6.315238, 37.118104 ], [ -6.315498, 37.118367 ], [ -6.316078, 37.118702 ], [ -6.316722, 37.118877 ], [ -6.317114, 37.118875 ], [ -6.317233, 37.118852 ], [ -6.318352, 37.118629 ], [ -6.32076, 37.117931 ], [ -6.325201, 37.116705 ], [ -6.329774, 37.115439 ], [ -6.332937, 37.114573 ], [ -6.340464, 37.112455 ], [ -6.347, 37.11066 ], [ -6.351615, 37.109318 ], [ -6.351764, 37.109284 ], [ -6.352485, 37.109005 ], [ -6.357691, 37.107062 ], [ -6.359491, 37.106369 ], [ -6.360884, 37.105834 ], [ -6.361428, 37.105596 ], [ -6.362156, 37.105084 ], [ -6.364164, 37.103585 ], [ -6.367373, 37.10119 ], [ -6.368755, 37.10016 ], [ -6.370758, 37.098447 ], [ -6.373337, 37.096281 ], [ -6.374891, 37.094849 ], [ -6.376757, 37.093177 ], [ -6.37711, 37.092806 ], [ -6.377369, 37.092382 ], [ -6.379829, 37.088091 ], [ -6.380872, 37.085694 ], [ -6.381651, 37.083737 ], [ -6.382748, 37.080993 ], [ -6.382789, 37.080873 ], [ -6.384649, 37.076247 ], [ -6.389755, 37.077502 ], [ -6.394313, 37.078658 ], [ -6.397939, 37.079486 ], [ -6.404849, 37.081155 ], [ -6.405934, 37.081491 ], [ -6.406716, 37.081897 ], [ -6.407646, 37.083064 ], [ -6.408184, 37.085679 ], [ -6.409429, 37.090462 ], [ -6.410481, 37.095175 ], [ -6.412688, 37.103509 ], [ -6.413806, 37.10799 ], [ -6.414369, 37.109688 ], [ -6.401851, 37.121705 ], [ -6.401579, 37.124039 ], [ -6.401641, 37.128736 ], [ -6.401764, 37.131014 ], [ -6.40183, 37.133896 ], [ -6.401721, 37.135264 ], [ -6.401658, 37.138572 ], [ -6.40172, 37.142327 ], [ -6.404484, 37.142063 ], [ -6.407539, 37.141601 ], [ -6.410187, 37.141203 ], [ -6.418967, 37.139975 ], [ -6.427515, 37.138802 ], [ -6.428026, 37.138744 ], [ -6.430228, 37.138496 ], [ -6.436327, 37.13781 ], [ -6.439066, 37.137485 ], [ -6.447036, 37.136361 ], [ -6.450058, 37.135935 ], [ -6.463867, 37.134102 ], [ -6.463968, 37.134225 ], [ -6.463097, 37.134735 ], [ -6.462057, 37.135319 ], [ -6.461269, 37.135759 ], [ -6.461179, 37.136316 ], [ -6.460446, 37.137952 ], [ -6.459724, 37.140456 ], [ -6.459627, 37.14076 ], [ -6.459507, 37.141255 ], [ -6.460052, 37.141324 ], [ -6.46069, 37.141398 ], [ -6.461043, 37.14155 ], [ -6.460939, 37.141807 ], [ -6.460778, 37.142064 ], [ -6.460616, 37.142301 ], [ -6.460391, 37.142445 ], [ -6.460198, 37.143259 ], [ -6.460068, 37.144211 ], [ -6.459788, 37.145026 ], [ -6.459752, 37.145514 ], [ -6.459977, 37.146014 ], [ -6.46003, 37.146544 ], [ -6.459916, 37.147194 ], [ -6.459735, 37.147665 ], [ -6.459778, 37.14797 ], [ -6.459863, 37.148569 ], [ -6.460269, 37.148627 ], [ -6.460291, 37.149111 ], [ -6.460051, 37.150156 ], [ -6.459416, 37.152046 ], [ -6.459212, 37.152651 ], [ -6.459098, 37.152666 ], [ -6.458906, 37.152881 ], [ -6.458313, 37.153176 ], [ -6.458071, 37.153552 ], [ -6.457865, 37.154112 ], [ -6.457423, 37.154539 ], [ -6.457164, 37.154547 ], [ -6.456586, 37.154519 ], [ -6.456157, 37.154601 ], [ -6.455817, 37.154749 ], [ -6.455387, 37.15543 ], [ -6.455471, 37.156006 ], [ -6.455687, 37.156322 ], [ -6.455795, 37.156803 ], [ -6.455658, 37.156947 ], [ -6.455671, 37.157246 ], [ -6.455741, 37.157499 ], [ -6.455819, 37.157958 ], [ -6.455723, 37.158378 ], [ -6.455627, 37.158795 ], [ -6.455588, 37.159213 ], [ -6.455517, 37.159559 ], [ -6.455541, 37.16009 ], [ -6.455876, 37.160472 ], [ -6.45639, 37.161 ], [ -6.456436, 37.161368 ], [ -6.456336, 37.161696 ], [ -6.456033, 37.162026 ], [ -6.455614, 37.162316 ], [ -6.455606, 37.162778 ], [ -6.455949, 37.163347 ], [ -6.456532, 37.164113 ], [ -6.456624, 37.16485 ], [ -6.456879, 37.166225 ], [ -6.45698, 37.167315 ], [ -6.457008, 37.167933 ], [ -6.457221, 37.168091 ], [ -6.457457, 37.168296 ], [ -6.457543, 37.16837 ], [ -6.457839, 37.169206 ], [ -6.458104, 37.169942 ], [ -6.458287, 37.170574 ], [ -6.458698, 37.171118 ], [ -6.458855, 37.171177 ], [ -6.459375, 37.171263 ], [ -6.459966, 37.171246 ], [ -6.46051, 37.171313 ], [ -6.460777, 37.171512 ], [ -6.460889, 37.171714 ], [ -6.460976, 37.171919 ], [ -6.461127, 37.171851 ], [ -6.461379, 37.17172 ], [ -6.461636, 37.171713 ], [ -6.461716, 37.171773 ], [ -6.462023, 37.171722 ], [ -6.462111, 37.171967 ], [ -6.462023, 37.1723 ], [ -6.462036, 37.172568 ], [ -6.461776, 37.173089 ], [ -6.461635, 37.173382 ], [ -6.461267, 37.173784 ], [ -6.460971, 37.174081 ], [ -6.460526, 37.174486 ], [ -6.460201, 37.174703 ], [ -6.459839, 37.175229 ], [ -6.459472, 37.175652 ], [ -6.459083, 37.176157 ], [ -6.45851, 37.176586 ], [ -6.458033, 37.177073 ], [ -6.457772, 37.177339 ], [ -6.456996, 37.178414 ], [ -6.456661, 37.17896 ], [ -6.45648, 37.179521 ], [ -6.456465, 37.180324 ], [ -6.456594, 37.180899 ], [ -6.457036, 37.181546 ], [ -6.45792, 37.182281 ], [ -6.458025, 37.182341 ], [ -6.458073, 37.18339 ], [ -6.458192, 37.185427 ], [ -6.458383, 37.187358 ], [ -6.458424, 37.188265 ], [ -6.458525, 37.188778 ], [ -6.458905, 37.189755 ], [ -6.45914, 37.190386 ], [ -6.459276, 37.191125 ], [ -6.459346, 37.191524 ], [ -6.459416, 37.191934 ], [ -6.459464, 37.192408 ], [ -6.459321, 37.19266 ], [ -6.45923, 37.192931 ], [ -6.4595, 37.193211 ], [ -6.459611, 37.193372 ], [ -6.459263, 37.19365 ], [ -6.45894, 37.193908 ], [ -6.458826, 37.19424 ], [ -6.45884, 37.194548 ], [ -6.459138, 37.19487 ], [ -6.459385, 37.195192 ], [ -6.459558, 37.195599 ], [ -6.459573, 37.19593 ], [ -6.459634, 37.19671 ], [ -6.459816, 37.197292 ], [ -6.45999, 37.197742 ], [ -6.460259, 37.19798 ], [ -6.460213, 37.198661 ], [ -6.459915, 37.199474 ], [ -6.4593, 37.200109 ], [ -6.458975, 37.200326 ], [ -6.458584, 37.20079 ], [ -6.457681, 37.201332 ], [ -6.457283, 37.201632 ], [ -6.456811, 37.202018 ], [ -6.456058, 37.202452 ], [ -6.455628, 37.202629 ], [ -6.455539, 37.20294 ], [ -6.455496, 37.203128 ], [ -6.455483, 37.203406 ], [ -6.455389, 37.203616 ], [ -6.455245, 37.203845 ], [ -6.455124, 37.204015 ], [ -6.455107, 37.204221 ], [ -6.455255, 37.204629 ], [ -6.45527, 37.204957 ], [ -6.455029, 37.205336 ], [ -6.454386, 37.205911 ], [ -6.453907, 37.206152 ], [ -6.453085, 37.206773 ], [ -6.452557, 37.207057 ], [ -6.452283, 37.207251 ], [ -6.451909, 37.20753 ], [ -6.45179, 37.207759 ], [ -6.451622, 37.208032 ], [ -6.451436, 37.20847 ], [ -6.451039, 37.208792 ], [ -6.450595, 37.209247 ], [ -6.450236, 37.209836 ], [ -6.450125, 37.210229 ], [ -6.450108, 37.210437 ], [ -6.449996, 37.210845 ], [ -6.449956, 37.210973 ], [ -6.449904, 37.211098 ], [ -6.449841, 37.211222 ], [ -6.449768, 37.211339 ], [ -6.449685, 37.211454 ], [ -6.449579, 37.211554 ], [ -6.449451, 37.211638 ], [ -6.449305, 37.211699 ], [ -6.449144, 37.211724 ], [ -6.448996, 37.211782 ], [ -6.448875, 37.211874 ], [ -6.448774, 37.211978 ], [ -6.448687, 37.21212 ], [ -6.448577, 37.212218 ], [ -6.448473, 37.21232 ], [ -6.448289, 37.212528 ], [ -6.448221, 37.212647 ], [ -6.448175, 37.212775 ], [ -6.448152, 37.212906 ], [ -6.448155, 37.21307 ], [ -6.448084, 37.21319 ], [ -6.447988, 37.213296 ], [ -6.447868, 37.213387 ], [ -6.447732, 37.213461 ], [ -6.447577, 37.213508 ], [ -6.447412, 37.213509 ], [ -6.447247, 37.213509 ], [ -6.447082, 37.2135 ], [ -6.446917, 37.213503 ], [ -6.446591, 37.213544 ], [ -6.44644, 37.213598 ], [ -6.446284, 37.213641 ], [ -6.446124, 37.213675 ], [ -6.445961, 37.213697 ], [ -6.445797, 37.213709 ], [ -6.445632, 37.213714 ], [ -6.44533, 37.213707 ], [ -6.445209, 37.213798 ], [ -6.445093, 37.213892 ], [ -6.444948, 37.21402 ], [ -6.444804, 37.214085 ], [ -6.444692, 37.21418 ], [ -6.44463, 37.214304 ], [ -6.444561, 37.214423 ], [ -6.4445, 37.214546 ], [ -6.444386, 37.21464 ], [ -6.444236, 37.214694 ], [ -6.444072, 37.214694 ], [ -6.443923, 37.21475 ], [ -6.443819, 37.214852 ], [ -6.443735, 37.214965 ], [ -6.443683, 37.21509 ], [ -6.443616, 37.215212 ], [ -6.443554, 37.215333 ], [ -6.443438, 37.215426 ], [ -6.443282, 37.215469 ], [ -6.442993, 37.215502 ], [ -6.442837, 37.215545 ], [ -6.442701, 37.215619 ], [ -6.442617, 37.215734 ], [ -6.442492, 37.215819 ], [ -6.442338, 37.215866 ], [ -6.442038, 37.215863 ], [ -6.441885, 37.215913 ], [ -6.441738, 37.215974 ], [ -6.4416, 37.216045 ], [ -6.441472, 37.21613 ], [ -6.441323, 37.216249 ], [ -6.441169, 37.216299 ], [ -6.441024, 37.216361 ], [ -6.44089, 37.21644 ], [ -6.440769, 37.216529 ], [ -6.440666, 37.216633 ], [ -6.440551, 37.216727 ], [ -6.440425, 37.216811 ], [ -6.440284, 37.216881 ], [ -6.440128, 37.216926 ], [ -6.439971, 37.216966 ], [ -6.439813, 37.217005 ], [ -6.439653, 37.217037 ], [ -6.439491, 37.217064 ], [ -6.439259, 37.217086 ], [ -6.439096, 37.217082 ], [ -6.438945, 37.217134 ], [ -6.438837, 37.217231 ], [ -6.438839, 37.217362 ], [ -6.438626, 37.217533 ], [ -6.438467, 37.217569 ], [ -6.438315, 37.21762 ], [ -6.438172, 37.217685 ], [ -6.43804, 37.217766 ], [ -6.437924, 37.217859 ], [ -6.437461, 37.218089 ], [ -6.437316, 37.218152 ], [ -6.43718, 37.218228 ], [ -6.437055, 37.218313 ], [ -6.436934, 37.218402 ], [ -6.436863, 37.218521 ], [ -6.436854, 37.218652 ], [ -6.436842, 37.218785 ], [ -6.436826, 37.218916 ], [ -6.436829, 37.219047 ], [ -6.436741, 37.219155 ], [ -6.436581, 37.219209 ], [ -6.435819, 37.219587 ], [ -6.43508, 37.21991 ], [ -6.434614, 37.220199 ], [ -6.434517, 37.220339 ], [ -6.434246, 37.220701 ], [ -6.43412, 37.220785 ], [ -6.433989, 37.220866 ], [ -6.433853, 37.220942 ], [ -6.433712, 37.221011 ], [ -6.433567, 37.221074 ], [ -6.433417, 37.22113 ], [ -6.433264, 37.221179 ], [ -6.433108, 37.221222 ], [ -6.43295, 37.221261 ], [ -6.432427, 37.221598 ], [ -6.432357, 37.221717 ], [ -6.43231, 37.221845 ], [ -6.432285, 37.221974 ], [ -6.432285, 37.222107 ], [ -6.432309, 37.222237 ], [ -6.432303, 37.222421 ], [ -6.432299, 37.222554 ], [ -6.432296, 37.222685 ], [ -6.432293, 37.222818 ], [ -6.432291, 37.222951 ], [ -6.432289, 37.223082 ], [ -6.432287, 37.223215 ], [ -6.432286, 37.223348 ], [ -6.432284, 37.223478 ], [ -6.432261, 37.22361 ], [ -6.43222, 37.223737 ], [ -6.432164, 37.223862 ], [ -6.432092, 37.223982 ], [ -6.432005, 37.224092 ], [ -6.431905, 37.224199 ], [ -6.431808, 37.224305 ], [ -6.431716, 37.224416 ], [ -6.431627, 37.224527 ], [ -6.431542, 37.22464 ], [ -6.43146, 37.224755 ], [ -6.431397, 37.224876 ], [ -6.431351, 37.225003 ], [ -6.431323, 37.225135 ], [ -6.431313, 37.225266 ], [ -6.431322, 37.225398 ], [ -6.43131, 37.225529 ], [ -6.431285, 37.225661 ], [ -6.431244, 37.225788 ], [ -6.43119, 37.225913 ], [ -6.431151, 37.226041 ], [ -6.431121, 37.226172 ], [ -6.431101, 37.226303 ], [ -6.431091, 37.226434 ], [ -6.431132, 37.226561 ], [ -6.431209, 37.226679 ], [ -6.431118, 37.22692 ], [ -6.431084, 37.227049 ], [ -6.431059, 37.227181 ], [ -6.431043, 37.227312 ], [ -6.431037, 37.227443 ], [ -6.43104, 37.227575 ], [ -6.431033, 37.227709 ], [ -6.431018, 37.22784 ], [ -6.430995, 37.227971 ], [ -6.430963, 37.2281 ], [ -6.430923, 37.228228 ], [ -6.430875, 37.228355 ], [ -6.43082, 37.228478 ], [ -6.430756, 37.228602 ], [ -6.430685, 37.228721 ], [ -6.43046, 37.229056 ], [ -6.430233, 37.229335 ], [ -6.430356, 37.229771 ], [ -6.430384, 37.229946 ], [ -6.430368, 37.230079 ], [ -6.43032, 37.230205 ], [ -6.430244, 37.230322 ], [ -6.430005, 37.230441 ], [ -6.429918, 37.230554 ], [ -6.42988, 37.230681 ], [ -6.429896, 37.230812 ], [ -6.429963, 37.230931 ], [ -6.43021, 37.231089 ], [ -6.430022, 37.231479 ], [ -6.429883, 37.231634 ], [ -6.429785, 37.231741 ], [ -6.429684, 37.231847 ], [ -6.429594, 37.231958 ], [ -6.429514, 37.232073 ], [ -6.429446, 37.232192 ], [ -6.429389, 37.232317 ], [ -6.429344, 37.232445 ], [ -6.429311, 37.232574 ], [ -6.42929, 37.232705 ], [ -6.429009, 37.234054 ], [ -6.428862, 37.234608 ], [ -6.428252, 37.235501 ], [ -6.428105, 37.236792 ], [ -6.427646, 37.237909 ], [ -6.426953, 37.237945 ], [ -6.426663, 37.237991 ], [ -6.42638, 37.23818 ], [ -6.426024, 37.238276 ], [ -6.425454, 37.238369 ], [ -6.424894, 37.23847 ], [ -6.424376, 37.238641 ], [ -6.423589, 37.238882 ], [ -6.422496, 37.239256 ], [ -6.420655, 37.239845 ], [ -6.41976, 37.24009 ], [ -6.419006, 37.239972 ], [ -6.418261, 37.239854 ], [ -6.41742, 37.239777 ], [ -6.416983, 37.239695 ], [ -6.416237, 37.239764 ], [ -6.414835, 37.239959 ], [ -6.414599, 37.240122 ], [ -6.413835, 37.240245 ], [ -6.413496, 37.240271 ], [ -6.413336, 37.240183 ], [ -6.413186, 37.239858 ], [ -6.413076, 37.239364 ], [ -6.412994, 37.239062 ], [ -6.412914, 37.239094 ], [ -6.412276, 37.239225 ], [ -6.411884, 37.239247 ], [ -6.411685, 37.23933 ], [ -6.411453, 37.239478 ], [ -6.411144, 37.239496 ], [ -6.410944, 37.239578 ], [ -6.410406, 37.239812 ], [ -6.40999, 37.239845 ], [ -6.409671, 37.23991 ], [ -6.409167, 37.240098 ], [ -6.408602, 37.240256 ], [ -6.408105, 37.240356 ], [ -6.407761, 37.240395 ], [ -6.40728, 37.240315 ], [ -6.406318, 37.240122 ], [ -6.405482, 37.239851 ], [ -6.405348, 37.239769 ], [ -6.405126, 37.23989 ], [ -6.404911, 37.239876 ], [ -6.404618, 37.239722 ], [ -6.403894, 37.239534 ], [ -6.403577, 37.239381 ], [ -6.402938, 37.239219 ], [ -6.402445, 37.239136 ], [ -6.402037, 37.239092 ], [ -6.401249, 37.238799 ], [ -6.40112, 37.238724 ], [ -6.400446, 37.2395 ], [ -6.400291, 37.23977 ], [ -6.400265, 37.239881 ], [ -6.400201, 37.240165 ], [ -6.400246, 37.240907 ], [ -6.400108, 37.241406 ], [ -6.39949, 37.242521 ], [ -6.398543, 37.244273 ], [ -6.397894, 37.245475 ], [ -6.397734, 37.245641 ], [ -6.396559, 37.246571 ], [ -6.396267, 37.246837 ], [ -6.396138, 37.247156 ], [ -6.396109, 37.247361 ], [ -6.396117, 37.247478 ], [ -6.396135, 37.247559 ], [ -6.396266, 37.248143 ], [ -6.396745, 37.250323 ], [ -6.397103, 37.252049 ], [ -6.39718, 37.252419 ], [ -6.397112, 37.252621 ], [ -6.396978, 37.252711 ], [ -6.396229, 37.253036 ], [ -6.395647, 37.253348 ], [ -6.395141, 37.253764 ], [ -6.394927, 37.254056 ], [ -6.394632, 37.254645 ], [ -6.394142, 37.255556 ], [ -6.393941, 37.255866 ], [ -6.393717, 37.256064 ], [ -6.393065, 37.256427 ], [ -6.392306, 37.256782 ], [ -6.391054, 37.257322 ], [ -6.389554, 37.257938 ], [ -6.388619, 37.258356 ], [ -6.388257, 37.258529 ], [ -6.38767, 37.258746 ], [ -6.387271, 37.258911 ], [ -6.386166, 37.259255 ], [ -6.385709, 37.259451 ], [ -6.385667, 37.259576 ], [ -6.385244, 37.259721 ], [ -6.384782, 37.259802 ], [ -6.384216, 37.259264 ], [ -6.38368, 37.258754 ], [ -6.383278, 37.258577 ], [ -6.383087, 37.258571 ], [ -6.382704, 37.258278 ], [ -6.382284, 37.257679 ], [ -6.381889, 37.257396 ], [ -6.381608, 37.257241 ], [ -6.381221, 37.257117 ], [ -6.380906, 37.256962 ], [ -6.380679, 37.256734 ], [ -6.380372, 37.256552 ], [ -6.380031, 37.256381 ], [ -6.379589, 37.256117 ], [ -6.379282, 37.255916 ], [ -6.378831, 37.255422 ], [ -6.378633, 37.255218 ], [ -6.37841, 37.255092 ], [ -6.378102, 37.25513 ], [ -6.377841, 37.255164 ], [ -6.377648, 37.255122 ], [ -6.377486, 37.254965 ], [ -6.3775, 37.254737 ], [ -6.377848, 37.254382 ], [ -6.37816, 37.254164 ], [ -6.378189, 37.25401 ], [ -6.37814, 37.253725 ], [ -6.377849, 37.253461 ], [ -6.377778, 37.253398 ], [ -6.376693, 37.252843 ], [ -6.375953, 37.252549 ], [ -6.375225, 37.252552 ], [ -6.374676, 37.252538 ], [ -6.374455, 37.2524 ], [ -6.374235, 37.252026 ], [ -6.374203, 37.251693 ], [ -6.37415, 37.251589 ], [ -6.373815, 37.251304 ], [ -6.37347, 37.251036 ], [ -6.373033, 37.250878 ], [ -6.37268, 37.250726 ], [ -6.372254, 37.250519 ], [ -6.371854, 37.250109 ], [ -6.371779, 37.249769 ], [ -6.371715, 37.249399 ], [ -6.371468, 37.249206 ], [ -6.371238, 37.249012 ], [ -6.371041, 37.248876 ], [ -6.370856, 37.248728 ], [ -6.370631, 37.24823 ], [ -6.370583, 37.247859 ], [ -6.370561, 37.247725 ], [ -6.370657, 37.247483 ], [ -6.370844, 37.247266 ], [ -6.370828, 37.247042 ], [ -6.370731, 37.246738 ], [ -6.370326, 37.246472 ], [ -6.370089, 37.246231 ], [ -6.369881, 37.245589 ], [ -6.369839, 37.245315 ], [ -6.369947, 37.245082 ], [ -6.370046, 37.24487 ], [ -6.370394, 37.244392 ], [ -6.370713, 37.243925 ], [ -6.370756, 37.2438 ], [ -6.370892, 37.243395 ], [ -6.370855, 37.243101 ], [ -6.370753, 37.242933 ], [ -6.370619, 37.242723 ], [ -6.370613, 37.242471 ], [ -6.370724, 37.24229 ], [ -6.370913, 37.241985 ], [ -6.371066, 37.241665 ], [ -6.37107, 37.241485 ], [ -6.370829, 37.241347 ], [ -6.370618, 37.241392 ], [ -6.370122, 37.240978 ], [ -6.369384, 37.240465 ], [ -6.368978, 37.239932 ], [ -6.368618, 37.239343 ], [ -6.368627, 37.239196 ], [ -6.368341, 37.239274 ], [ -6.368021, 37.239587 ], [ -6.367225, 37.239123 ], [ -6.366694, 37.238978 ], [ -6.366181, 37.239027 ], [ -6.365536, 37.238637 ], [ -6.365304, 37.238236 ], [ -6.365306, 37.237973 ], [ -6.365418, 37.237747 ], [ -6.365707, 37.237333 ], [ -6.365756, 37.237138 ], [ -6.365819, 37.236974 ], [ -6.365996, 37.236539 ], [ -6.366157, 37.236336 ], [ -6.36541, 37.236233 ], [ -6.365118, 37.236174 ], [ -6.364788, 37.236048 ], [ -6.36455, 37.235877 ], [ -6.363743, 37.235668 ], [ -6.363044, 37.235503 ], [ -6.362923, 37.235466 ], [ -6.362559, 37.235722 ], [ -6.361819, 37.235961 ], [ -6.361009, 37.236176 ], [ -6.360528, 37.236293 ], [ -6.36003, 37.236413 ], [ -6.359243, 37.236573 ], [ -6.359074, 37.236663 ], [ -6.359256, 37.236897 ], [ -6.359585, 37.237437 ], [ -6.359684, 37.237939 ], [ -6.359693, 37.238135 ], [ -6.3597, 37.238306 ], [ -6.359455, 37.238801 ], [ -6.359091, 37.239208 ], [ -6.35848, 37.239638 ], [ -6.357528, 37.240138 ], [ -6.357008, 37.240459 ], [ -6.356247, 37.240969 ], [ -6.355583, 37.24149 ], [ -6.355053, 37.242041 ], [ -6.354735, 37.242629 ], [ -6.35444, 37.243279 ], [ -6.354112, 37.244084 ], [ -6.353983, 37.244606 ], [ -6.353891, 37.244856 ], [ -6.353761, 37.24538 ], [ -6.353281, 37.24622 ], [ -6.352983, 37.246841 ], [ -6.352168, 37.247907 ], [ -6.352057, 37.248055 ], [ -6.351969, 37.248167 ], [ -6.351879, 37.248278 ], [ -6.351785, 37.248387 ], [ -6.351688, 37.248493 ], [ -6.351588, 37.248599 ], [ -6.351486, 37.248704 ], [ -6.351381, 37.248806 ], [ -6.351273, 37.248906 ], [ -6.351178, 37.249014 ], [ -6.351098, 37.249129 ], [ -6.351032, 37.24925 ], [ -6.350981, 37.249376 ], [ -6.350946, 37.249505 ], [ -6.350928, 37.249636 ], [ -6.350998, 37.249754 ], [ -6.351076, 37.249871 ], [ -6.351175, 37.249976 ], [ -6.351292, 37.25007 ], [ -6.351424, 37.250149 ], [ -6.351548, 37.25024 ], [ -6.351661, 37.250336 ], [ -6.351766, 37.250439 ], [ -6.35187, 37.250542 ], [ -6.351971, 37.250647 ], [ -6.352069, 37.250753 ], [ -6.352163, 37.250863 ], [ -6.352254, 37.250973 ], [ -6.352342, 37.251083 ], [ -6.352427, 37.251198 ], [ -6.352508, 37.251312 ], [ -6.352585, 37.25143 ], [ -6.352659, 37.251547 ], [ -6.35273, 37.251666 ], [ -6.352797, 37.251788 ], [ -6.35286, 37.251911 ], [ -6.352919, 37.252033 ], [ -6.352975, 37.252157 ], [ -6.353027, 37.252284 ], [ -6.353076, 37.252409 ], [ -6.35312, 37.252536 ], [ -6.353174, 37.252683 ], [ -6.353223, 37.252808 ], [ -6.353274, 37.252935 ], [ -6.353328, 37.25306 ], [ -6.353384, 37.253184 ], [ -6.353443, 37.253309 ], [ -6.353504, 37.253431 ], [ -6.353567, 37.253553 ], [ -6.353632, 37.253675 ], [ -6.353699, 37.253795 ], [ -6.353769, 37.253914 ], [ -6.35383, 37.254039 ], [ -6.353883, 37.254163 ], [ -6.353928, 37.25429 ], [ -6.353966, 37.254418 ], [ -6.353995, 37.254547 ], [ -6.354017, 37.25468 ], [ -6.354031, 37.25481 ], [ -6.354037, 37.254943 ], [ -6.354035, 37.255076 ], [ -6.354024, 37.255207 ], [ -6.354044, 37.255402 ], [ -6.354, 37.255529 ], [ -6.353829, 37.255994 ], [ -6.353758, 37.256212 ], [ -6.35372, 37.256339 ], [ -6.353684, 37.256469 ], [ -6.353649, 37.256598 ], [ -6.353617, 37.256727 ], [ -6.353588, 37.256859 ], [ -6.35355, 37.256986 ], [ -6.353507, 37.257113 ], [ -6.353459, 37.257241 ], [ -6.353406, 37.257366 ], [ -6.353348, 37.257489 ], [ -6.353285, 37.257613 ], [ -6.353217, 37.257732 ], [ -6.353145, 37.257851 ], [ -6.352807, 37.258428 ], [ -6.352256, 37.259408 ], [ -6.351637, 37.260574 ], [ -6.351271, 37.260968 ], [ -6.350847, 37.261777 ], [ -6.35038, 37.262495 ], [ -6.350082, 37.263544 ], [ -6.349612, 37.264616 ], [ -6.349186, 37.265394 ], [ -6.348823, 37.265832 ], [ -6.348231, 37.266324 ], [ -6.347412, 37.266884 ], [ -6.344514, 37.269385 ], [ -6.343321, 37.270572 ], [ -6.342661, 37.270329 ], [ -6.341759, 37.270028 ], [ -6.340856, 37.269715 ], [ -6.340157, 37.269409 ], [ -6.339618, 37.269075 ], [ -6.339194, 37.268715 ], [ -6.338658, 37.268124 ], [ -6.337903, 37.266886 ], [ -6.33756, 37.266362 ], [ -6.336629, 37.26492 ], [ -6.336181, 37.264351 ], [ -6.335387, 37.263534 ], [ -6.334388, 37.262688 ], [ -6.333307, 37.261799 ], [ -6.332585, 37.261284 ], [ -6.332047, 37.260983 ], [ -6.33197, 37.260956 ], [ -6.331987, 37.261053 ], [ -6.33204, 37.261218 ], [ -6.332067, 37.261348 ], [ -6.332082, 37.261464 ], [ -6.332072, 37.26162 ], [ -6.332028, 37.261775 ], [ -6.331951, 37.261919 ], [ -6.331859, 37.262032 ], [ -6.331914, 37.262104 ], [ -6.331993, 37.262219 ], [ -6.332034, 37.262288 ], [ -6.332101, 37.26241 ], [ -6.332131, 37.26247 ], [ -6.332187, 37.262595 ], [ -6.332212, 37.262657 ], [ -6.332241, 37.262744 ], [ -6.332274, 37.262811 ], [ -6.332322, 37.262902 ], [ -6.332373, 37.26299 ], [ -6.332429, 37.263076 ], [ -6.3325, 37.263176 ], [ -6.332579, 37.263311 ], [ -6.332636, 37.263436 ], [ -6.33267, 37.263525 ], [ -6.332711, 37.263654 ], [ -6.332732, 37.263739 ], [ -6.332757, 37.263869 ], [ -6.332768, 37.263959 ], [ -6.332776, 37.264092 ], [ -6.332779, 37.264258 ], [ -6.332771, 37.264434 ], [ -6.332766, 37.264558 ], [ -6.332762, 37.264691 ], [ -6.332728, 37.264884 ], [ -6.332688, 37.265011 ], [ -6.332638, 37.265134 ], [ -6.332574, 37.265257 ], [ -6.332511, 37.26536 ], [ -6.33243, 37.265475 ], [ -6.332346, 37.265577 ], [ -6.332246, 37.265681 ], [ -6.33216, 37.26576 ], [ -6.332059, 37.265844 ], [ -6.331971, 37.265923 ], [ -6.331913, 37.265976 ], [ -6.331876, 37.26611 ], [ -6.331852, 37.266197 ], [ -6.331892, 37.266306 ], [ -6.331973, 37.266378 ], [ -6.332057, 37.266461 ], [ -6.332152, 37.266569 ], [ -6.332275, 37.26675 ], [ -6.332321, 37.266861 ], [ -6.332362, 37.266989 ], [ -6.332398, 37.267184 ], [ -6.332505, 37.267358 ], [ -6.33255, 37.267465 ], [ -6.332592, 37.267593 ], [ -6.332629, 37.26781 ], [ -6.332631, 37.267909 ], [ -6.332642, 37.268006 ], [ -6.332654, 37.268147 ], [ -6.332667, 37.268248 ], [ -6.332676, 37.268304 ], [ -6.332828, 37.268379 ], [ -6.332993, 37.268462 ], [ -6.333149, 37.268543 ], [ -6.333328, 37.26866 ], [ -6.333444, 37.268753 ], [ -6.333574, 37.26888 ], [ -6.333668, 37.26899 ], [ -6.33376, 37.269118 ], [ -6.333829, 37.269238 ], [ -6.333896, 37.269385 ], [ -6.333932, 37.269492 ], [ -6.333977, 37.269605 ], [ -6.334141, 37.269664 ], [ -6.334278, 37.269737 ], [ -6.334452, 37.269851 ], [ -6.33457, 37.269945 ], [ -6.334708, 37.270078 ], [ -6.334801, 37.270188 ], [ -6.334839, 37.270234 ], [ -6.334922, 37.270347 ], [ -6.334984, 37.270447 ], [ -6.335051, 37.270569 ], [ -6.335095, 37.270664 ], [ -6.335143, 37.270791 ], [ -6.335154, 37.270854 ], [ -6.335221, 37.27092 ], [ -6.335304, 37.27101 ], [ -6.335393, 37.271122 ], [ -6.33545, 37.271204 ], [ -6.335524, 37.271321 ], [ -6.335596, 37.271465 ], [ -6.335643, 37.271592 ], [ -6.33568, 37.271729 ], [ -6.335703, 37.271859 ], [ -6.335713, 37.271998 ], [ -6.335709, 37.272131 ], [ -6.335702, 37.272219 ], [ -6.335682, 37.27235 ], [ -6.335663, 37.272441 ], [ -6.335626, 37.27257 ], [ -6.335595, 37.272661 ], [ -6.335542, 37.272787 ], [ -6.335497, 37.272878 ], [ -6.335532, 37.272974 ], [ -6.335649, 37.273086 ], [ -6.335745, 37.273193 ], [ -6.335839, 37.273317 ], [ -6.335883, 37.27337 ], [ -6.335968, 37.27341 ], [ -6.336084, 37.273465 ], [ -6.336183, 37.273505 ], [ -6.336284, 37.273545 ], [ -6.336388, 37.273578 ], [ -6.336523, 37.273617 ], [ -6.336716, 37.27368 ], [ -6.336869, 37.273729 ], [ -6.33704, 37.273787 ], [ -6.337154, 37.273827 ], [ -6.337241, 37.273852 ], [ -6.337371, 37.27388 ], [ -6.337703, 37.274005 ], [ -6.337839, 37.27408 ], [ -6.338074, 37.274254 ], [ -6.338179, 37.274357 ], [ -6.338339, 37.274568 ], [ -6.338403, 37.274686 ], [ -6.338468, 37.274808 ], [ -6.338544, 37.274959 ], [ -6.338616, 37.275128 ], [ -6.338674, 37.275284 ], [ -6.338725, 37.275432 ], [ -6.338757, 37.275532 ], [ -6.33881, 37.275634 ], [ -6.33885, 37.275692 ], [ -6.338905, 37.275753 ], [ -6.339002, 37.275791 ], [ -6.339138, 37.275819 ], [ -6.339295, 37.275859 ], [ -6.33941, 37.275894 ], [ -6.339561, 37.275948 ], [ -6.33966, 37.275988 ], [ -6.339804, 37.276054 ], [ -6.339888, 37.276097 ], [ -6.340011, 37.276166 ], [ -6.340124, 37.276225 ], [ -6.340237, 37.276281 ], [ -6.340362, 37.276338 ], [ -6.340525, 37.276417 ], [ -6.340698, 37.276509 ], [ -6.340856, 37.276594 ], [ -6.340999, 37.276678 ], [ -6.341107, 37.276736 ], [ -6.341243, 37.276806 ], [ -6.341422, 37.27691 ], [ -6.3416, 37.277024 ], [ -6.341753, 37.277132 ], [ -6.341921, 37.27726 ], [ -6.342063, 37.27738 ], [ -6.342207, 37.277514 ], [ -6.342254, 37.277562 ], [ -6.342352, 37.277667 ], [ -6.342399, 37.277722 ], [ -6.342489, 37.277834 ], [ -6.342601, 37.277991 ], [ -6.342636, 37.278044 ], [ -6.342707, 37.278164 ], [ -6.342786, 37.278308 ], [ -6.342865, 37.278466 ], [ -6.342933, 37.278617 ], [ -6.342984, 37.278744 ], [ -6.343018, 37.278815 ], [ -6.343056, 37.278877 ], [ -6.343102, 37.278943 ], [ -6.343177, 37.279038 ], [ -6.343266, 37.279177 ], [ -6.343323, 37.279329 ], [ -6.34334, 37.279407 ], [ -6.343367, 37.279589 ], [ -6.343374, 37.27974 ], [ -6.343366, 37.279873 ], [ -6.34333, 37.280061 ], [ -6.343378, 37.280213 ], [ -6.343444, 37.280335 ], [ -6.343511, 37.28056 ], [ -6.343579, 37.280666 ], [ -6.343613, 37.280744 ], [ -6.343661, 37.280871 ], [ -6.343708, 37.281091 ], [ -6.343716, 37.28123 ], [ -6.343706, 37.281386 ], [ -6.343661, 37.28154 ], [ -6.343606, 37.28165 ], [ -6.343535, 37.281769 ], [ -6.343407, 37.281935 ], [ -6.343273, 37.282049 ], [ -6.34315, 37.282131 ], [ -6.343076, 37.28219 ], [ -6.34294, 37.282284 ], [ -6.342806, 37.282362 ], [ -6.342657, 37.282436 ], [ -6.34251, 37.282496 ], [ -6.342341, 37.282553 ], [ -6.342184, 37.282593 ], [ -6.342031, 37.282623 ], [ -6.341965, 37.282631 ], [ -6.341874, 37.282663 ], [ -6.341796, 37.282699 ], [ -6.341724, 37.282735 ], [ -6.341637, 37.282787 ], [ -6.341534, 37.282851 ], [ -6.341434, 37.282919 ], [ -6.341331, 37.282991 ], [ -6.341268, 37.283088 ], [ -6.341228, 37.28322 ], [ -6.341196, 37.283331 ], [ -6.341168, 37.283442 ], [ -6.341141, 37.283564 ], [ -6.341093, 37.283732 ], [ -6.341043, 37.283889 ], [ -6.340981, 37.284053 ], [ -6.340914, 37.284208 ], [ -6.340839, 37.284361 ], [ -6.340757, 37.284515 ], [ -6.340668, 37.284666 ], [ -6.340492, 37.284876 ], [ -6.340193, 37.285143 ], [ -6.340146, 37.28523 ], [ -6.340103, 37.285303 ], [ -6.340001, 37.28543 ], [ -6.339994, 37.285538 ], [ -6.33995, 37.285693 ], [ -6.339847, 37.285914 ], [ -6.339813, 37.28598 ], [ -6.339742, 37.286102 ], [ -6.3397, 37.286166 ], [ -6.339682, 37.286252 ], [ -6.339699, 37.286362 ], [ -6.339717, 37.286458 ], [ -6.339745, 37.28657 ], [ -6.339777, 37.286745 ], [ -6.3398, 37.28692 ], [ -6.339811, 37.287095 ], [ -6.339813, 37.287269 ], [ -6.339804, 37.287447 ], [ -6.339795, 37.287589 ], [ -6.339784, 37.287722 ], [ -6.339769, 37.287871 ], [ -6.339749, 37.287982 ], [ -6.339715, 37.288112 ], [ -6.339686, 37.288198 ], [ -6.339637, 37.288323 ], [ -6.339598, 37.288408 ], [ -6.339533, 37.288529 ], [ -6.339487, 37.288605 ], [ -6.339407, 37.288722 ], [ -6.339344, 37.288802 ], [ -6.33925, 37.288911 ], [ -6.339179, 37.288985 ], [ -6.339072, 37.289085 ], [ -6.338996, 37.289148 ], [ -6.338877, 37.289239 ], [ -6.338799, 37.289295 ], [ -6.338669, 37.289378 ], [ -6.338539, 37.28946 ], [ -6.338368, 37.28956 ], [ -6.338177, 37.28966 ], [ -6.338052, 37.289722 ], [ -6.337998, 37.289753 ], [ -6.337948, 37.28979 ], [ -6.337867, 37.289862 ], [ -6.337822, 37.289927 ], [ -6.33779, 37.290009 ], [ -6.337761, 37.290136 ], [ -6.337733, 37.290244 ], [ -6.33769, 37.290381 ], [ -6.337691, 37.290457 ], [ -6.337684, 37.290563 ], [ -6.337666, 37.290695 ], [ -6.337647, 37.29079 ], [ -6.337611, 37.290919 ], [ -6.337578, 37.291012 ], [ -6.337525, 37.291138 ], [ -6.337478, 37.291231 ], [ -6.33742, 37.291332 ], [ -6.337367, 37.291435 ], [ -6.337308, 37.291549 ], [ -6.33725, 37.291668 ], [ -6.337213, 37.291734 ], [ -6.33714, 37.291854 ], [ -6.337095, 37.291918 ], [ -6.337011, 37.292031 ], [ -6.336969, 37.292084 ], [ -6.336875, 37.292192 ], [ -6.336822, 37.292248 ], [ -6.336751, 37.292317 ], [ -6.336705, 37.292373 ], [ -6.336668, 37.292421 ], [ -6.336663, 37.292633 ], [ -6.336642, 37.292762 ], [ -6.336617, 37.292864 ], [ -6.33658, 37.292982 ], [ -6.336415, 37.293563 ], [ -6.336334, 37.293841 ], [ -6.336321, 37.293958 ], [ -6.336306, 37.294046 ], [ -6.336276, 37.294176 ], [ -6.336255, 37.294248 ], [ -6.336211, 37.294376 ], [ -6.336184, 37.294444 ], [ -6.336128, 37.294569 ], [ -6.336063, 37.294686 ], [ -6.335956, 37.294817 ], [ -6.33585, 37.294911 ], [ -6.335732, 37.295002 ], [ -6.335547, 37.295117 ], [ -6.335362, 37.295192 ], [ -6.335505, 37.295364 ], [ -6.335596, 37.295465 ], [ -6.335685, 37.295604 ], [ -6.335743, 37.295756 ], [ -6.335778, 37.295904 ], [ -6.335798, 37.296041 ], [ -6.335787, 37.296196 ], [ -6.335756, 37.29635 ], [ -6.335719, 37.296502 ], [ -6.335665, 37.296679 ], [ -6.335646, 37.296734 ], [ -6.335595, 37.296859 ], [ -6.335515, 37.297031 ], [ -6.335464, 37.297122 ], [ -6.335388, 37.297239 ], [ -6.33534, 37.297306 ], [ -6.33525, 37.297419 ], [ -6.335177, 37.297502 ], [ -6.335074, 37.297604 ], [ -6.335011, 37.297662 ], [ -6.334896, 37.297758 ], [ -6.334749, 37.297872 ], [ -6.334648, 37.297951 ], [ -6.334545, 37.298038 ], [ -6.334448, 37.298119 ], [ -6.334339, 37.298208 ], [ -6.334194, 37.298431 ], [ -6.334336, 37.298573 ], [ -6.334464, 37.298716 ], [ -6.334576, 37.29885 ], [ -6.334684, 37.298991 ], [ -6.334789, 37.299141 ], [ -6.33486, 37.299252 ], [ -6.334913, 37.29932 ], [ -6.334978, 37.299397 ], [ -6.335051, 37.299476 ], [ -6.335125, 37.299553 ], [ -6.335203, 37.299623 ], [ -6.335294, 37.299701 ], [ -6.335393, 37.299782 ], [ -6.335498, 37.299865 ], [ -6.3356, 37.299943 ], [ -6.335704, 37.300019 ], [ -6.335777, 37.300071 ], [ -6.335869, 37.300118 ], [ -6.336029, 37.300167 ], [ -6.336206, 37.30023 ], [ -6.336351, 37.300293 ], [ -6.336482, 37.300359 ], [ -6.336615, 37.300439 ], [ -6.336719, 37.30051 ], [ -6.336838, 37.300602 ], [ -6.336929, 37.300678 ], [ -6.337033, 37.300779 ], [ -6.337123, 37.30088 ], [ -6.33721, 37.300992 ], [ -6.337296, 37.301127 ], [ -6.337354, 37.301279 ], [ -6.337367, 37.301339 ], [ -6.337392, 37.301482 ], [ -6.337415, 37.301633 ], [ -6.337433, 37.301788 ], [ -6.337444, 37.301913 ], [ -6.337458, 37.302003 ], [ -6.337477, 37.302093 ], [ -6.337502, 37.302184 ], [ -6.337523, 37.302249 ], [ -6.33757, 37.302333 ], [ -6.337603, 37.30238 ], [ -6.337645, 37.302424 ], [ -6.338047, 37.302806 ], [ -6.33819, 37.302931 ], [ -6.338308, 37.303009 ], [ -6.338384, 37.303049 ], [ -6.338489, 37.303098 ], [ -6.338688, 37.303214 ], [ -6.33881, 37.303303 ], [ -6.338955, 37.303432 ], [ -6.339053, 37.303537 ], [ -6.339167, 37.303689 ], [ -6.339238, 37.303809 ], [ -6.339312, 37.303971 ], [ -6.339352, 37.304099 ], [ -6.339376, 37.304195 ], [ -6.339399, 37.304325 ], [ -6.33941, 37.304437 ], [ -6.339413, 37.304559 ], [ -6.339419, 37.304676 ], [ -6.339426, 37.304797 ], [ -6.339488, 37.304865 ], [ -6.339562, 37.304924 ], [ -6.339737, 37.305076 ], [ -6.339873, 37.305201 ], [ -6.339997, 37.305324 ], [ -6.340117, 37.305449 ], [ -6.340232, 37.305578 ], [ -6.340338, 37.305699 ], [ -6.34045, 37.30584 ], [ -6.340548, 37.30597 ], [ -6.34065, 37.306114 ], [ -6.340735, 37.306242 ], [ -6.340786, 37.306328 ], [ -6.340844, 37.30648 ], [ -6.340868, 37.306635 ], [ -6.340861, 37.30677 ], [ -6.340841, 37.30691 ], [ -6.340831, 37.30701 ], [ -6.340826, 37.307109 ], [ -6.340826, 37.307226 ], [ -6.340825, 37.307354 ], [ -6.340825, 37.307431 ], [ -6.340907, 37.307514 ], [ -6.341007, 37.307615 ], [ -6.341117, 37.307727 ], [ -6.341216, 37.307828 ], [ -6.3413, 37.307913 ], [ -6.341381, 37.30799 ], [ -6.341466, 37.308062 ], [ -6.341553, 37.308134 ], [ -6.341645, 37.308203 ], [ -6.341734, 37.308264 ], [ -6.341837, 37.30833 ], [ -6.341939, 37.308393 ], [ -6.34205, 37.308455 ], [ -6.342111, 37.308492 ], [ -6.342246, 37.308578 ], [ -6.342385, 37.308682 ], [ -6.342494, 37.30878 ], [ -6.342612, 37.30891 ], [ -6.342698, 37.309022 ], [ -6.342788, 37.309166 ], [ -6.342848, 37.309291 ], [ -6.342883, 37.309375 ], [ -6.342927, 37.309502 ], [ -6.342954, 37.309605 ], [ -6.342979, 37.309735 ], [ -6.342992, 37.309838 ], [ -6.342998, 37.309971 ], [ -6.343001, 37.31012 ], [ -6.343023, 37.310187 ], [ -6.343113, 37.310281 ], [ -6.343179, 37.310347 ], [ -6.34323, 37.31039 ], [ -6.343286, 37.310429 ], [ -6.343348, 37.310468 ], [ -6.343422, 37.310507 ], [ -6.343535, 37.310557 ], [ -6.343761, 37.310693 ], [ -6.344257, 37.311075 ], [ -6.344312, 37.311121 ], [ -6.34443, 37.311246 ], [ -6.344493, 37.311337 ], [ -6.344773, 37.311809 ], [ -6.344849, 37.311887 ], [ -6.344999, 37.312095 ], [ -6.345062, 37.312217 ], [ -6.345121, 37.312362 ], [ -6.345173, 37.312405 ], [ -6.345284, 37.312504 ], [ -6.345402, 37.312611 ], [ -6.345508, 37.312707 ], [ -6.345603, 37.312796 ], [ -6.34568, 37.312857 ], [ -6.345774, 37.312929 ], [ -6.345867, 37.312996 ], [ -6.345959, 37.313057 ], [ -6.346054, 37.313115 ], [ -6.346157, 37.31317 ], [ -6.346274, 37.313232 ], [ -6.346814, 37.313503 ], [ -6.346905, 37.313555 ], [ -6.347589, 37.313977 ], [ -6.348276, 37.314354 ], [ -6.348464, 37.314441 ], [ -6.348576, 37.314501 ], [ -6.348707, 37.31458 ], [ -6.348799, 37.314643 ], [ -6.34892, 37.314734 ], [ -6.348989, 37.314791 ], [ -6.349098, 37.314889 ], [ -6.34917, 37.314959 ], [ -6.349222, 37.315018 ], [ -6.349421, 37.314957 ], [ -6.349582, 37.314929 ], [ -6.349793, 37.31491 ], [ -6.349958, 37.314907 ], [ -6.35021, 37.314927 ], [ -6.350371, 37.314954 ], [ -6.350624, 37.315022 ], [ -6.350773, 37.315078 ], [ -6.350991, 37.315187 ], [ -6.35112, 37.315269 ], [ -6.351324, 37.315436 ], [ -6.351422, 37.315542 ], [ -6.351562, 37.31574 ], [ -6.351602, 37.315818 ], [ -6.351654, 37.315889 ], [ -6.351732, 37.315956 ], [ -6.351787, 37.315993 ], [ -6.351937, 37.316065 ], [ -6.352063, 37.316123 ], [ -6.35218, 37.316171 ], [ -6.3523, 37.31622 ], [ -6.352411, 37.316259 ], [ -6.352507, 37.31629 ], [ -6.352606, 37.316317 ], [ -6.352716, 37.316341 ], [ -6.35282, 37.31636 ], [ -6.352944, 37.316377 ], [ -6.353079, 37.316394 ], [ -6.353214, 37.316405 ], [ -6.353369, 37.316419 ], [ -6.353603, 37.316457 ], [ -6.353784, 37.31652 ], [ -6.354152, 37.316685 ], [ -6.354317, 37.316771 ], [ -6.354438, 37.316859 ], [ -6.354666, 37.316968 ], [ -6.354775, 37.317035 ], [ -6.355169, 37.31731 ], [ -6.355702, 37.317587 ], [ -6.35579, 37.317637 ], [ -6.35601, 37.317777 ], [ -6.356079, 37.317824 ], [ -6.3562, 37.317915 ], [ -6.356347, 37.318035 ], [ -6.356397, 37.318079 ], [ -6.356506, 37.318179 ], [ -6.356646, 37.318322 ], [ -6.356772, 37.318465 ], [ -6.356892, 37.318641 ], [ -6.35695, 37.318793 ], [ -6.356977, 37.318896 ], [ -6.357011, 37.318949 ], [ -6.35734, 37.319205 ], [ -6.357741, 37.319385 ], [ -6.357863, 37.319434 ], [ -6.358058, 37.319516 ], [ -6.358117, 37.319546 ], [ -6.358257, 37.319616 ], [ -6.358327, 37.319655 ], [ -6.358461, 37.319734 ], [ -6.358623, 37.319836 ], [ -6.35869, 37.319883 ], [ -6.358811, 37.319974 ], [ -6.359014, 37.320135 ], [ -6.35911, 37.320207 ], [ -6.359214, 37.32028 ], [ -6.359325, 37.320358 ], [ -6.359443, 37.320436 ], [ -6.359495, 37.320473 ], [ -6.359908, 37.320781 ], [ -6.35996, 37.320822 ], [ -6.360047, 37.320894 ], [ -6.360258, 37.320951 ], [ -6.360567, 37.321078 ], [ -6.360642, 37.321091 ], [ -6.360795, 37.321109 ], [ -6.360957, 37.321136 ], [ -6.361093, 37.321164 ], [ -6.361249, 37.321207 ], [ -6.361384, 37.321253 ], [ -6.361533, 37.321312 ], [ -6.361726, 37.32141 ], [ -6.36187, 37.321516 ], [ -6.36199, 37.321643 ], [ -6.362161, 37.321864 ], [ -6.362267, 37.322 ], [ -6.362339, 37.322068 ], [ -6.362389, 37.322103 ], [ -6.362468, 37.32215 ], [ -6.362707, 37.32228 ], [ -6.362902, 37.322415 ], [ -6.363018, 37.322515 ], [ -6.363124, 37.322609 ], [ -6.363224, 37.322691 ], [ -6.363282, 37.322739 ], [ -6.363399, 37.322801 ], [ -6.363478, 37.322844 ], [ -6.36361, 37.322924 ], [ -6.363664, 37.32296 ], [ -6.36379, 37.323047 ], [ -6.363954, 37.323168 ], [ -6.364109, 37.323297 ], [ -6.364229, 37.323408 ], [ -6.364295, 37.323463 ], [ -6.364382, 37.323526 ], [ -6.364468, 37.323584 ], [ -6.364522, 37.323614 ], [ -6.364604, 37.323627 ], [ -6.364758, 37.323666 ], [ -6.364913, 37.323713 ], [ -6.36501, 37.323747 ], [ -6.365159, 37.323805 ], [ -6.365256, 37.32385 ], [ -6.365396, 37.32392 ], [ -6.365558, 37.324006 ], [ -6.365627, 37.324047 ], [ -6.365759, 37.324128 ], [ -6.365928, 37.324243 ], [ -6.365993, 37.324291 ], [ -6.366462, 37.324669 ], [ -6.366906, 37.325042 ], [ -6.367026, 37.32516 ], [ -6.367279, 37.325461 ], [ -6.367347, 37.325554 ], [ -6.367442, 37.325705 ], [ -6.367637, 37.325685 ], [ -6.367848, 37.325666 ], [ -6.368013, 37.325663 ], [ -6.368207, 37.325674 ], [ -6.368369, 37.325694 ], [ -6.3686, 37.325744 ], [ -6.368755, 37.325791 ], [ -6.368935, 37.32586 ], [ -6.369076, 37.325928 ], [ -6.369293, 37.326066 ], [ -6.369479, 37.326216 ], [ -6.369548, 37.326275 ], [ -6.369606, 37.326332 ], [ -6.369766, 37.326325 ], [ -6.369939, 37.326329 ], [ -6.370104, 37.326343 ], [ -6.370397, 37.326397 ], [ -6.370551, 37.326445 ], [ -6.370799, 37.326553 ], [ -6.370934, 37.32663 ], [ -6.371115, 37.326758 ], [ -6.371261, 37.32678 ], [ -6.371478, 37.326813 ], [ -6.371754, 37.326886 ], [ -6.371902, 37.326942 ], [ -6.372109, 37.327045 ], [ -6.372253, 37.327151 ], [ -6.3723, 37.327195 ], [ -6.372495, 37.327392 ], [ -6.37261, 37.327535 ], [ -6.372677, 37.327637 ], [ -6.372734, 37.327714 ], [ -6.372821, 37.327822 ], [ -6.37291, 37.327961 ], [ -6.372967, 37.328108 ], [ -6.373002, 37.328235 ], [ -6.373018, 37.328465 ], [ -6.373159, 37.328481 ], [ -6.373394, 37.328528 ], [ -6.373549, 37.328573 ], [ -6.373797, 37.328674 ], [ -6.373934, 37.328749 ], [ -6.373992, 37.328784 ], [ -6.374136, 37.32889 ], [ -6.374254, 37.329015 ], [ -6.3743, 37.329079 ], [ -6.374374, 37.329194 ], [ -6.374418, 37.329269 ], [ -6.374476, 37.329421 ], [ -6.374499, 37.329562 ], [ -6.374703, 37.32961 ], [ -6.374877, 37.329655 ], [ -6.374974, 37.329686 ], [ -6.375054, 37.329704 ], [ -6.375195, 37.329732 ], [ -6.375383, 37.329773 ], [ -6.375693, 37.329839 ], [ -6.375862, 37.329877 ], [ -6.376013, 37.329909 ], [ -6.376182, 37.329947 ], [ -6.376333, 37.329978 ], [ -6.376501, 37.330016 ], [ -6.376652, 37.330048 ], [ -6.376756, 37.330074 ], [ -6.376977, 37.33014 ], [ -6.377289, 37.330282 ], [ -6.377418, 37.330364 ], [ -6.377633, 37.330545 ], [ -6.377729, 37.330652 ], [ -6.377871, 37.330871 ], [ -6.377926, 37.330996 ], [ -6.377953, 37.331063 ], [ -6.377996, 37.33119 ], [ -6.378027, 37.331317 ], [ -6.378047, 37.331447 ], [ -6.378054, 37.331569 ], [ -6.378208, 37.331601 ], [ -6.378323, 37.331618 ], [ -6.378438, 37.331632 ], [ -6.378574, 37.331644 ], [ -6.378904, 37.331711 ], [ -6.379244, 37.331832 ], [ -6.379339, 37.331866 ], [ -6.379425, 37.331895 ], [ -6.37959, 37.33198 ], [ -6.379713, 37.332071 ], [ -6.379851, 37.332184 ], [ -6.379898, 37.332221 ], [ -6.37997, 37.332257 ], [ -6.380056, 37.332282 ], [ -6.380169, 37.332322 ], [ -6.380302, 37.332374 ], [ -6.380427, 37.332431 ], [ -6.380552, 37.332498 ], [ -6.380648, 37.332553 ], [ -6.380762, 37.332629 ], [ -6.380864, 37.332705 ], [ -6.380967, 37.332792 ], [ -6.381053, 37.332875 ], [ -6.381143, 37.332972 ], [ -6.381212, 37.333058 ], [ -6.381287, 37.333161 ], [ -6.38137, 37.333303 ], [ -6.381421, 37.333414 ], [ -6.381473, 37.33357 ], [ -6.381498, 37.333689 ], [ -6.381507, 37.333779 ], [ -6.38166, 37.333804 ], [ -6.381803, 37.333838 ], [ -6.382006, 37.333907 ], [ -6.382171, 37.333992 ], [ -6.382332, 37.334102 ], [ -6.382426, 37.334176 ], [ -6.382545, 37.334301 ], [ -6.382627, 37.334429 ], [ -6.382686, 37.33454 ], [ -6.382742, 37.334672 ], [ -6.382777, 37.334785 ], [ -6.38281, 37.334971 ], [ -6.382815, 37.335088 ], [ -6.382821, 37.335208 ], [ -6.382824, 37.335352 ], [ -6.382822, 37.335496 ], [ -6.38282, 37.335564 ], [ -6.382915, 37.33561 ], [ -6.383019, 37.335655 ], [ -6.383148, 37.335716 ], [ -6.383296, 37.335791 ], [ -6.383442, 37.335868 ], [ -6.383511, 37.335909 ], [ -6.383646, 37.336008 ], [ -6.383828, 37.336005 ], [ -6.384042, 37.336022 ], [ -6.384188, 37.336045 ], [ -6.38432, 37.336072 ], [ -6.384501, 37.336135 ], [ -6.384659, 37.336216 ], [ -6.384884, 37.336354 ], [ -6.385017, 37.336456 ], [ -6.385204, 37.336437 ], [ -6.3854, 37.336445 ], [ -6.385568, 37.336474 ], [ -6.385711, 37.336508 ], [ -6.385915, 37.336576 ], [ -6.386085, 37.336664 ], [ -6.386202, 37.336737 ], [ -6.386341, 37.336841 ], [ -6.386459, 37.336966 ], [ -6.386553, 37.337094 ], [ -6.386624, 37.337209 ], [ -6.386682, 37.337361 ], [ -6.38674, 37.337638 ], [ -6.386749, 37.337701 ], [ -6.386763, 37.33782 ], [ -6.386767, 37.337883 ], [ -6.38677, 37.337993 ], [ -6.386774, 37.338061 ], [ -6.386424, 37.338262 ], [ -6.386015, 37.338463 ], [ -6.385772, 37.338594 ], [ -6.385682, 37.338642 ], [ -6.385616, 37.338677 ], [ -6.385468, 37.338785 ], [ -6.385303, 37.338842 ], [ -6.385189, 37.338924 ], [ -6.385014, 37.339116 ], [ -6.384845, 37.339267 ], [ -6.384615, 37.338859 ], [ -6.384559, 37.338647 ], [ -6.384552, 37.338559 ], [ -6.38454, 37.338433 ], [ -6.38453, 37.338305 ], [ -6.384508, 37.338252 ], [ -6.384364, 37.33822 ] ] ] ] } },
{ "type": "Feature", "properties": { "figura": "Zona de Proteccion de la Costa" }, "geometry": { "type": "Polygon", "coordinates": [ [ [ -6.532067, 36.982253 ], [ -6.529642, 36.980753 ], [ -6.528635, 36.980184 ], [ -6.527993, 36.979824 ], [ -6.527365, 36.979477 ], [ -6.526866, 36.979276 ], [ -6.526287, 36.978811 ], [ -6.525953, 36.978566 ], [ -6.525661, 36.978405 ], [ -6.525353, 36.978267 ], [ -6.525092, 36.978071 ], [ -6.524861, 36.977887 ], [ -6.524449, 36.977759 ], [ -6.524076, 36.977555 ], [ -6.523874, 36.977384 ], [ -6.523038, 36.977045 ], [ -6.522585, 36.976797 ], [ -6.520728, 36.975568 ], [ -6.519518, 36.974767 ], [ -6.518852, 36.974326 ], [ -6.518206, 36.973871 ], [ -6.517429, 36.973214 ], [ -6.516762, 36.97256 ], [ -6.515876, 36.971951 ], [ -6.515356, 36.971475 ], [ -6.515052, 36.971242 ], [ -6.51477, 36.971004 ], [ -6.514425, 36.970651 ], [ -6.51395, 36.970176 ], [ -6.513329, 36.969626 ], [ -6.512417, 36.968904 ], [ -6.511818, 36.96857 ], [ -6.510913, 36.968074 ], [ -6.51009, 36.967562 ], [ -6.509408, 36.967082 ], [ -6.50902, 36.966669 ], [ -6.508446, 36.966061 ], [ -6.507882, 36.965584 ], [ -6.507447, 36.965253 ], [ -6.506927, 36.964801 ], [ -6.505784, 36.963847 ], [ -6.505219, 36.963418 ], [ -6.503397, 36.961877 ], [ -6.502922, 36.961414 ], [ -6.50255, 36.960989 ], [ -6.502115, 36.960658 ], [ -6.501581, 36.96017 ], [ -6.500424, 36.959215 ], [ -6.499644, 36.958543 ], [ -6.497137, 36.956166 ], [ -6.495721, 36.954944 ], [ -6.494126, 36.953509 ], [ -6.492989, 36.952412 ], [ -6.491768, 36.951146 ], [ -6.490807, 36.950101 ], [ -6.490319, 36.949578 ], [ -6.489753, 36.948952 ], [ -6.489321, 36.948525 ], [ -6.489019, 36.948221 ], [ -6.488703, 36.947904 ], [ -6.487787, 36.94686 ], [ -6.487429, 36.946435 ], [ -6.486404, 36.945322 ], [ -6.485799, 36.944737 ], [ -6.485124, 36.944043 ], [ -6.48442, 36.943325 ], [ -6.484004, 36.942863 ], [ -6.483119, 36.942004 ], [ -6.482372, 36.941225 ], [ -6.482012, 36.940907 ], [ -6.481524, 36.940372 ], [ -6.480836, 36.939618 ], [ -6.480241, 36.93898 ], [ -6.478783, 36.937685 ], [ -6.478118, 36.937135 ], [ -6.477063, 36.936045 ], [ -6.476403, 36.93534 ], [ -6.475655, 36.934608 ], [ -6.475225, 36.934146 ], [ -6.474395, 36.933395 ], [ -6.473274, 36.932275 ], [ -6.472595, 36.931712 ], [ -6.471882, 36.931244 ], [ -6.4716, 36.931029 ], [ -6.471388, 36.930702 ], [ -6.470561, 36.930101 ], [ -6.469913, 36.929503 ], [ -6.469483, 36.92904 ], [ -6.469051, 36.928614 ], [ -6.468293, 36.928192 ], [ -6.467865, 36.927671 ], [ -6.467335, 36.927308 ], [ -6.466515, 36.926503 ], [ -6.465856, 36.925786 ], [ -6.465237, 36.925188 ], [ -6.464546, 36.924542 ], [ -6.463905, 36.923926 ], [ -6.463532, 36.923548 ], [ -6.462903, 36.922808 ], [ -6.462414, 36.922344 ], [ -6.461201, 36.921072 ], [ -6.460499, 36.920306 ], [ -6.45974, 36.919456 ], [ -6.459026, 36.918618 ], [ -6.458612, 36.918108 ], [ -6.458227, 36.917635 ], [ -6.45765, 36.916889 ], [ -6.45715, 36.916306 ], [ -6.456706, 36.915832 ], [ -6.456322, 36.915299 ], [ -6.455991, 36.914761 ], [ -6.455837, 36.914496 ], [ -6.455008, 36.913536 ], [ -6.454391, 36.912867 ], [ -6.454099, 36.912289 ], [ -6.453934, 36.911904 ], [ -6.453314, 36.911121 ], [ -6.452914, 36.910648 ], [ -6.452182, 36.909452 ], [ -6.451573, 36.908568 ], [ -6.451228, 36.907995 ], [ -6.450884, 36.907642 ], [ -6.450389, 36.906892 ], [ -6.449929, 36.906 ], [ -6.449729, 36.905745 ], [ -6.449198, 36.905197 ], [ -6.448998, 36.904746 ], [ -6.448716, 36.904299 ], [ -6.448245, 36.903752 ], [ -6.447949, 36.903269 ], [ -6.447564, 36.902796 ], [ -6.447086, 36.901998 ], [ -6.446702, 36.901501 ], [ -6.446326, 36.900975 ], [ -6.445958, 36.900442 ], [ -6.445733, 36.900071 ], [ -6.44556, 36.899819 ], [ -6.445489, 36.899706 ], [ -6.445337, 36.899481 ], [ -6.445261, 36.899377 ], [ -6.444817, 36.898737 ], [ -6.444651, 36.898407 ], [ -6.444376, 36.897926 ], [ -6.444101, 36.89743 ], [ -6.4439, 36.897092 ], [ -6.443661, 36.896693 ], [ -6.443536, 36.896463 ], [ -6.443287, 36.895996 ], [ -6.443035, 36.895593 ], [ -6.442811, 36.895148 ], [ -6.442557, 36.894692 ], [ -6.442225, 36.894038 ], [ -6.441959, 36.893536 ], [ -6.441769, 36.893155 ], [ -6.441392, 36.892398 ], [ -6.441127, 36.89186 ], [ -6.44091, 36.891472 ], [ -6.440626, 36.890962 ], [ -6.440262, 36.890244 ], [ -6.439801, 36.889226 ], [ -6.438917, 36.888156 ], [ -6.438684, 36.887739 ], [ -6.438233, 36.886547 ], [ -6.438062, 36.886104 ], [ -6.437818, 36.885743 ], [ -6.43757, 36.88522 ], [ -6.437419, 36.884872 ], [ -6.43721, 36.884498 ], [ -6.436838, 36.883986 ], [ -6.436671, 36.883692 ], [ -6.436237, 36.882812 ], [ -6.43579, 36.881908 ], [ -6.435446, 36.881478 ], [ -6.43514, 36.880868 ], [ -6.434774, 36.880179 ], [ -6.434474, 36.879654 ], [ -6.434289, 36.879366 ], [ -6.433798, 36.87844 ], [ -6.43344, 36.877793 ], [ -6.433278, 36.877342 ], [ -6.433191, 36.877063 ], [ -6.433023, 36.876776 ], [ -6.432892, 36.876475 ], [ -6.432707, 36.876208 ], [ -6.432494, 36.875699 ], [ -6.432182, 36.875121 ], [ -6.431881, 36.874603 ], [ -6.431565, 36.874007 ], [ -6.430931, 36.872907 ], [ -6.430657, 36.872369 ], [ -6.430321, 36.871836 ], [ -6.43001, 36.871361 ], [ -6.429475, 36.870199 ], [ -6.429232, 36.869555 ], [ -6.428628, 36.868182 ], [ -6.428364, 36.86763 ], [ -6.427956, 36.866766 ], [ -6.427672, 36.866277 ], [ -6.427449, 36.865789 ], [ -6.427174, 36.86519 ], [ -6.426884, 36.864602 ], [ -6.426587, 36.863971 ], [ -6.426274, 36.863435 ], [ -6.425958, 36.863116 ], [ -6.425706, 36.862706 ], [ -6.425516, 36.862311 ], [ -6.425344, 36.861924 ], [ -6.425228, 36.861694 ], [ -6.424973, 36.861273 ], [ -6.424553, 36.86048 ], [ -6.42433, 36.860152 ], [ -6.424157, 36.859765 ], [ -6.424013, 36.859453 ], [ -6.423729, 36.858701 ], [ -6.423069, 36.857579 ], [ -6.422612, 36.856593 ], [ -6.421904, 36.854927 ], [ -6.421712, 36.854575 ], [ -6.421501, 36.854024 ], [ -6.42104, 36.852881 ], [ -6.420714, 36.852079 ], [ -6.419845, 36.850204 ], [ -6.419026, 36.848698 ], [ -6.418461, 36.848022 ], [ -6.41822, 36.847563 ], [ -6.41795, 36.846925 ], [ -6.417636, 36.846162 ], [ -6.416961, 36.844947 ], [ -6.416691, 36.844331 ], [ -6.416409, 36.843778 ], [ -6.415949, 36.842877 ], [ -6.415742, 36.842475 ], [ -6.415622, 36.842103 ], [ -6.415324, 36.841493 ], [ -6.415232, 36.841204 ], [ -6.414786, 36.840562 ], [ -6.414343, 36.839814 ], [ -6.413291, 36.838023 ], [ -6.412728, 36.837166 ], [ -6.412649, 36.836749 ], [ -6.41227, 36.836187 ], [ -6.412036, 36.835923 ], [ -6.41191, 36.835217 ], [ -6.411706, 36.834993 ], [ -6.411361, 36.834488 ], [ -6.410926, 36.833492 ], [ -6.410579, 36.832789 ], [ -6.410461, 36.832367 ], [ -6.410204, 36.831996 ], [ -6.409943, 36.831358 ], [ -6.409762, 36.83095 ], [ -6.409605, 36.830627 ], [ -6.409466, 36.830311 ], [ -6.409385, 36.829965 ], [ -6.409008, 36.829105 ], [ -6.408735, 36.828538 ], [ -6.408537, 36.828144 ], [ -6.408182, 36.827543 ], [ -6.408087, 36.827207 ], [ -6.407987, 36.826765 ], [ -6.407898, 36.826514 ], [ -6.407625, 36.826107 ], [ -6.407266, 36.825503 ], [ -6.407026, 36.825029 ], [ -6.406815, 36.824748 ], [ -6.406659, 36.824244 ], [ -6.406304, 36.823519 ], [ -6.406122, 36.823153 ], [ -6.405918, 36.822666 ], [ -6.405754, 36.822286 ], [ -6.405346, 36.821698 ], [ -6.405057, 36.820833 ], [ -6.40453, 36.820225 ], [ -6.404274, 36.81957 ], [ -6.404176, 36.818815 ], [ -6.40392, 36.818284 ], [ -6.40348, 36.817866 ], [ -6.403048, 36.817566 ], [ -6.4029, 36.816732 ], [ -6.402477, 36.816183 ], [ -6.402319, 36.815502 ], [ -6.40207, 36.815042 ], [ -6.401833, 36.814483 ], [ -6.401624, 36.813999 ], [ -6.401463, 36.81352 ], [ -6.401302, 36.813055 ], [ -6.401145, 36.812739 ], [ -6.400972, 36.812373 ], [ -6.40074, 36.811811 ], [ -6.400491, 36.811344 ], [ -6.400217, 36.810812 ], [ -6.399982, 36.810576 ], [ -6.399695, 36.80969 ], [ -6.399138, 36.808918 ], [ -6.398934, 36.808417 ], [ -6.398839, 36.808226 ], [ -6.398467, 36.807742 ], [ -6.398296, 36.80759 ], [ -6.398019, 36.807427 ], [ -6.39791, 36.806992 ], [ -6.397861, 36.806615 ], [ -6.397283, 36.806066 ], [ -6.397186, 36.805545 ], [ -6.396959, 36.804972 ], [ -6.396616, 36.804667 ], [ -6.396448, 36.804393 ], [ -6.396284, 36.80391 ], [ -6.395881, 36.803305 ], [ -6.395514, 36.802907 ], [ -6.395011, 36.802647 ], [ -6.394619, 36.80249 ], [ -6.393849, 36.802164 ], [ -6.393257, 36.801654 ], [ -6.393017, 36.801436 ], [ -6.392271, 36.801043 ], [ -6.391807, 36.800671 ], [ -6.391098, 36.800112 ], [ -6.390456, 36.799786 ], [ -6.38962, 36.799441 ], [ -6.388211, 36.798937 ], [ -6.387243, 36.798604 ], [ -6.386317, 36.798307 ], [ -6.385706, 36.798094 ], [ -6.385227, 36.797906 ], [ -6.384427, 36.797562 ], [ -6.383481, 36.797066 ], [ -6.382736, 36.796652 ], [ -6.38205, 36.796331 ], [ -6.381179, 36.795978 ], [ -6.380068, 36.79556 ], [ -6.378282, 36.794984 ], [ -6.377195, 36.794747 ], [ -6.376059, 36.794694 ], [ -6.374734, 36.794562 ], [ -6.373323, 36.794538 ], [ -6.37108, 36.794414 ], [ -6.369556, 36.794469 ], [ -6.36851, 36.794602 ], [ -6.36587, 36.795118 ], [ -6.363818, 36.795492 ], [ -6.36308, 36.795646 ], [ -6.362449, 36.795752 ], [ -6.361557, 36.795906 ], [ -6.360357, 36.796134 ], [ -6.35924, 36.796157 ], [ -6.358438, 36.796103 ], [ -6.357974, 36.796015 ], [ -6.357412, 36.79591 ], [ -6.356825, 36.795784 ], [ -6.3561, 36.795686 ], [ -6.35544, 36.795628 ], [ -6.354514, 36.795594 ], [ -6.35392, 36.795666 ], [ -6.353566, 36.7957 ], [ -6.353074, 36.795902 ], [ -6.352683, 36.795958 ], [ -6.351933, 36.796086 ], [ -6.350904, 36.796475 ], [ -6.349554, 36.796963 ], [ -6.348624, 36.797312 ], [ -6.34786, 36.797589 ], [ -6.346933, 36.797576 ], [ -6.346002, 36.797697 ], [ -6.345556, 36.797822 ], [ -6.345048, 36.798098 ], [ -6.344563, 36.798584 ], [ -6.344397, 36.799042 ], [ -6.344431, 36.799302 ], [ -6.343752, 36.798774 ], [ -6.343896, 36.797609 ], [ -6.345165, 36.796076 ], [ -6.351069, 36.793603 ], [ -6.354098, 36.792711 ], [ -6.355035, 36.792594 ], [ -6.35634, 36.792285 ], [ -6.357905, 36.791878 ], [ -6.360811, 36.791129 ], [ -6.363784, 36.790195 ], [ -6.366908, 36.789258 ], [ -6.369414, 36.787975 ], [ -6.373111, 36.786354 ], [ -6.377571, 36.784954 ], [ -6.384228, 36.783857 ], [ -6.391765, 36.783883 ], [ -6.393657, 36.784075 ], [ -6.393992, 36.784155 ], [ -6.397172, 36.785166 ], [ -6.397961, 36.785479 ], [ -6.401681, 36.787373 ], [ -6.402377, 36.787817 ], [ -6.414678, 36.796953 ], [ -6.415182, 36.797381 ], [ -6.417542, 36.801465 ], [ -6.417595, 36.801669 ], [ -6.417749, 36.801922 ], [ -6.418094, 36.80224 ], [ -6.418286, 36.802709 ], [ -6.418363, 36.802942 ], [ -6.418404, 36.803165 ], [ -6.418546, 36.803497 ], [ -6.419016, 36.803917 ], [ -6.419067, 36.804142 ], [ -6.419088, 36.804431 ], [ -6.419197, 36.804732 ], [ -6.419632, 36.805003 ], [ -6.420183, 36.805814 ], [ -6.420403, 36.806326 ], [ -6.420869, 36.807027 ], [ -6.42113, 36.807629 ], [ -6.421223, 36.807953 ], [ -6.421537, 36.808317 ], [ -6.42166, 36.808642 ], [ -6.422064, 36.80942 ], [ -6.422243, 36.809817 ], [ -6.42231, 36.810033 ], [ -6.422575, 36.810516 ], [ -6.422721, 36.811043 ], [ -6.422954, 36.811597 ], [ -6.423049, 36.811873 ], [ -6.423325, 36.812475 ], [ -6.423549, 36.812862 ], [ -6.423704, 36.813568 ], [ -6.424158, 36.814157 ], [ -6.424315, 36.815221 ], [ -6.424749, 36.816005 ], [ -6.425124, 36.816747 ], [ -6.425562, 36.817829 ], [ -6.425711, 36.818262 ], [ -6.425932, 36.818743 ], [ -6.42614, 36.819165 ], [ -6.426358, 36.819742 ], [ -6.426598, 36.820105 ], [ -6.426704, 36.820489 ], [ -6.427162, 36.821411 ], [ -6.42752, 36.822241 ], [ -6.42776, 36.822592 ], [ -6.42809, 36.822945 ], [ -6.428107, 36.823327 ], [ -6.428184, 36.823686 ], [ -6.428557, 36.824058 ], [ -6.428852, 36.824529 ], [ -6.428913, 36.824924 ], [ -6.429125, 36.82525 ], [ -6.429478, 36.825783 ], [ -6.429617, 36.826048 ], [ -6.429698, 36.826717 ], [ -6.430248, 36.827135 ], [ -6.430331, 36.827321 ], [ -6.4305, 36.827575 ], [ -6.430577, 36.827923 ], [ -6.431192, 36.828627 ], [ -6.431416, 36.829014 ], [ -6.431592, 36.829506 ], [ -6.431759, 36.829856 ], [ -6.431993, 36.830379 ], [ -6.432355, 36.831091 ], [ -6.433188, 36.83279 ], [ -6.433675, 36.833742 ], [ -6.433872, 36.834074 ], [ -6.434324, 36.835193 ], [ -6.434645, 36.835772 ], [ -6.434857, 36.836086 ], [ -6.435187, 36.836439 ], [ -6.435473, 36.837209 ], [ -6.436024, 36.838013 ], [ -6.436563, 36.839193 ], [ -6.436814, 36.839676 ], [ -6.437321, 36.840914 ], [ -6.437826, 36.842231 ], [ -6.43834, 36.843279 ], [ -6.438667, 36.844157 ], [ -6.439044, 36.84485 ], [ -6.439234, 36.845391 ], [ -6.439342, 36.845703 ], [ -6.439839, 36.846358 ], [ -6.440046, 36.846839 ], [ -6.44025, 36.847392 ], [ -6.440474, 36.847796 ], [ -6.440824, 36.848841 ], [ -6.441189, 36.849039 ], [ -6.441439, 36.849534 ], [ -6.441813, 36.85034 ], [ -6.442166, 36.850861 ], [ -6.442466, 36.851225 ], [ -6.442802, 36.85181 ], [ -6.443118, 36.852556 ], [ -6.443566, 36.853377 ], [ -6.44398, 36.854292 ], [ -6.444177, 36.85463 ], [ -6.444898, 36.856141 ], [ -6.445311, 36.857104 ], [ -6.445613, 36.857826 ], [ -6.445816, 36.858403 ], [ -6.446025, 36.858824 ], [ -6.446517, 36.859628 ], [ -6.4475, 36.861318 ], [ -6.447875, 36.862077 ], [ -6.448647, 36.863399 ], [ -6.44895, 36.864109 ], [ -6.449343, 36.864785 ], [ -6.449561, 36.865362 ], [ -6.449768, 36.865814 ], [ -6.450144, 36.866561 ], [ -6.450706, 36.867503 ], [ -6.451126, 36.868263 ], [ -6.451434, 36.868818 ], [ -6.451515, 36.869076 ], [ -6.451841, 36.869512 ], [ -6.452055, 36.869791 ], [ -6.452344, 36.870453 ], [ -6.452749, 36.871213 ], [ -6.452943, 36.871646 ], [ -6.453383, 36.87224 ], [ -6.453661, 36.8728 ], [ -6.453967, 36.873427 ], [ -6.454006, 36.873571 ], [ -6.454191, 36.873825 ], [ -6.454414, 36.874247 ], [ -6.454427, 36.87476 ], [ -6.454586, 36.875324 ], [ -6.454878, 36.875485 ], [ -6.455099, 36.875984 ], [ -6.455313, 36.876239 ], [ -6.455786, 36.876726 ], [ -6.456138, 36.877318 ], [ -6.45644, 36.878052 ], [ -6.456803, 36.878727 ], [ -6.457238, 36.8795 ], [ -6.458059, 36.881133 ], [ -6.458812, 36.882591 ], [ -6.459777, 36.884359 ], [ -6.460663, 36.885844 ], [ -6.460956, 36.886411 ], [ -6.461237, 36.886887 ], [ -6.46189, 36.887772 ], [ -6.462525, 36.888775 ], [ -6.462709, 36.889041 ], [ -6.463221, 36.889708 ], [ -6.463855, 36.890729 ], [ -6.464481, 36.891565 ], [ -6.465008, 36.892244 ], [ -6.465414, 36.89298 ], [ -6.465944, 36.893533 ], [ -6.466296, 36.894113 ], [ -6.46687, 36.895163 ], [ -6.467068, 36.895453 ], [ -6.467486, 36.895855 ], [ -6.467823, 36.896411 ], [ -6.46822, 36.896992 ], [ -6.469078, 36.898411 ], [ -6.469308, 36.898654 ], [ -6.469807, 36.899273 ], [ -6.470105, 36.899673 ], [ -6.470411, 36.900299 ], [ -6.470509, 36.90048 ], [ -6.47218, 36.902477 ], [ -6.472616, 36.903225 ], [ -6.473101, 36.903802 ], [ -6.473717, 36.904483 ], [ -6.4742, 36.905149 ], [ -6.4753, 36.906466 ], [ -6.475999, 36.907315 ], [ -6.476458, 36.907802 ], [ -6.477144, 36.908603 ], [ -6.478065, 36.909481 ], [ -6.478566, 36.910064 ], [ -6.479228, 36.910704 ], [ -6.480043, 36.911639 ], [ -6.481008, 36.912542 ], [ -6.48213, 36.913639 ], [ -6.482948, 36.914497 ], [ -6.483697, 36.915192 ], [ -6.484076, 36.915427 ], [ -6.484403, 36.915863 ], [ -6.484927, 36.916172 ], [ -6.485306, 36.9164 ], [ -6.485664, 36.916778 ], [ -6.486037, 36.917191 ], [ -6.486786, 36.917886 ], [ -6.487512, 36.918402 ], [ -6.48781, 36.918802 ], [ -6.488041, 36.919022 ], [ -6.488478, 36.919263 ], [ -6.489218, 36.919804 ], [ -6.490613, 36.921168 ], [ -6.492024, 36.922522 ], [ -6.492414, 36.922864 ], [ -6.492713, 36.923234 ], [ -6.493662, 36.924195 ], [ -6.493948, 36.924535 ], [ -6.495405, 36.925824 ], [ -6.496818, 36.927129 ], [ -6.498064, 36.928521 ], [ -6.4989, 36.929313 ], [ -6.499488, 36.929946 ], [ -6.499992, 36.930421 ], [ -6.501328, 36.931797 ], [ -6.503196, 36.933726 ], [ -6.504155, 36.934831 ], [ -6.504671, 36.93539 ], [ -6.506566, 36.937397 ], [ -6.508389, 36.939349 ], [ -6.509623, 36.940656 ], [ -6.511557, 36.942378 ], [ -6.512538, 36.943269 ], [ -6.513607, 36.944197 ], [ -6.516794, 36.947143 ], [ -6.518935, 36.948923 ], [ -6.519321, 36.949372 ], [ -6.520694, 36.950551 ], [ -6.52214, 36.951762 ], [ -6.523515, 36.952875 ], [ -6.524312, 36.953512 ], [ -6.524803, 36.953951 ], [ -6.525346, 36.954594 ], [ -6.525751, 36.954955 ], [ -6.526273, 36.955323 ], [ -6.527308, 36.955929 ], [ -6.528302, 36.95645 ], [ -6.529158, 36.95707 ], [ -6.529535, 36.957376 ], [ -6.531193, 36.958937 ], [ -6.532334, 36.959926 ], [ -6.532724, 36.960268 ], [ -6.533434, 36.960831 ], [ -6.535421, 36.962333 ], [ -6.5392, 36.964795 ], [ -6.540041, 36.965117 ], [ -6.540412, 36.96539 ], [ -6.54105, 36.965627 ], [ -6.54147, 36.965946 ], [ -6.541714, 36.966087 ], [ -6.542069, 36.966256 ], [ -6.54265, 36.966674 ], [ -6.542895, 36.966905 ], [ -6.543131, 36.967032 ], [ -6.543452, 36.967155 ], [ -6.546125, 36.968641 ], [ -6.532067, 36.982253 ] ] ] } },
{ "type": "Feature", "properties": { "figura": "Zona de Proteccion de la Rocina" }, "geometry": { "type": "Polygon", "coordinates": [ [ [ -6.500273, 37.123198 ], [ -6.501579, 37.123698 ], [ -6.503126, 37.124204 ], [ -6.504312, 37.124826 ], [ -6.505782, 37.12541 ], [ -6.506675, 37.1257 ], [ -6.507849, 37.126369 ], [ -6.508904, 37.127007 ], [ -6.509443, 37.127589 ], [ -6.510072, 37.128351 ], [ -6.511108, 37.128895 ], [ -6.512442, 37.129547 ], [ -6.513575, 37.129959 ], [ -6.514939, 37.130148 ], [ -6.516373, 37.130117 ], [ -6.517728, 37.129936 ], [ -6.518967, 37.129817 ], [ -6.5202, 37.129851 ], [ -6.52128, 37.130077 ], [ -6.521893, 37.130352 ], [ -6.522479, 37.130663 ], [ -6.523093, 37.130938 ], [ -6.523438, 37.131127 ], [ -6.523756, 37.131271 ], [ -6.523831, 37.131288 ], [ -6.523897, 37.131304 ], [ -6.523968, 37.131315 ], [ -6.524033, 37.131323 ], [ -6.524107, 37.131342 ], [ -6.524167, 37.131352 ], [ -6.524238, 37.131365 ], [ -6.524327, 37.13138 ], [ -6.524393, 37.131389 ], [ -6.524462, 37.131404 ], [ -6.524526, 37.131409 ], [ -6.524593, 37.131425 ], [ -6.524642, 37.131435 ], [ -6.524714, 37.131447 ], [ -6.524788, 37.131462 ], [ -6.524848, 37.131474 ], [ -6.524923, 37.131478 ], [ -6.525018, 37.131488 ], [ -6.525095, 37.131492 ], [ -6.525174, 37.131498 ], [ -6.525235, 37.131502 ], [ -6.525285, 37.131517 ], [ -6.525351, 37.131537 ], [ -6.525425, 37.131561 ], [ -6.525471, 37.131586 ], [ -6.525533, 37.131615 ], [ -6.525591, 37.131645 ], [ -6.52565, 37.131682 ], [ -6.52571, 37.131728 ], [ -6.525767, 37.131768 ], [ -6.525803, 37.1318 ], [ -6.525824, 37.131837 ], [ -6.525865, 37.131875 ], [ -6.525904, 37.131919 ], [ -6.525957, 37.131967 ], [ -6.52601, 37.132015 ], [ -6.526066, 37.132066 ], [ -6.526119, 37.132102 ], [ -6.526155, 37.132136 ], [ -6.526189, 37.132166 ], [ -6.526257, 37.132221 ], [ -6.526331, 37.132278 ], [ -6.526368, 37.13231 ], [ -6.526409, 37.132348 ], [ -6.52642, 37.132375 ], [ -6.526469, 37.132423 ], [ -6.52653, 37.132472 ], [ -6.526604, 37.132525 ], [ -6.526615, 37.132557 ], [ -6.526669, 37.132584 ], [ -6.526737, 37.13264 ], [ -6.526826, 37.1327 ], [ -6.526846, 37.132738 ], [ -6.526886, 37.132782 ], [ -6.526953, 37.132844 ], [ -6.527, 37.132899 ], [ -6.527041, 37.132942 ], [ -6.527087, 37.132982 ], [ -6.527136, 37.133033 ], [ -6.527189, 37.13306 ], [ -6.527252, 37.133101 ], [ -6.527324, 37.133156 ], [ -6.527385, 37.133213 ], [ -6.527436, 37.13326 ], [ -6.527506, 37.133315 ], [ -6.527562, 37.133368 ], [ -6.52765, 37.13344 ], [ -6.52771, 37.133486 ], [ -6.527765, 37.133538 ], [ -6.527815, 37.133584 ], [ -6.527872, 37.133639 ], [ -6.527954, 37.1337 ], [ -6.528024, 37.133756 ], [ -6.528075, 37.133814 ], [ -6.528166, 37.133872 ], [ -6.528239, 37.133929 ], [ -6.528269, 37.133968 ], [ -6.528341, 37.134016 ], [ -6.528397, 37.134061 ], [ -6.528459, 37.1341 ], [ -6.528517, 37.134149 ], [ -6.528569, 37.134179 ], [ -6.528627, 37.134214 ], [ -6.528679, 37.134246 ], [ -6.528749, 37.134287 ], [ -6.528818, 37.134319 ], [ -6.528898, 37.134367 ], [ -6.528978, 37.134404 ], [ -6.529051, 37.13444 ], [ -6.529132, 37.134459 ], [ -6.529173, 37.134483 ], [ -6.529229, 37.134502 ], [ -6.529286, 37.134517 ], [ -6.529346, 37.134526 ], [ -6.529412, 37.134538 ], [ -6.529478, 37.13455 ], [ -6.529567, 37.134558 ], [ -6.529647, 37.13457 ], [ -6.529735, 37.134585 ], [ -6.529804, 37.134591 ], [ -6.529856, 37.134606 ], [ -6.529929, 37.134621 ], [ -6.530006, 37.134634 ], [ -6.530073, 37.134652 ], [ -6.530145, 37.134675 ], [ -6.530207, 37.134695 ], [ -6.530274, 37.134722 ], [ -6.530322, 37.13474 ], [ -6.530385, 37.134764 ], [ -6.530459, 37.134788 ], [ -6.530518, 37.134805 ], [ -6.530583, 37.134838 ], [ -6.530708, 37.134881 ], [ -6.530793, 37.134913 ], [ -6.530865, 37.134939 ], [ -6.530964, 37.13497 ], [ -6.531032, 37.134996 ], [ -6.531122, 37.135018 ], [ -6.531207, 37.135048 ], [ -6.531308, 37.13507 ], [ -6.531403, 37.135095 ], [ -6.531461, 37.135115 ], [ -6.531536, 37.135133 ], [ -6.531608, 37.135152 ], [ -6.531686, 37.135179 ], [ -6.531758, 37.135197 ], [ -6.531845, 37.135221 ], [ -6.531946, 37.135253 ], [ -6.532039, 37.135275 ], [ -6.532121, 37.135296 ], [ -6.532198, 37.13532 ], [ -6.532309, 37.135345 ], [ -6.532392, 37.135376 ], [ -6.53255, 37.135421 ], [ -6.532632, 37.135454 ], [ -6.532731, 37.135483 ], [ -6.532794, 37.135509 ], [ -6.532908, 37.135541 ], [ -6.532995, 37.135569 ], [ -6.533089, 37.135607 ], [ -6.533158, 37.135638 ], [ -6.533246, 37.135669 ], [ -6.533297, 37.135693 ], [ -6.533361, 37.135713 ], [ -6.533429, 37.135737 ], [ -6.533506, 37.135763 ], [ -6.533572, 37.135783 ], [ -6.533666, 37.13581 ], [ -6.533737, 37.135843 ], [ -6.533812, 37.135862 ], [ -6.533904, 37.135888 ], [ -6.533947, 37.135919 ], [ -6.534025, 37.135935 ], [ -6.534083, 37.135953 ], [ -6.534149, 37.13597 ], [ -6.534199, 37.135993 ], [ -6.534282, 37.136005 ], [ -6.534375, 37.136038 ], [ -6.534466, 37.136072 ], [ -6.534548, 37.136091 ], [ -6.534615, 37.136114 ], [ -6.534694, 37.136143 ], [ -6.53478, 37.13617 ], [ -6.534856, 37.136203 ], [ -6.534901, 37.136217 ], [ -6.534971, 37.136242 ], [ -6.535036, 37.136262 ], [ -6.535115, 37.136298 ], [ -6.535198, 37.136323 ], [ -6.53527, 37.136345 ], [ -6.535363, 37.13638 ], [ -6.53545, 37.136406 ], [ -6.535519, 37.136436 ], [ -6.535588, 37.136452 ], [ -6.53567, 37.136477 ], [ -6.535751, 37.136503 ], [ -6.535818, 37.136527 ], [ -6.53588, 37.136542 ], [ -6.535935, 37.136561 ], [ -6.53601, 37.136585 ], [ -6.536106, 37.136622 ], [ -6.536195, 37.136656 ], [ -6.536256, 37.136672 ], [ -6.536322, 37.136689 ], [ -6.536396, 37.136718 ], [ -6.536478, 37.136753 ], [ -6.536549, 37.136781 ], [ -6.536664, 37.136833 ], [ -6.536742, 37.136862 ], [ -6.536822, 37.136898 ], [ -6.536903, 37.136934 ], [ -6.536983, 37.136967 ], [ -6.537073, 37.137007 ], [ -6.537163, 37.137047 ], [ -6.537299, 37.137095 ], [ -6.537373, 37.137131 ], [ -6.537459, 37.137167 ], [ -6.537542, 37.137189 ], [ -6.537612, 37.137219 ], [ -6.537697, 37.137251 ], [ -6.537798, 37.137288 ], [ -6.537879, 37.137317 ], [ -6.537934, 37.137332 ], [ -6.538009, 37.137359 ], [ -6.538071, 37.137384 ], [ -6.538138, 37.137412 ], [ -6.538243, 37.137448 ], [ -6.538302, 37.137477 ], [ -6.538364, 37.137497 ], [ -6.538423, 37.137517 ], [ -6.538484, 37.137542 ], [ -6.538525, 37.137566 ], [ -6.538581, 37.137587 ], [ -6.538636, 37.137608 ], [ -6.538692, 37.13763 ], [ -6.538747, 37.137663 ], [ -6.538799, 37.137689 ], [ -6.538864, 37.137716 ], [ -6.538909, 37.137732 ], [ -6.53894, 37.137752 ], [ -6.538981, 37.137771 ], [ -6.539016, 37.137786 ], [ -6.539066, 37.1378 ], [ -6.539111, 37.137815 ], [ -6.539151, 37.137829 ], [ -6.539197, 37.137854 ], [ -6.539266, 37.137865 ], [ -6.53934, 37.137885 ], [ -6.539393, 37.1379 ], [ -6.539449, 37.137914 ], [ -6.539504, 37.137929 ], [ -6.539557, 37.137941 ], [ -6.539601, 37.137957 ], [ -6.539651, 37.137976 ], [ -6.539704, 37.137989 ], [ -6.539764, 37.138006 ], [ -6.539811, 37.13802 ], [ -6.539854, 37.13804 ], [ -6.539895, 37.138058 ], [ -6.539949, 37.138078 ], [ -6.540011, 37.138105 ], [ -6.540065, 37.138131 ], [ -6.540125, 37.13816 ], [ -6.540189, 37.138191 ], [ -6.540239, 37.13822 ], [ -6.540289, 37.138241 ], [ -6.540341, 37.138271 ], [ -6.540405, 37.138302 ], [ -6.540475, 37.138332 ], [ -6.54053, 37.138362 ], [ -6.540597, 37.138411 ], [ -6.540663, 37.138448 ], [ -6.540725, 37.138478 ], [ -6.540773, 37.138516 ], [ -6.540819, 37.138544 ], [ -6.540869, 37.138577 ], [ -6.540906, 37.138592 ], [ -6.540958, 37.138615 ], [ -6.541014, 37.138635 ], [ -6.54107, 37.138657 ], [ -6.541114, 37.138675 ], [ -6.541199, 37.138697 ], [ -6.541256, 37.138722 ], [ -6.541313, 37.138734 ], [ -6.541385, 37.138751 ], [ -6.541465, 37.138773 ], [ -6.541543, 37.138784 ], [ -6.541651, 37.138795 ], [ -6.541748, 37.13881 ], [ -6.54185, 37.138813 ], [ -6.541954, 37.138829 ], [ -6.542073, 37.138823 ], [ -6.542164, 37.138825 ], [ -6.542254, 37.138813 ], [ -6.542348, 37.138801 ], [ -6.542451, 37.138789 ], [ -6.542546, 37.138782 ], [ -6.542632, 37.138768 ], [ -6.542703, 37.138755 ], [ -6.542769, 37.138743 ], [ -6.54287, 37.138747 ], [ -6.542981, 37.138738 ], [ -6.543066, 37.13874 ], [ -6.543187, 37.138736 ], [ -6.543247, 37.138747 ], [ -6.543315, 37.138746 ], [ -6.543381, 37.138752 ], [ -6.543453, 37.138765 ], [ -6.543543, 37.138777 ], [ -6.543628, 37.138787 ], [ -6.543685, 37.138804 ], [ -6.543744, 37.138814 ], [ -6.543812, 37.138827 ], [ -6.543884, 37.13884 ], [ -6.543944, 37.13886 ], [ -6.54402, 37.138881 ], [ -6.544091, 37.138888 ], [ -6.544152, 37.138907 ], [ -6.544227, 37.138919 ], [ -6.544302, 37.138931 ], [ -6.544382, 37.138954 ], [ -6.544465, 37.138973 ], [ -6.544557, 37.138987 ], [ -6.544628, 37.139008 ], [ -6.544707, 37.139024 ], [ -6.544796, 37.139042 ], [ -6.544859, 37.139062 ], [ -6.544952, 37.139089 ], [ -6.545038, 37.139115 ], [ -6.545113, 37.13914 ], [ -6.545196, 37.139167 ], [ -6.545255, 37.139184 ], [ -6.54532, 37.139209 ], [ -6.545399, 37.139234 ], [ -6.545459, 37.13925 ], [ -6.545523, 37.139275 ], [ -6.545601, 37.139294 ], [ -6.545687, 37.139317 ], [ -6.545752, 37.139344 ], [ -6.545838, 37.139359 ], [ -6.54593, 37.139387 ], [ -6.54599, 37.139417 ], [ -6.546064, 37.139437 ], [ -6.546141, 37.139467 ], [ -6.546206, 37.139493 ], [ -6.546299, 37.139526 ], [ -6.546375, 37.139559 ], [ -6.546441, 37.139595 ], [ -6.546523, 37.139625 ], [ -6.546597, 37.139657 ], [ -6.546642, 37.139685 ], [ -6.54669, 37.139702 ], [ -6.546745, 37.139724 ], [ -6.546788, 37.139749 ], [ -6.546838, 37.139775 ], [ -6.546898, 37.139809 ], [ -6.546954, 37.139832 ], [ -6.546999, 37.139859 ], [ -6.547061, 37.13989 ], [ -6.547106, 37.139928 ], [ -6.547156, 37.139963 ], [ -6.547211, 37.139995 ], [ -6.547274, 37.140037 ], [ -6.547334, 37.140082 ], [ -6.547381, 37.140128 ], [ -6.547435, 37.140171 ], [ -6.547497, 37.140207 ], [ -6.547559, 37.140243 ], [ -6.547623, 37.140288 ], [ -6.547687, 37.140327 ], [ -6.547731, 37.140356 ], [ -6.547776, 37.140393 ], [ -6.547805, 37.140439 ], [ -6.547845, 37.14047 ], [ -6.547884, 37.140508 ], [ -6.547917, 37.140552 ], [ -6.547948, 37.1406 ], [ -6.547967, 37.140665 ], [ -6.547967, 37.140706 ], [ -6.547938, 37.140737 ], [ -6.547897, 37.140762 ], [ -6.547891, 37.1408 ], [ -6.547906, 37.140836 ], [ -6.547963, 37.14086 ], [ -6.548019, 37.140881 ], [ -6.548085, 37.140893 ], [ -6.548178, 37.140903 ], [ -6.548248, 37.140933 ], [ -6.548302, 37.140972 ], [ -6.548359, 37.141013 ], [ -6.548406, 37.141045 ], [ -6.548451, 37.141072 ], [ -6.5485, 37.141096 ], [ -6.548585, 37.141099 ], [ -6.548652, 37.141097 ], [ -6.548714, 37.14111 ], [ -6.548779, 37.141124 ], [ -6.548849, 37.141141 ], [ -6.548919, 37.141169 ], [ -6.548965, 37.141195 ], [ -6.549042, 37.141226 ], [ -6.549106, 37.141257 ], [ -6.549162, 37.141297 ], [ -6.549229, 37.141358 ], [ -6.549286, 37.141413 ], [ -6.549349, 37.141473 ], [ -6.549394, 37.141521 ], [ -6.549433, 37.141567 ], [ -6.549504, 37.141621 ], [ -6.549575, 37.141674 ], [ -6.549652, 37.141744 ], [ -6.549709, 37.141794 ], [ -6.549763, 37.141829 ], [ -6.549824, 37.141867 ], [ -6.549878, 37.141913 ], [ -6.549937, 37.141956 ], [ -6.550006, 37.141992 ], [ -6.550069, 37.14203 ], [ -6.550124, 37.142076 ], [ -6.550173, 37.142109 ], [ -6.550226, 37.142128 ], [ -6.550281, 37.142163 ], [ -6.550341, 37.142208 ], [ -6.550406, 37.142241 ], [ -6.550461, 37.142265 ], [ -6.550517, 37.142297 ], [ -6.550577, 37.142335 ], [ -6.55064, 37.142373 ], [ -6.550719, 37.14241 ], [ -6.550773, 37.142444 ], [ -6.550842, 37.142486 ], [ -6.550902, 37.142518 ], [ -6.550993, 37.142557 ], [ -6.551038, 37.1426 ], [ -6.551116, 37.142634 ], [ -6.551181, 37.142666 ], [ -6.551239, 37.142697 ], [ -6.551285, 37.142726 ], [ -6.551368, 37.142767 ], [ -6.551432, 37.142797 ], [ -6.55151, 37.142846 ], [ -6.551569, 37.142875 ], [ -6.551632, 37.142904 ], [ -6.551692, 37.142932 ], [ -6.551727, 37.142958 ], [ -6.551778, 37.142981 ], [ -6.551822, 37.143012 ], [ -6.551869, 37.143025 ], [ -6.551933, 37.143066 ], [ -6.552004, 37.143103 ], [ -6.552076, 37.143147 ], [ -6.552168, 37.143191 ], [ -6.55225, 37.143231 ], [ -6.552309, 37.143259 ], [ -6.55238, 37.143294 ], [ -6.552424, 37.14332 ], [ -6.552503, 37.143354 ], [ -6.552585, 37.143392 ], [ -6.552659, 37.143423 ], [ -6.552729, 37.143454 ], [ -6.552799, 37.14349 ], [ -6.552861, 37.143519 ], [ -6.552922, 37.143543 ], [ -6.552969, 37.143566 ], [ -6.553021, 37.143587 ], [ -6.553085, 37.143614 ], [ -6.553146, 37.14365 ], [ -6.553211, 37.14368 ], [ -6.553266, 37.143698 ], [ -6.553324, 37.143732 ], [ -6.55341, 37.143772 ], [ -6.55349, 37.143804 ], [ -6.553544, 37.143829 ], [ -6.553604, 37.143859 ], [ -6.55365, 37.143877 ], [ -6.553712, 37.143905 ], [ -6.553765, 37.143939 ], [ -6.553834, 37.143964 ], [ -6.553897, 37.143998 ], [ -6.553967, 37.144044 ], [ -6.554051, 37.144085 ], [ -6.554145, 37.144129 ], [ -6.554211, 37.144166 ], [ -6.55427, 37.144199 ], [ -6.55432, 37.14422 ], [ -6.554379, 37.144259 ], [ -6.554438, 37.144287 ], [ -6.554499, 37.144312 ], [ -6.554558, 37.14434 ], [ -6.554625, 37.144369 ], [ -6.554689, 37.144399 ], [ -6.554759, 37.144422 ], [ -6.554825, 37.144445 ], [ -6.554889, 37.144475 ], [ -6.554957, 37.144503 ], [ -6.555057, 37.144556 ], [ -6.555146, 37.144591 ], [ -6.555221, 37.144625 ], [ -6.555307, 37.144651 ], [ -6.555386, 37.144692 ], [ -6.555435, 37.144713 ], [ -6.555496, 37.144739 ], [ -6.555566, 37.14477 ], [ -6.555659, 37.144813 ], [ -6.555725, 37.144847 ], [ -6.555783, 37.144879 ], [ -6.55582, 37.144905 ], [ -6.555888, 37.144935 ], [ -6.555966, 37.144968 ], [ -6.556028, 37.14499 ], [ -6.556066, 37.145017 ], [ -6.556124, 37.145041 ], [ -6.55617, 37.145065 ], [ -6.556245, 37.145091 ], [ -6.556313, 37.145123 ], [ -6.556395, 37.145147 ], [ -6.556466, 37.145173 ], [ -6.556522, 37.145201 ], [ -6.55659, 37.145224 ], [ -6.556653, 37.145262 ], [ -6.556717, 37.145286 ], [ -6.556761, 37.145313 ], [ -6.556822, 37.145338 ], [ -6.556881, 37.14536 ], [ -6.556941, 37.145393 ], [ -6.556964, 37.145422 ], [ -6.557019, 37.145439 ], [ -6.557078, 37.145461 ], [ -6.557137, 37.145488 ], [ -6.557198, 37.145518 ], [ -6.557272, 37.145564 ], [ -6.557331, 37.145589 ], [ -6.557392, 37.145619 ], [ -6.557435, 37.14565 ], [ -6.557492, 37.14568 ], [ -6.557551, 37.14571 ], [ -6.557595, 37.145727 ], [ -6.557635, 37.145745 ], [ -6.557667, 37.145768 ], [ -6.557725, 37.145792 ], [ -6.557771, 37.145801 ], [ -6.557826, 37.145815 ], [ -6.557876, 37.14583 ], [ -6.557932, 37.145846 ], [ -6.557986, 37.145864 ], [ -6.558061, 37.145878 ], [ -6.558104, 37.145897 ], [ -6.558158, 37.14591 ], [ -6.55821, 37.145926 ], [ -6.558249, 37.145934 ], [ -6.558302, 37.145949 ], [ -6.558348, 37.14597 ], [ -6.558417, 37.145989 ], [ -6.558484, 37.146009 ], [ -6.558546, 37.14603 ], [ -6.558588, 37.146045 ], [ -6.558658, 37.146069 ], [ -6.558727, 37.14609 ], [ -6.558783, 37.146113 ], [ -6.558831, 37.146136 ], [ -6.558872, 37.146153 ], [ -6.558917, 37.146172 ], [ -6.558973, 37.146186 ], [ -6.559026, 37.146221 ], [ -6.559086, 37.146241 ], [ -6.559152, 37.146268 ], [ -6.559234, 37.146305 ], [ -6.559289, 37.146337 ], [ -6.559362, 37.146363 ], [ -6.559448, 37.146405 ], [ -6.55951, 37.146436 ], [ -6.559596, 37.146472 ], [ -6.559685, 37.146517 ], [ -6.559769, 37.146564 ], [ -6.55985, 37.146601 ], [ -6.559909, 37.146628 ], [ -6.559981, 37.146671 ], [ -6.56006, 37.146706 ], [ -6.560131, 37.146747 ], [ -6.560198, 37.146791 ], [ -6.560286, 37.146843 ], [ -6.56037, 37.146891 ], [ -6.560442, 37.146931 ], [ -6.5605, 37.146966 ], [ -6.560559, 37.147012 ], [ -6.560623, 37.147055 ], [ -6.560691, 37.147107 ], [ -6.560754, 37.147146 ], [ -6.560832, 37.147198 ], [ -6.56089, 37.147248 ], [ -6.560933, 37.147274 ], [ -6.560979, 37.147313 ], [ -6.561025, 37.147343 ], [ -6.561053, 37.147378 ], [ -6.56108, 37.147408 ], [ -6.561148, 37.147461 ], [ -6.561199, 37.147512 ], [ -6.561257, 37.14756 ], [ -6.561319, 37.147622 ], [ -6.561379, 37.14767 ], [ -6.561438, 37.147722 ], [ -6.561488, 37.147769 ], [ -6.561548, 37.147832 ], [ -6.561621, 37.147877 ], [ -6.561676, 37.147928 ], [ -6.561737, 37.147964 ], [ -6.561803, 37.148012 ], [ -6.561864, 37.148041 ], [ -6.561944, 37.148091 ], [ -6.562008, 37.14814 ], [ -6.56211, 37.148194 ], [ -6.562187, 37.14823 ], [ -6.56223, 37.148263 ], [ -6.562279, 37.148294 ], [ -6.562337, 37.148332 ], [ -6.562412, 37.148376 ], [ -6.562474, 37.148432 ], [ -6.562557, 37.148487 ], [ -6.562631, 37.148538 ], [ -6.56271, 37.148602 ], [ -6.562776, 37.148654 ], [ -6.562856, 37.148706 ], [ -6.562921, 37.148759 ], [ -6.562987, 37.148812 ], [ -6.563047, 37.148848 ], [ -6.563111, 37.148882 ], [ -6.563166, 37.148939 ], [ -6.563237, 37.14899 ], [ -6.563295, 37.149024 ], [ -6.563366, 37.149063 ], [ -6.563404, 37.149099 ], [ -6.563475, 37.149136 ], [ -6.563551, 37.149178 ], [ -6.563618, 37.149211 ], [ -6.563676, 37.149243 ], [ -6.563759, 37.149283 ], [ -6.563828, 37.14932 ], [ -6.563861, 37.149349 ], [ -6.563946, 37.149389 ], [ -6.564027, 37.149426 ], [ -6.564088, 37.149462 ], [ -6.564146, 37.149493 ], [ -6.564226, 37.149527 ], [ -6.564316, 37.149574 ], [ -6.564395, 37.14961 ], [ -6.564466, 37.149635 ], [ -6.564539, 37.149672 ], [ -6.564602, 37.149705 ], [ -6.564677, 37.149731 ], [ -6.564746, 37.149756 ], [ -6.564805, 37.149784 ], [ -6.564872, 37.149808 ], [ -6.564942, 37.149826 ], [ -6.565005, 37.149853 ], [ -6.565085, 37.149878 ], [ -6.565166, 37.149901 ], [ -6.565245, 37.149934 ], [ -6.565338, 37.149967 ], [ -6.565421, 37.149995 ], [ -6.565503, 37.150034 ], [ -6.565588, 37.150066 ], [ -6.565671, 37.150096 ], [ -6.565746, 37.150128 ], [ -6.565857, 37.150177 ], [ -6.565952, 37.150223 ], [ -6.56604, 37.150268 ], [ -6.566131, 37.150315 ], [ -6.56619, 37.150338 ], [ -6.566281, 37.150388 ], [ -6.566363, 37.150425 ], [ -6.566479, 37.150486 ], [ -6.566585, 37.150528 ], [ -6.566655, 37.150563 ], [ -6.566763, 37.150602 ], [ -6.566848, 37.150635 ], [ -6.566943, 37.150671 ], [ -6.567065, 37.150721 ], [ -6.567169, 37.150763 ], [ -6.567269, 37.150806 ], [ -6.567351, 37.150841 ], [ -6.567445, 37.150876 ], [ -6.567548, 37.15092 ], [ -6.567654, 37.150947 ], [ -6.567745, 37.150982 ], [ -6.567831, 37.15101 ], [ -6.567906, 37.151033 ], [ -6.568005, 37.151072 ], [ -6.568086, 37.151094 ], [ -6.568152, 37.151117 ], [ -6.568224, 37.151146 ], [ -6.568306, 37.151171 ], [ -6.568388, 37.151197 ], [ -6.56845, 37.151218 ], [ -6.568539, 37.15124 ], [ -6.568619, 37.15125 ], [ -6.568671, 37.151264 ], [ -6.568737, 37.151268 ], [ -6.568827, 37.151275 ], [ -6.568887, 37.151286 ], [ -6.569016, 37.151282 ], [ -6.569111, 37.151281 ], [ -6.569218, 37.151275 ], [ -6.569307, 37.151274 ], [ -6.56938, 37.151271 ], [ -6.569461, 37.151265 ], [ -6.569531, 37.151261 ], [ -6.569609, 37.15126 ], [ -6.569685, 37.151247 ], [ -6.569776, 37.151245 ], [ -6.569856, 37.151237 ], [ -6.569938, 37.151228 ], [ -6.569999, 37.151225 ], [ -6.57006, 37.151214 ], [ -6.57014, 37.151203 ], [ -6.570208, 37.151201 ], [ -6.570255, 37.151193 ], [ -6.570304, 37.15119 ], [ -6.570356, 37.151178 ], [ -6.570412, 37.151168 ], [ -6.570469, 37.151153 ], [ -6.570527, 37.15113 ], [ -6.570571, 37.151107 ], [ -6.57063, 37.151097 ], [ -6.570683, 37.151089 ], [ -6.570759, 37.151068 ], [ -6.570802, 37.151054 ], [ -6.570857, 37.151049 ], [ -6.570923, 37.151041 ], [ -6.570982, 37.151031 ], [ -6.571053, 37.151012 ], [ -6.571116, 37.151011 ], [ -6.571177, 37.151004 ], [ -6.571241, 37.150996 ], [ -6.571343, 37.150992 ], [ -6.571413, 37.15098 ], [ -6.571561, 37.150974 ], [ -6.571762, 37.150978 ], [ -6.571897, 37.150977 ], [ -6.571985, 37.150986 ], [ -6.572062, 37.150992 ], [ -6.572191, 37.150998 ], [ -6.572275, 37.151007 ], [ -6.572385, 37.151008 ], [ -6.572469, 37.151022 ], [ -6.57257, 37.151027 ], [ -6.572651, 37.151036 ], [ -6.572711, 37.151045 ], [ -6.572804, 37.15105 ], [ -6.57288, 37.151059 ], [ -6.572949, 37.151067 ], [ -6.573018, 37.151069 ], [ -6.573095, 37.15108 ], [ -6.573168, 37.151093 ], [ -6.573248, 37.151104 ], [ -6.573323, 37.151117 ], [ -6.573394, 37.151134 ], [ -6.573476, 37.15115 ], [ -6.573553, 37.151168 ], [ -6.573621, 37.151183 ], [ -6.573698, 37.151201 ], [ -6.573773, 37.151225 ], [ -6.573826, 37.151244 ], [ -6.573899, 37.151268 ], [ -6.573981, 37.151299 ], [ -6.574048, 37.151333 ], [ -6.574122, 37.151367 ], [ -6.574183, 37.151395 ], [ -6.57425, 37.151433 ], [ -6.574318, 37.151469 ], [ -6.574365, 37.151491 ], [ -6.574423, 37.151523 ], [ -6.574472, 37.151555 ], [ -6.574539, 37.151594 ], [ -6.574603, 37.151633 ], [ -6.574671, 37.151676 ], [ -6.574724, 37.151713 ], [ -6.574792, 37.151759 ], [ -6.574854, 37.151802 ], [ -6.574918, 37.151842 ], [ -6.574972, 37.15189 ], [ -6.575015, 37.151932 ], [ -6.57507, 37.151979 ], [ -6.575124, 37.152018 ], [ -6.575166, 37.15206 ], [ -6.575203, 37.152095 ], [ -6.575251, 37.152137 ], [ -6.575309, 37.152181 ], [ -6.575378, 37.152226 ], [ -6.575417, 37.15226 ], [ -6.57549, 37.152313 ], [ -6.575579, 37.152376 ], [ -6.57562, 37.152418 ], [ -6.575677, 37.15247 ], [ -6.575734, 37.15252 ], [ -6.575813, 37.152577 ], [ -6.575849, 37.152618 ], [ -6.575891, 37.152658 ], [ -6.575938, 37.152705 ], [ -6.575979, 37.152749 ], [ -6.576028, 37.152796 ], [ -6.576058, 37.152841 ], [ -6.576108, 37.152884 ], [ -6.576147, 37.152922 ], [ -6.576194, 37.152966 ], [ -6.576227, 37.153002 ], [ -6.576274, 37.153053 ], [ -6.576319, 37.153104 ], [ -6.576374, 37.153153 ], [ -6.576388, 37.153182 ], [ -6.576453, 37.153235 ], [ -6.576516, 37.153281 ], [ -6.576563, 37.153328 ], [ -6.576602, 37.153365 ], [ -6.576651, 37.153408 ], [ -6.576719, 37.153462 ], [ -6.576769, 37.153502 ], [ -6.576801, 37.153539 ], [ -6.576873, 37.153594 ], [ -6.57692, 37.153636 ], [ -6.576979, 37.153689 ], [ -6.577026, 37.153731 ], [ -6.577061, 37.153762 ], [ -6.577126, 37.153812 ], [ -6.577179, 37.153853 ], [ -6.57723, 37.153898 ], [ -6.577292, 37.153949 ], [ -6.577366, 37.15401 ], [ -6.577419, 37.154064 ], [ -6.577499, 37.154124 ], [ -6.577562, 37.154165 ], [ -6.577639, 37.154222 ], [ -6.577721, 37.154288 ], [ -6.577796, 37.154353 ], [ -6.577862, 37.154415 ], [ -6.57795, 37.154479 ], [ -6.578017, 37.154515 ], [ -6.578085, 37.154562 ], [ -6.578139, 37.154609 ], [ -6.578209, 37.154684 ], [ -6.578278, 37.154735 ], [ -6.578368, 37.154802 ], [ -6.578449, 37.154856 ], [ -6.57852, 37.154899 ], [ -6.578603, 37.154957 ], [ -6.578681, 37.15501 ], [ -6.578756, 37.155056 ], [ -6.578823, 37.155095 ], [ -6.57888, 37.155138 ], [ -6.578932, 37.155168 ], [ -6.579, 37.155194 ], [ -6.579057, 37.155223 ], [ -6.579121, 37.155257 ], [ -6.579208, 37.15529 ], [ -6.579301, 37.155326 ], [ -6.579368, 37.155355 ], [ -6.579433, 37.155386 ], [ -6.579492, 37.155406 ], [ -6.57956, 37.15543 ], [ -6.579618, 37.155449 ], [ -6.579711, 37.155474 ], [ -6.579792, 37.155505 ], [ -6.579861, 37.155521 ], [ -6.579917, 37.155532 ], [ -6.580003, 37.155552 ], [ -6.580056, 37.155567 ], [ -6.580135, 37.15558 ], [ -6.580205, 37.155591 ], [ -6.580267, 37.155612 ], [ -6.580333, 37.155622 ], [ -6.5804, 37.155628 ], [ -6.580476, 37.155639 ], [ -6.580556, 37.155647 ], [ -6.580625, 37.155659 ], [ -6.580705, 37.155673 ], [ -6.580768, 37.155691 ], [ -6.580853, 37.155695 ], [ -6.580933, 37.155709 ], [ -6.581001, 37.155726 ], [ -6.581074, 37.155731 ], [ -6.581148, 37.155746 ], [ -6.581216, 37.155756 ], [ -6.581295, 37.155765 ], [ -6.581366, 37.155774 ], [ -6.581453, 37.155792 ], [ -6.581532, 37.155806 ], [ -6.581627, 37.155829 ], [ -6.581751, 37.155836 ], [ -6.581819, 37.155844 ], [ -6.581878, 37.155856 ], [ -6.581939, 37.155857 ], [ -6.582005, 37.155865 ], [ -6.582065, 37.155879 ], [ -6.582139, 37.155888 ], [ -6.582205, 37.155897 ], [ -6.58228, 37.155914 ], [ -6.582365, 37.155925 ], [ -6.582453, 37.155939 ], [ -6.582529, 37.155946 ], [ -6.582606, 37.155962 ], [ -6.582684, 37.155964 ], [ -6.582757, 37.15598 ], [ -6.582829, 37.155986 ], [ -6.582913, 37.155994 ], [ -6.582984, 37.156009 ], [ -6.583058, 37.156018 ], [ -6.58314, 37.156025 ], [ -6.583212, 37.156037 ], [ -6.583296, 37.156043 ], [ -6.583367, 37.156048 ], [ -6.583429, 37.156059 ], [ -6.583507, 37.156069 ], [ -6.583609, 37.156083 ], [ -6.583683, 37.156095 ], [ -6.583749, 37.156101 ], [ -6.583837, 37.156115 ], [ -6.583905, 37.156122 ], [ -6.583963, 37.156128 ], [ -6.584038, 37.156143 ], [ -6.584139, 37.156162 ], [ -6.584233, 37.15617 ], [ -6.584306, 37.156193 ], [ -6.584374, 37.156199 ], [ -6.584467, 37.156215 ], [ -6.584557, 37.156246 ], [ -6.584639, 37.156264 ], [ -6.58473, 37.156284 ], [ -6.584798, 37.156308 ], [ -6.584894, 37.156324 ], [ -6.584951, 37.15634 ], [ -6.58501, 37.156361 ], [ -6.585105, 37.156372 ], [ -6.585195, 37.156391 ], [ -6.585264, 37.156405 ], [ -6.585345, 37.156416 ], [ -6.585447, 37.156437 ], [ -6.585546, 37.156444 ], [ -6.585639, 37.156456 ], [ -6.58575, 37.156476 ], [ -6.585874, 37.156484 ], [ -6.585994, 37.156496 ], [ -6.586104, 37.156508 ], [ -6.586187, 37.156518 ], [ -6.586324, 37.156535 ], [ -6.586403, 37.156539 ], [ -6.586507, 37.156538 ], [ -6.586572, 37.156559 ], [ -6.586684, 37.156558 ], [ -6.586809, 37.156571 ], [ -6.586917, 37.156572 ], [ -6.587074, 37.156575 ], [ -6.587293, 37.156574 ], [ -6.587467, 37.15657 ], [ -6.587699, 37.156576 ], [ -6.587865, 37.156577 ], [ -6.587968, 37.156582 ], [ -6.588059, 37.156586 ], [ -6.588142, 37.156594 ], [ -6.588227, 37.156593 ], [ -6.588338, 37.156595 ], [ -6.588435, 37.156602 ], [ -6.588539, 37.1566 ], [ -6.588624, 37.15661 ], [ -6.588702, 37.15661 ], [ -6.588847, 37.156618 ], [ -6.589035, 37.156627 ], [ -6.58919, 37.156633 ], [ -6.589276, 37.156641 ], [ -6.589411, 37.156648 ], [ -6.589484, 37.156658 ], [ -6.589591, 37.15667 ], [ -6.589691, 37.156684 ], [ -6.589759, 37.156701 ], [ -6.589882, 37.15672 ], [ -6.589959, 37.156744 ], [ -6.590054, 37.156766 ], [ -6.590155, 37.156802 ], [ -6.590237, 37.156835 ], [ -6.590322, 37.156873 ], [ -6.590411, 37.156914 ], [ -6.590512, 37.156945 ], [ -6.590568, 37.156972 ], [ -6.590614, 37.156997 ], [ -6.590675, 37.157019 ], [ -6.590739, 37.157034 ], [ -6.59081, 37.157048 ], [ -6.590868, 37.157067 ], [ -6.590931, 37.157092 ], [ -6.591, 37.157107 ], [ -6.591058, 37.157132 ], [ -6.591126, 37.157155 ], [ -6.591182, 37.157172 ], [ -6.591236, 37.157188 ], [ -6.59128, 37.157204 ], [ -6.591338, 37.157231 ], [ -6.591395, 37.157249 ], [ -6.591456, 37.157277 ], [ -6.591524, 37.15732 ], [ -6.591589, 37.15735 ], [ -6.591647, 37.157384 ], [ -6.591701, 37.157421 ], [ -6.591749, 37.157452 ], [ -6.591803, 37.157478 ], [ -6.591855, 37.157512 ], [ -6.591915, 37.157549 ], [ -6.591977, 37.157579 ], [ -6.59204, 37.157608 ], [ -6.592105, 37.157637 ], [ -6.59216, 37.157662 ], [ -6.592213, 37.157691 ], [ -6.592273, 37.157718 ], [ -6.592342, 37.157742 ], [ -6.59242, 37.157773 ], [ -6.592476, 37.157791 ], [ -6.592546, 37.157818 ], [ -6.592596, 37.157835 ], [ -6.592658, 37.157859 ], [ -6.592712, 37.157882 ], [ -6.592782, 37.157901 ], [ -6.592857, 37.157919 ], [ -6.59291, 37.157938 ], [ -6.592973, 37.157951 ], [ -6.593038, 37.157965 ], [ -6.593104, 37.157982 ], [ -6.593163, 37.157995 ], [ -6.593225, 37.158006 ], [ -6.593309, 37.15802 ], [ -6.593373, 37.158041 ], [ -6.593454, 37.158053 ], [ -6.593523, 37.158061 ], [ -6.593594, 37.158082 ], [ -6.593675, 37.158094 ], [ -6.593748, 37.158105 ], [ -6.593842, 37.158128 ], [ -6.593947, 37.158147 ], [ -6.594062, 37.158171 ], [ -6.594157, 37.158178 ], [ -6.594246, 37.158198 ], [ -6.594364, 37.158204 ], [ -6.594478, 37.158228 ], [ -6.594565, 37.15823 ], [ -6.594717, 37.158245 ], [ -6.594817, 37.158256 ], [ -6.594922, 37.158268 ], [ -6.595023, 37.158274 ], [ -6.595153, 37.158278 ], [ -6.595304, 37.158278 ], [ -6.59548, 37.158282 ], [ -6.595679, 37.15828 ], [ -6.595795, 37.158279 ], [ -6.595899, 37.15828 ], [ -6.596033, 37.158279 ], [ -6.596146, 37.158271 ], [ -6.596235, 37.158271 ], [ -6.596329, 37.158267 ], [ -6.596372, 37.158264 ], [ -6.59642, 37.15826 ], [ -6.596508, 37.158264 ], [ -6.596569, 37.158249 ], [ -6.596656, 37.158235 ], [ -6.596754, 37.158226 ], [ -6.596834, 37.158217 ], [ -6.596929, 37.158214 ], [ -6.597014, 37.158215 ], [ -6.59709, 37.158223 ], [ -6.597152, 37.158233 ], [ -6.597229, 37.158241 ], [ -6.597316, 37.158252 ], [ -6.5974, 37.158265 ], [ -6.597482, 37.158276 ], [ -6.59759, 37.158283 ], [ -6.597825, 37.158295 ], [ -6.598029, 37.158293 ], [ -6.598132, 37.158298 ], [ -6.598247, 37.1583 ], [ -6.598312, 37.158307 ], [ -6.598449, 37.158311 ], [ -6.598543, 37.158316 ], [ -6.598646, 37.158316 ], [ -6.598747, 37.158327 ], [ -6.598844, 37.158329 ], [ -6.598934, 37.158334 ], [ -6.598994, 37.158341 ], [ -6.599091, 37.158343 ], [ -6.599185, 37.158355 ], [ -6.599264, 37.158365 ], [ -6.599339, 37.158371 ], [ -6.599404, 37.158388 ], [ -6.599491, 37.158406 ], [ -6.599572, 37.158414 ], [ -6.599626, 37.158426 ], [ -6.599695, 37.158434 ], [ -6.599789, 37.158448 ], [ -6.59985, 37.158461 ], [ -6.599905, 37.158467 ], [ -6.599977, 37.158474 ], [ -6.600067, 37.158489 ], [ -6.600173, 37.158494 ], [ -6.600288, 37.158503 ], [ -6.600375, 37.15851 ], [ -6.600458, 37.158509 ], [ -6.600526, 37.158521 ], [ -6.60063, 37.158525 ], [ -6.60073, 37.158535 ], [ -6.600826, 37.158545 ], [ -6.600961, 37.158557 ], [ -6.601044, 37.158563 ], [ -6.601126, 37.158568 ], [ -6.601203, 37.158585 ], [ -6.601287, 37.158582 ], [ -6.601375, 37.158587 ], [ -6.60144, 37.158602 ], [ -6.601548, 37.158611 ], [ -6.601644, 37.15863 ], [ -6.601753, 37.158644 ], [ -6.601877, 37.15866 ], [ -6.601993, 37.158667 ], [ -6.602086, 37.158682 ], [ -6.602148, 37.158698 ], [ -6.602241, 37.158701 ], [ -6.602308, 37.158717 ], [ -6.602367, 37.158732 ], [ -6.602463, 37.158736 ], [ -6.602522, 37.158742 ], [ -6.602554, 37.158758 ], [ -6.602613, 37.15876 ], [ -6.602681, 37.158764 ], [ -6.602741, 37.158777 ], [ -6.602789, 37.158794 ], [ -6.602869, 37.158802 ], [ -6.60293, 37.15881 ], [ -6.602999, 37.158824 ], [ -6.603078, 37.15884 ], [ -6.603147, 37.158849 ], [ -6.603222, 37.158861 ], [ -6.603296, 37.158873 ], [ -6.603377, 37.158884 ], [ -6.603458, 37.158905 ], [ -6.603539, 37.158919 ], [ -6.603626, 37.158932 ], [ -6.603713, 37.158955 ], [ -6.603782, 37.15897 ], [ -6.603833, 37.158979 ], [ -6.603901, 37.158994 ], [ -6.603967, 37.159002 ], [ -6.604047, 37.159009 ], [ -6.604136, 37.159027 ], [ -6.604232, 37.159041 ], [ -6.604333, 37.159048 ], [ -6.604386, 37.159065 ], [ -6.604468, 37.159077 ], [ -6.604545, 37.159083 ], [ -6.604582, 37.159096 ], [ -6.60465, 37.159108 ], [ -6.604724, 37.159123 ], [ -6.604797, 37.15914 ], [ -6.604859, 37.159159 ], [ -6.604922, 37.159178 ], [ -6.604989, 37.159202 ], [ -6.605051, 37.159233 ], [ -6.605109, 37.15925 ], [ -6.605167, 37.159282 ], [ -6.605222, 37.159312 ], [ -6.605287, 37.159358 ], [ -6.60537, 37.159399 ], [ -6.605459, 37.15944 ], [ -6.605554, 37.159483 ], [ -6.605652, 37.159519 ], [ -6.605745, 37.159549 ], [ -6.605845, 37.159571 ], [ -6.605936, 37.159602 ], [ -6.606065, 37.159623 ], [ -6.606184, 37.159667 ], [ -6.606261, 37.159679 ], [ -6.606368, 37.159711 ], [ -6.606456, 37.159737 ], [ -6.606539, 37.159763 ], [ -6.606641, 37.15979 ], [ -6.606726, 37.159791 ], [ -6.60686, 37.159805 ], [ -6.606941, 37.159822 ], [ -6.607038, 37.159852 ], [ -6.607228, 37.159876 ], [ -6.607309, 37.159892 ], [ -6.607525, 37.159895 ], [ -6.607805, 37.159895 ], [ -6.607968, 37.159898 ], [ -6.608089, 37.159909 ], [ -6.608227, 37.159915 ], [ -6.608372, 37.159932 ], [ -6.608538, 37.159942 ], [ -6.608637, 37.159952 ], [ -6.608693, 37.159962 ], [ -6.608792, 37.159978 ], [ -6.608926, 37.159994 ], [ -6.609114, 37.160006 ], [ -6.609193, 37.160014 ], [ -6.609256, 37.160022 ], [ -6.609339, 37.160035 ], [ -6.609412, 37.160043 ], [ -6.609482, 37.160064 ], [ -6.609561, 37.160082 ], [ -6.609638, 37.160105 ], [ -6.609744, 37.160143 ], [ -6.609827, 37.16018 ], [ -6.609916, 37.160207 ], [ -6.610009, 37.160235 ], [ -6.610084, 37.160263 ], [ -6.610181, 37.160296 ], [ -6.610276, 37.16032 ], [ -6.610354, 37.160342 ], [ -6.610464, 37.16037 ], [ -6.610598, 37.160379 ], [ -6.610666, 37.160384 ], [ -6.610836, 37.160389 ], [ -6.610891, 37.160397 ], [ -6.610972, 37.160411 ], [ -6.611072, 37.160423 ], [ -6.611164, 37.160446 ], [ -6.611215, 37.160463 ], [ -6.611311, 37.160476 ], [ -6.611417, 37.160484 ], [ -6.611527, 37.160501 ], [ -6.61161, 37.160511 ], [ -6.61172, 37.160513 ], [ -6.611779, 37.160524 ], [ -6.611849, 37.160528 ], [ -6.611928, 37.160535 ], [ -6.612003, 37.160547 ], [ -6.612078, 37.160555 ], [ -6.612192, 37.16056 ], [ -6.612295, 37.160561 ], [ -6.612422, 37.160562 ], [ -6.61253, 37.160549 ], [ -6.612581, 37.160563 ], [ -6.612841, 37.160562 ], [ -6.612917, 37.160568 ], [ -6.613029, 37.160568 ], [ -6.613129, 37.160577 ], [ -6.613216, 37.16058 ], [ -6.613305, 37.160591 ], [ -6.61342, 37.160598 ], [ -6.613596, 37.1606 ], [ -6.61369, 37.160607 ], [ -6.613951, 37.1606 ], [ -6.614006, 37.160599 ], [ -6.614132, 37.160588 ], [ -6.61424, 37.160581 ], [ -6.614329, 37.160568 ], [ -6.614463, 37.160547 ], [ -6.614588, 37.160543 ], [ -6.614709, 37.160533 ], [ -6.614798, 37.160527 ], [ -6.614905, 37.160515 ], [ -6.615004, 37.1605 ], [ -6.615147, 37.160492 ], [ -6.615261, 37.160474 ], [ -6.615479, 37.160463 ], [ -6.615627, 37.16046 ], [ -6.615822, 37.160457 ], [ -6.615937, 37.160464 ], [ -6.616062, 37.160464 ], [ -6.61621, 37.160474 ], [ -6.616479, 37.160469 ], [ -6.616719, 37.160466 ], [ -6.616792, 37.160472 ], [ -6.616881, 37.160477 ], [ -6.616955, 37.160485 ], [ -6.617025, 37.160498 ], [ -6.61709, 37.160519 ], [ -6.617164, 37.160527 ], [ -6.617253, 37.160547 ], [ -6.61732, 37.160569 ], [ -6.617376, 37.160585 ], [ -6.617447, 37.160602 ], [ -6.617492, 37.160616 ], [ -6.617557, 37.160643 ], [ -6.617609, 37.160668 ], [ -6.617704, 37.160717 ], [ -6.617802, 37.160762 ], [ -6.617968, 37.160852 ], [ -6.618057, 37.1609 ], [ -6.618138, 37.160942 ], [ -6.618219, 37.160988 ], [ -6.618332, 37.161054 ], [ -6.618434, 37.161108 ], [ -6.61849, 37.161152 ], [ -6.618548, 37.161183 ], [ -6.618603, 37.161221 ], [ -6.618671, 37.16126 ], [ -6.618736, 37.16131 ], [ -6.618799, 37.16135 ], [ -6.618866, 37.161398 ], [ -6.618896, 37.161403 ], [ -6.618961, 37.16145 ], [ -6.61905, 37.161512 ], [ -6.61913, 37.16157 ], [ -6.619206, 37.161628 ], [ -6.619276, 37.161677 ], [ -6.619343, 37.161736 ], [ -6.619394, 37.161779 ], [ -6.619437, 37.161837 ], [ -6.619478, 37.161879 ], [ -6.619541, 37.161935 ], [ -6.619609, 37.162029 ], [ -6.619636, 37.162065 ], [ -6.619677, 37.162119 ], [ -6.619706, 37.162158 ], [ -6.619742, 37.162197 ], [ -6.619795, 37.162246 ], [ -6.619825, 37.162282 ], [ -6.619861, 37.162321 ], [ -6.619919, 37.162383 ], [ -6.619971, 37.162458 ], [ -6.620002, 37.162512 ], [ -6.620039, 37.162557 ], [ -6.620083, 37.162614 ], [ -6.620135, 37.16268 ], [ -6.620191, 37.162743 ], [ -6.620246, 37.162804 ], [ -6.620285, 37.162866 ], [ -6.620339, 37.162932 ], [ -6.620364, 37.162988 ], [ -6.620388, 37.163049 ], [ -6.620402, 37.163085 ], [ -6.620431, 37.163127 ], [ -6.620458, 37.163178 ], [ -6.620478, 37.163224 ], [ -6.620495, 37.16328 ], [ -6.62053, 37.163344 ], [ -6.620566, 37.16341 ], [ -6.620592, 37.16346 ], [ -6.620647, 37.163537 ], [ -6.62071, 37.163618 ], [ -6.620738, 37.163676 ], [ -6.620809, 37.16375 ], [ -6.62095, 37.163904 ], [ -6.621028, 37.16398 ], [ -6.621154, 37.1641 ], [ -6.621292, 37.164204 ], [ -6.621426, 37.164292 ], [ -6.621539, 37.164359 ], [ -6.621696, 37.164436 ], [ -6.621811, 37.16449 ], [ -6.621935, 37.164536 ], [ -6.622077, 37.16458 ], [ -6.622186, 37.164603 ], [ -6.622299, 37.16462 ], [ -6.622385, 37.164634 ], [ -6.622484, 37.164641 ], [ -6.622594, 37.164648 ], [ -6.622686, 37.164659 ], [ -6.62278, 37.164658 ], [ -6.62279, 37.16466 ], [ -6.61814, 37.172892 ], [ -6.61814, 37.172892 ], [ -6.618046, 37.172893 ], [ -6.617954, 37.172882 ], [ -6.617844, 37.172875 ], [ -6.617745, 37.172868 ], [ -6.617659, 37.172854 ], [ -6.617546, 37.172837 ], [ -6.617436, 37.172814 ], [ -6.617295, 37.17277 ], [ -6.617171, 37.172724 ], [ -6.617056, 37.17267 ], [ -6.616899, 37.172593 ], [ -6.616786, 37.172526 ], [ -6.616652, 37.172438 ], [ -6.616514, 37.172334 ], [ -6.616387, 37.172214 ], [ -6.616309, 37.172138 ], [ -6.616169, 37.171984 ], [ -6.616098, 37.17191 ], [ -6.61607, 37.171851 ], [ -6.616007, 37.171771 ], [ -6.615952, 37.171694 ], [ -6.615925, 37.171644 ], [ -6.615889, 37.171578 ], [ -6.615855, 37.171514 ], [ -6.615838, 37.171458 ], [ -6.615818, 37.171412 ], [ -6.61579, 37.171361 ], [ -6.615762, 37.171319 ], [ -6.615748, 37.171283 ], [ -6.615724, 37.171222 ], [ -6.615699, 37.171166 ], [ -6.615645, 37.1711 ], [ -6.615606, 37.171038 ], [ -6.615551, 37.170976 ], [ -6.615494, 37.170914 ], [ -6.615443, 37.170848 ], [ -6.615398, 37.170791 ], [ -6.615362, 37.170746 ], [ -6.615331, 37.170692 ], [ -6.615278, 37.170617 ], [ -6.61522, 37.170554 ], [ -6.615185, 37.170516 ], [ -6.615155, 37.17048 ], [ -6.615102, 37.170431 ], [ -6.615066, 37.170392 ], [ -6.615037, 37.170353 ], [ -6.614996, 37.170299 ], [ -6.614969, 37.170262 ], [ -6.614901, 37.170169 ], [ -6.614837, 37.170113 ], [ -6.614797, 37.17007 ], [ -6.614754, 37.170013 ], [ -6.614702, 37.16997 ], [ -6.614636, 37.169911 ], [ -6.614566, 37.169862 ], [ -6.61449, 37.169804 ], [ -6.61441, 37.169746 ], [ -6.61432, 37.169684 ], [ -6.614255, 37.169637 ], [ -6.614225, 37.169632 ], [ -6.614159, 37.169584 ], [ -6.614095, 37.169544 ], [ -6.61403, 37.169494 ], [ -6.613963, 37.169455 ], [ -6.613908, 37.169417 ], [ -6.61385, 37.169385 ], [ -6.613794, 37.169342 ], [ -6.613691, 37.169288 ], [ -6.613579, 37.169221 ], [ -6.613498, 37.169176 ], [ -6.613417, 37.169133 ], [ -6.613328, 37.169086 ], [ -6.613162, 37.168996 ], [ -6.613064, 37.168951 ], [ -6.612969, 37.168902 ], [ -6.612917, 37.168876 ], [ -6.612851, 37.16885 ], [ -6.612806, 37.168836 ], [ -6.612735, 37.168819 ], [ -6.612679, 37.168803 ], [ -6.612613, 37.168781 ], [ -6.612524, 37.168761 ], [ -6.612449, 37.168752 ], [ -6.612385, 37.168732 ], [ -6.612314, 37.168719 ], [ -6.612241, 37.16871 ], [ -6.612151, 37.168706 ], [ -6.612078, 37.1687 ], [ -6.611838, 37.168702 ], [ -6.61157, 37.168708 ], [ -6.611422, 37.168698 ], [ -6.611297, 37.168698 ], [ -6.611182, 37.168691 ], [ -6.610986, 37.168694 ], [ -6.610839, 37.168697 ], [ -6.61062, 37.168707 ], [ -6.610506, 37.168726 ], [ -6.610363, 37.168734 ], [ -6.610264, 37.168749 ], [ -6.610158, 37.16876 ], [ -6.610068, 37.168767 ], [ -6.609947, 37.168776 ], [ -6.609823, 37.168781 ], [ -6.609688, 37.168801 ], [ -6.609599, 37.168815 ], [ -6.609491, 37.168822 ], [ -6.609365, 37.168833 ], [ -6.609311, 37.168834 ], [ -6.609049, 37.168841 ], [ -6.608955, 37.168834 ], [ -6.608779, 37.168832 ], [ -6.608665, 37.168824 ], [ -6.608575, 37.168814 ], [ -6.608488, 37.168811 ], [ -6.608388, 37.168802 ], [ -6.608276, 37.168802 ], [ -6.6082, 37.168796 ], [ -6.60794, 37.168797 ], [ -6.607889, 37.168783 ], [ -6.607781, 37.168796 ], [ -6.607654, 37.168795 ], [ -6.607551, 37.168793 ], [ -6.607437, 37.168789 ], [ -6.607362, 37.168781 ], [ -6.607287, 37.168769 ], [ -6.607208, 37.168761 ], [ -6.607138, 37.168758 ], [ -6.607079, 37.168746 ], [ -6.606969, 37.168745 ], [ -6.606886, 37.168735 ], [ -6.606776, 37.168718 ], [ -6.60667, 37.168709 ], [ -6.606574, 37.168697 ], [ -6.606523, 37.168679 ], [ -6.606431, 37.168657 ], [ -6.60633, 37.168645 ], [ -6.60625, 37.168631 ], [ -6.606195, 37.168623 ], [ -6.606025, 37.168618 ], [ -6.605957, 37.168612 ], [ -6.605823, 37.168603 ], [ -6.605713, 37.168576 ], [ -6.605635, 37.168554 ], [ -6.60554, 37.168529 ], [ -6.605443, 37.168496 ], [ -6.605367, 37.168469 ], [ -6.605275, 37.168441 ], [ -6.605186, 37.168414 ], [ -6.605102, 37.168377 ], [ -6.604997, 37.168339 ], [ -6.60492, 37.168315 ], [ -6.60484, 37.168297 ], [ -6.604771, 37.168277 ], [ -6.604697, 37.168268 ], [ -6.604615, 37.168255 ], [ -6.604552, 37.168248 ], [ -6.604473, 37.168239 ], [ -6.604285, 37.168228 ], [ -6.60415, 37.168212 ], [ -6.604051, 37.168196 ], [ -6.603996, 37.168185 ], [ -6.603897, 37.168175 ], [ -6.60373, 37.168165 ], [ -6.603585, 37.168148 ], [ -6.603448, 37.168143 ], [ -6.603327, 37.168131 ], [ -6.603163, 37.168128 ], [ -6.602883, 37.168129 ], [ -6.602667, 37.168126 ], [ -6.602587, 37.16811 ], [ -6.602397, 37.168086 ], [ -6.6023, 37.168055 ], [ -6.602219, 37.168039 ], [ -6.602084, 37.168025 ], [ -6.602, 37.168023 ], [ -6.601897, 37.167996 ], [ -6.601814, 37.16797 ], [ -6.601726, 37.167944 ], [ -6.601619, 37.167912 ], [ -6.601543, 37.1679 ], [ -6.601423, 37.167856 ], [ -6.601295, 37.167835 ], [ -6.601204, 37.167805 ], [ -6.601103, 37.167783 ], [ -6.601011, 37.167752 ], [ -6.600912, 37.167716 ], [ -6.600817, 37.167673 ], [ -6.600729, 37.167633 ], [ -6.600645, 37.167591 ], [ -6.60058, 37.167546 ], [ -6.600525, 37.167515 ], [ -6.600467, 37.167483 ], [ -6.60041, 37.167466 ], [ -6.600347, 37.167436 ], [ -6.60028, 37.167412 ], [ -6.600218, 37.167393 ], [ -6.600156, 37.167373 ], [ -6.600082, 37.167356 ], [ -6.600008, 37.167342 ], [ -6.599941, 37.16733 ], [ -6.599903, 37.167316 ], [ -6.599827, 37.16731 ], [ -6.599744, 37.167299 ], [ -6.599691, 37.167281 ], [ -6.59959, 37.167274 ], [ -6.599494, 37.16726 ], [ -6.599406, 37.167243 ], [ -6.599325, 37.167236 ], [ -6.599259, 37.167227 ], [ -6.599191, 37.167212 ], [ -6.59914, 37.167203 ], [ -6.599072, 37.167188 ], [ -6.598984, 37.167166 ], [ -6.598897, 37.167153 ], [ -6.598816, 37.167138 ], [ -6.598735, 37.167117 ], [ -6.598654, 37.167106 ], [ -6.59858, 37.167094 ], [ -6.598505, 37.167082 ], [ -6.598436, 37.167074 ], [ -6.598357, 37.167058 ], [ -6.598288, 37.167043 ], [ -6.598227, 37.167035 ], [ -6.598147, 37.167027 ], [ -6.598099, 37.167011 ], [ -6.598039, 37.166997 ], [ -6.597971, 37.166993 ], [ -6.597912, 37.166991 ], [ -6.59788, 37.166976 ], [ -6.597821, 37.166969 ], [ -6.597725, 37.166965 ], [ -6.597666, 37.166951 ], [ -6.597599, 37.166935 ], [ -6.597506, 37.166932 ], [ -6.597444, 37.166916 ], [ -6.597351, 37.166901 ], [ -6.597235, 37.166893 ], [ -6.597111, 37.166877 ], [ -6.597002, 37.166863 ], [ -6.596906, 37.166844 ], [ -6.596798, 37.166836 ], [ -6.596733, 37.16682 ], [ -6.596645, 37.166815 ], [ -6.596561, 37.166818 ], [ -6.596484, 37.166802 ], [ -6.596402, 37.166796 ], [ -6.596318, 37.16679 ], [ -6.596184, 37.166779 ], [ -6.596088, 37.166768 ], [ -6.595988, 37.166758 ], [ -6.595883, 37.166754 ], [ -6.595816, 37.166742 ], [ -6.595732, 37.166744 ], [ -6.595646, 37.166737 ], [ -6.595531, 37.166727 ], [ -6.595425, 37.166722 ], [ -6.595335, 37.166707 ], [ -6.595263, 37.166701 ], [ -6.595207, 37.166694 ], [ -6.595147, 37.166681 ], [ -6.595053, 37.166668 ], [ -6.594984, 37.166659 ], [ -6.59493, 37.166648 ], [ -6.594849, 37.166639 ], [ -6.594762, 37.166622 ], [ -6.594697, 37.166605 ], [ -6.594622, 37.166598 ], [ -6.594543, 37.166588 ], [ -6.594448, 37.166576 ], [ -6.594351, 37.166575 ], [ -6.594291, 37.166567 ], [ -6.594202, 37.166562 ], [ -6.594105, 37.166561 ], [ -6.594003, 37.166549 ], [ -6.5939, 37.166549 ], [ -6.593806, 37.166545 ], [ -6.593669, 37.16654 ], [ -6.593605, 37.166533 ], [ -6.59349, 37.166532 ], [ -6.593387, 37.166526 ], [ -6.593183, 37.166528 ], [ -6.592947, 37.166516 ], [ -6.59284, 37.16651 ], [ -6.592757, 37.166498 ], [ -6.592673, 37.166485 ], [ -6.592586, 37.166474 ], [ -6.59251, 37.166466 ], [ -6.592448, 37.166456 ], [ -6.592371, 37.166448 ], [ -6.592286, 37.166447 ], [ -6.592191, 37.16645 ], [ -6.592111, 37.16646 ], [ -6.592013, 37.166468 ], [ -6.591926, 37.166482 ], [ -6.591866, 37.166497 ], [ -6.591777, 37.166493 ], [ -6.591729, 37.166497 ], [ -6.591686, 37.1665 ], [ -6.591593, 37.166504 ], [ -6.591503, 37.166504 ], [ -6.591391, 37.166512 ], [ -6.591257, 37.166513 ], [ -6.591152, 37.166512 ], [ -6.591036, 37.166513 ], [ -6.590837, 37.166516 ], [ -6.590661, 37.166511 ], [ -6.59051, 37.166511 ], [ -6.590381, 37.166507 ], [ -6.590279, 37.166501 ], [ -6.590174, 37.166489 ], [ -6.590074, 37.166478 ], [ -6.589922, 37.166463 ], [ -6.589836, 37.166461 ], [ -6.589721, 37.166437 ], [ -6.589603, 37.166431 ], [ -6.589515, 37.166411 ], [ -6.589419, 37.166404 ], [ -6.589304, 37.16638 ], [ -6.589199, 37.166361 ], [ -6.589105, 37.166338 ], [ -6.589032, 37.166327 ], [ -6.588951, 37.166315 ], [ -6.58888, 37.166294 ], [ -6.588811, 37.166286 ], [ -6.58873, 37.166274 ], [ -6.588666, 37.166253 ], [ -6.588582, 37.166239 ], [ -6.58852, 37.166228 ], [ -6.588461, 37.166215 ], [ -6.588395, 37.166198 ], [ -6.58833, 37.166184 ], [ -6.588267, 37.166171 ], [ -6.588214, 37.166152 ], [ -6.588139, 37.166134 ], [ -6.588069, 37.166115 ], [ -6.588015, 37.166092 ], [ -6.587953, 37.166068 ], [ -6.587903, 37.166051 ], [ -6.587833, 37.166024 ], [ -6.587777, 37.166006 ], [ -6.587699, 37.165975 ], [ -6.58763, 37.165951 ], [ -6.58757, 37.165924 ], [ -6.587517, 37.165894 ], [ -6.587462, 37.16587 ], [ -6.587397, 37.165841 ], [ -6.587334, 37.165812 ], [ -6.587272, 37.165782 ], [ -6.587212, 37.165745 ], [ -6.58716, 37.165711 ], [ -6.587106, 37.165685 ], [ -6.587058, 37.165654 ], [ -6.587004, 37.165617 ], [ -6.586946, 37.165583 ], [ -6.58688, 37.165553 ], [ -6.586813, 37.16551 ], [ -6.586752, 37.165482 ], [ -6.586695, 37.165464 ], [ -6.586637, 37.165437 ], [ -6.586593, 37.165421 ], [ -6.586538, 37.165405 ], [ -6.586482, 37.165388 ], [ -6.586415, 37.165365 ], [ -6.586357, 37.16534 ], [ -6.586288, 37.165325 ], [ -6.586224, 37.1653 ], [ -6.586167, 37.165281 ], [ -6.586096, 37.165267 ], [ -6.586031, 37.165252 ], [ -6.585971, 37.16523 ], [ -6.585925, 37.165205 ], [ -6.585869, 37.165178 ], [ -6.585767, 37.165147 ], [ -6.585679, 37.165106 ], [ -6.585594, 37.165068 ], [ -6.585512, 37.165035 ], [ -6.58541, 37.164999 ], [ -6.585316, 37.164977 ], [ -6.585238, 37.164953 ], [ -6.585115, 37.164934 ], [ -6.585048, 37.164917 ], [ -6.584947, 37.164903 ], [ -6.584841, 37.164891 ], [ -6.584768, 37.164881 ], [ -6.584632, 37.164874 ], [ -6.584547, 37.164866 ], [ -6.584392, 37.16486 ], [ -6.584204, 37.164851 ], [ -6.584058, 37.164843 ], [ -6.583981, 37.164843 ], [ -6.583895, 37.164833 ], [ -6.583791, 37.164835 ], [ -6.583694, 37.164828 ], [ -6.583583, 37.164826 ], [ -6.583498, 37.164827 ], [ -6.583416, 37.164819 ], [ -6.583325, 37.164815 ], [ -6.583222, 37.164809 ], [ -6.583055, 37.164809 ], [ -6.582823, 37.164803 ], [ -6.582649, 37.164807 ], [ -6.58243, 37.164808 ], [ -6.582273, 37.164805 ], [ -6.582166, 37.164803 ], [ -6.58204, 37.16479 ], [ -6.581928, 37.164791 ], [ -6.581863, 37.164771 ], [ -6.581759, 37.164771 ], [ -6.581681, 37.164767 ], [ -6.581543, 37.164751 ], [ -6.581461, 37.164741 ], [ -6.58135, 37.164728 ], [ -6.58123, 37.164717 ], [ -6.581106, 37.164708 ], [ -6.580995, 37.164689 ], [ -6.580902, 37.164676 ], [ -6.580804, 37.16467 ], [ -6.580701, 37.164649 ], [ -6.58062, 37.164637 ], [ -6.580551, 37.164624 ], [ -6.580461, 37.164605 ], [ -6.580367, 37.164594 ], [ -6.580307, 37.164573 ], [ -6.58025, 37.164557 ], [ -6.580154, 37.164541 ], [ -6.580086, 37.164516 ], [ -6.579996, 37.164496 ], [ -6.579913, 37.164479 ], [ -6.579824, 37.164448 ], [ -6.57973, 37.164432 ], [ -6.579662, 37.164426 ], [ -6.579589, 37.164403 ], [ -6.579495, 37.164395 ], [ -6.579394, 37.164375 ], [ -6.579319, 37.164361 ], [ -6.579261, 37.164354 ], [ -6.579193, 37.164348 ], [ -6.579105, 37.164334 ], [ -6.579039, 37.164328 ], [ -6.578965, 37.164315 ], [ -6.578863, 37.164301 ], [ -6.578785, 37.164292 ], [ -6.578723, 37.16428 ], [ -6.578652, 37.164275 ], [ -6.578568, 37.16427 ], [ -6.578496, 37.164258 ], [ -6.578414, 37.164251 ], [ -6.57834, 37.164242 ], [ -6.578269, 37.164227 ], [ -6.578185, 37.164219 ], [ -6.578113, 37.164213 ], [ -6.578039, 37.164197 ], [ -6.577962, 37.164194 ], [ -6.577885, 37.164179 ], [ -6.577809, 37.164172 ], [ -6.57772, 37.164158 ], [ -6.577636, 37.164146 ], [ -6.577561, 37.16413 ], [ -6.577495, 37.164121 ], [ -6.577421, 37.164111 ], [ -6.577361, 37.164098 ], [ -6.577295, 37.16409 ], [ -6.577234, 37.164088 ], [ -6.577175, 37.164077 ], [ -6.577106, 37.164068 ], [ -6.576983, 37.164062 ], [ -6.576888, 37.164039 ], [ -6.576809, 37.164024 ], [ -6.576721, 37.164007 ], [ -6.576651, 37.163998 ], [ -6.576572, 37.163989 ], [ -6.576504, 37.163979 ], [ -6.57643, 37.163964 ], [ -6.576357, 37.163959 ], [ -6.576289, 37.163942 ], [ -6.576209, 37.163927 ], [ -6.576124, 37.163917 ], [ -6.576061, 37.163906 ], [ -6.575981, 37.163891 ], [ -6.575912, 37.163879 ], [ -6.575832, 37.163871 ], [ -6.575756, 37.163861 ], [ -6.575688, 37.163854 ], [ -6.575622, 37.163844 ], [ -6.57556, 37.163824 ], [ -6.575491, 37.163813 ], [ -6.575412, 37.1638 ], [ -6.575359, 37.163784 ], [ -6.575273, 37.163764 ], [ -6.575217, 37.163754 ], [ -6.575147, 37.163738 ], [ -6.575067, 37.163707 ], [ -6.574973, 37.163681 ], [ -6.574916, 37.163663 ], [ -6.574848, 37.163638 ], [ -6.574789, 37.163619 ], [ -6.574723, 37.163587 ], [ -6.574656, 37.163558 ], [ -6.574563, 37.163522 ], [ -6.574477, 37.163489 ], [ -6.574413, 37.163455 ], [ -6.574356, 37.163426 ], [ -6.574288, 37.163401 ], [ -6.574236, 37.16337 ], [ -6.574179, 37.163328 ], [ -6.574111, 37.163288 ], [ -6.574036, 37.163243 ], [ -6.573958, 37.16319 ], [ -6.573875, 37.163131 ], [ -6.573805, 37.163088 ], [ -6.573723, 37.163035 ], [ -6.573634, 37.162967 ], [ -6.573564, 37.162917 ], [ -6.573495, 37.162842 ], [ -6.57344, 37.162795 ], [ -6.573372, 37.162748 ], [ -6.573305, 37.162712 ], [ -6.573217, 37.162648 ], [ -6.573152, 37.162585 ], [ -6.573077, 37.16252 ], [ -6.572995, 37.162455 ], [ -6.572917, 37.162397 ], [ -6.572854, 37.162356 ], [ -6.572774, 37.162297 ], [ -6.572721, 37.162243 ], [ -6.572647, 37.162181 ], [ -6.572585, 37.16213 ], [ -6.572534, 37.162085 ], [ -6.572482, 37.162044 ], [ -6.572417, 37.161995 ], [ -6.572381, 37.161964 ], [ -6.572334, 37.161921 ], [ -6.572275, 37.161868 ], [ -6.572229, 37.161827 ], [ -6.572156, 37.161771 ], [ -6.572124, 37.161734 ], [ -6.572075, 37.161694 ], [ -6.572007, 37.16164 ], [ -6.571957, 37.161598 ], [ -6.571918, 37.161561 ], [ -6.571871, 37.161513 ], [ -6.571808, 37.161467 ], [ -6.571743, 37.161414 ], [ -6.57173, 37.161385 ], [ -6.571675, 37.161336 ], [ -6.571629, 37.161285 ], [ -6.571582, 37.161234 ], [ -6.571549, 37.161198 ], [ -6.571502, 37.161154 ], [ -6.571463, 37.161116 ], [ -6.571413, 37.161073 ], [ -6.571384, 37.161028 ], [ -6.571334, 37.160981 ], [ -6.571293, 37.160937 ], [ -6.571246, 37.160891 ], [ -6.571204, 37.16085 ], [ -6.571168, 37.16081 ], [ -6.571089, 37.160752 ], [ -6.571033, 37.160702 ], [ -6.570975, 37.16065 ], [ -6.570934, 37.160609 ], [ -6.570845, 37.160546 ], [ -6.570773, 37.160492 ], [ -6.570734, 37.160459 ], [ -6.570664, 37.160414 ], [ -6.570607, 37.160369 ], [ -6.570559, 37.160327 ], [ -6.570521, 37.160293 ], [ -6.570479, 37.16025 ], [ -6.570425, 37.160211 ], [ -6.570371, 37.160164 ], [ -6.570327, 37.160122 ], [ -6.570273, 37.160074 ], [ -6.570209, 37.160035 ], [ -6.570147, 37.159991 ], [ -6.57008, 37.159946 ], [ -6.570026, 37.159908 ], [ -6.569958, 37.159866 ], [ -6.569894, 37.159826 ], [ -6.569827, 37.159787 ], [ -6.569778, 37.159755 ], [ -6.56972, 37.159723 ], [ -6.569673, 37.159701 ], [ -6.569606, 37.159665 ], [ -6.569538, 37.159628 ], [ -6.569477, 37.1596 ], [ -6.569403, 37.159565 ], [ -6.569336, 37.159531 ], [ -6.569254, 37.1595 ], [ -6.569181, 37.159476 ], [ -6.569128, 37.159458 ], [ -6.569053, 37.159434 ], [ -6.568976, 37.159416 ], [ -6.568908, 37.1594 ], [ -6.568831, 37.159382 ], [ -6.568749, 37.159367 ], [ -6.568678, 37.15935 ], [ -6.568603, 37.159336 ], [ -6.568523, 37.159326 ], [ -6.56845, 37.159312 ], [ -6.568373, 37.159302 ], [ -6.568304, 37.1593 ], [ -6.568235, 37.159291 ], [ -6.568159, 37.159282 ], [ -6.568066, 37.159277 ], [ -6.568006, 37.159268 ], [ -6.567925, 37.15926 ], [ -6.567824, 37.159254 ], [ -6.56774, 37.15924 ], [ -6.56763, 37.159239 ], [ -6.567547, 37.15923 ], [ -6.567417, 37.159224 ], [ -6.56734, 37.159218 ], [ -6.567252, 37.159209 ], [ -6.567117, 37.159211 ], [ -6.566916, 37.159207 ], [ -6.566768, 37.159212 ], [ -6.566698, 37.159224 ], [ -6.566596, 37.159228 ], [ -6.566532, 37.159236 ], [ -6.56647, 37.159243 ], [ -6.566408, 37.159244 ], [ -6.566337, 37.159263 ], [ -6.566278, 37.159273 ], [ -6.566212, 37.159281 ], [ -6.566157, 37.159286 ], [ -6.566114, 37.159301 ], [ -6.566038, 37.159321 ], [ -6.565985, 37.159329 ], [ -6.565926, 37.15934 ], [ -6.565882, 37.159362 ], [ -6.565824, 37.159385 ], [ -6.565767, 37.1594 ], [ -6.565711, 37.15941 ], [ -6.565659, 37.159422 ], [ -6.56561, 37.159425 ], [ -6.565563, 37.159433 ], [ -6.565494, 37.159435 ], [ -6.565415, 37.159446 ], [ -6.565354, 37.159458 ], [ -6.565293, 37.159461 ], [ -6.565211, 37.15947 ], [ -6.565131, 37.159477 ], [ -6.56504, 37.159479 ], [ -6.564963, 37.159493 ], [ -6.564886, 37.159494 ], [ -6.564816, 37.159497 ], [ -6.564734, 37.159503 ], [ -6.564662, 37.159506 ], [ -6.564573, 37.159507 ], [ -6.564466, 37.159513 ], [ -6.564371, 37.159515 ], [ -6.564241, 37.159518 ], [ -6.564181, 37.159507 ], [ -6.564092, 37.1595 ], [ -6.564025, 37.159496 ], [ -6.563974, 37.159482 ], [ -6.563893, 37.159472 ], [ -6.563804, 37.15945 ], [ -6.563742, 37.159429 ], [ -6.563661, 37.159403 ], [ -6.563579, 37.159378 ], [ -6.563506, 37.159349 ], [ -6.563441, 37.159326 ], [ -6.563359, 37.159304 ], [ -6.563261, 37.159265 ], [ -6.563185, 37.159242 ], [ -6.563099, 37.159214 ], [ -6.563008, 37.15918 ], [ -6.562903, 37.159152 ], [ -6.562799, 37.159108 ], [ -6.562705, 37.159073 ], [ -6.562623, 37.159039 ], [ -6.562523, 37.158995 ], [ -6.56242, 37.158953 ], [ -6.562298, 37.158904 ], [ -6.562202, 37.158867 ], [ -6.562117, 37.158834 ], [ -6.56201, 37.158795 ], [ -6.561939, 37.158761 ], [ -6.561833, 37.158718 ], [ -6.561718, 37.158657 ], [ -6.561636, 37.15862 ], [ -6.561544, 37.15857 ], [ -6.561485, 37.158547 ], [ -6.561395, 37.1585 ], [ -6.561306, 37.158455 ], [ -6.561212, 37.158409 ], [ -6.5611, 37.15836 ], [ -6.561026, 37.158328 ], [ -6.560942, 37.158298 ], [ -6.560857, 37.158266 ], [ -6.560775, 37.158227 ], [ -6.560692, 37.158199 ], [ -6.5606, 37.158166 ], [ -6.560521, 37.158133 ], [ -6.560439, 37.15811 ], [ -6.560359, 37.158085 ], [ -6.560297, 37.158058 ], [ -6.560226, 37.15804 ], [ -6.560159, 37.158016 ], [ -6.5601, 37.157988 ], [ -6.560032, 37.157963 ], [ -6.559956, 37.157937 ], [ -6.559893, 37.157904 ], [ -6.55982, 37.157867 ], [ -6.559749, 37.157842 ], [ -6.55967, 37.157806 ], [ -6.559581, 37.157759 ], [ -6.5595, 37.157725 ], [ -6.559442, 37.157694 ], [ -6.559381, 37.157658 ], [ -6.5593, 37.157621 ], [ -6.559215, 37.157581 ], [ -6.559182, 37.157552 ], [ -6.559113, 37.157515 ], [ -6.55903, 37.157475 ], [ -6.558972, 37.157443 ], [ -6.558905, 37.15741 ], [ -6.558829, 37.157368 ], [ -6.558759, 37.157331 ], [ -6.55872, 37.157295 ], [ -6.558649, 37.157256 ], [ -6.558591, 37.157222 ], [ -6.55852, 37.157171 ], [ -6.558465, 37.157114 ], [ -6.558401, 37.15708 ], [ -6.558342, 37.157044 ], [ -6.558275, 37.156991 ], [ -6.55821, 37.156938 ], [ -6.55813, 37.156886 ], [ -6.558064, 37.156834 ], [ -6.557985, 37.15677 ], [ -6.557911, 37.156718 ], [ -6.557828, 37.156664 ], [ -6.557766, 37.156608 ], [ -6.557691, 37.156564 ], [ -6.557633, 37.156526 ], [ -6.557584, 37.156495 ], [ -6.557541, 37.156462 ], [ -6.557465, 37.156426 ], [ -6.557362, 37.156372 ], [ -6.557298, 37.156323 ], [ -6.557218, 37.156273 ], [ -6.557157, 37.156244 ], [ -6.557091, 37.156196 ], [ -6.55703, 37.15616 ], [ -6.556975, 37.156109 ], [ -6.556902, 37.156063 ], [ -6.556842, 37.156001 ], [ -6.556792, 37.155954 ], [ -6.556733, 37.155902 ], [ -6.556673, 37.155853 ], [ -6.556611, 37.155792 ], [ -6.556553, 37.155744 ], [ -6.556502, 37.155693 ], [ -6.556434, 37.15564 ], [ -6.556407, 37.15561 ], [ -6.556379, 37.155575 ], [ -6.556333, 37.155545 ], [ -6.556287, 37.155506 ], [ -6.556244, 37.15548 ], [ -6.556186, 37.15543 ], [ -6.556108, 37.155378 ], [ -6.556045, 37.155339 ], [ -6.555977, 37.155287 ], [ -6.555913, 37.155244 ], [ -6.555854, 37.155198 ], [ -6.555796, 37.155163 ], [ -6.555724, 37.155123 ], [ -6.55564, 37.155075 ], [ -6.555552, 37.155022 ], [ -6.555485, 37.154979 ], [ -6.555414, 37.154938 ], [ -6.555335, 37.154903 ], [ -6.555263, 37.154859 ], [ -6.555204, 37.154833 ], [ -6.555123, 37.154796 ], [ -6.555039, 37.154749 ], [ -6.55495, 37.154704 ], [ -6.554863, 37.154668 ], [ -6.554802, 37.154637 ], [ -6.554715, 37.154595 ], [ -6.554643, 37.154569 ], [ -6.554588, 37.154537 ], [ -6.554506, 37.1545 ], [ -6.55444, 37.154472 ], [ -6.55438, 37.154453 ], [ -6.554327, 37.154418 ], [ -6.554271, 37.154404 ], [ -6.554225, 37.154385 ], [ -6.554184, 37.154367 ], [ -6.554137, 37.154345 ], [ -6.554081, 37.154322 ], [ -6.554012, 37.154301 ], [ -6.553942, 37.154277 ], [ -6.553899, 37.154262 ], [ -6.553837, 37.154241 ], [ -6.553771, 37.154221 ], [ -6.553702, 37.154202 ], [ -6.553655, 37.154181 ], [ -6.553602, 37.154166 ], [ -6.553563, 37.154158 ], [ -6.553512, 37.154141 ], [ -6.553458, 37.154129 ], [ -6.553415, 37.15411 ], [ -6.55334, 37.154095 ], [ -6.553286, 37.154078 ], [ -6.55323, 37.154062 ], [ -6.55318, 37.154047 ], [ -6.553125, 37.154033 ], [ -6.553078, 37.154024 ], [ -6.553021, 37.153999 ], [ -6.552988, 37.153977 ], [ -6.552949, 37.153959 ], [ -6.552905, 37.153942 ], [ -6.552845, 37.153912 ], [ -6.552789, 37.153881 ], [ -6.552746, 37.15385 ], [ -6.552685, 37.153821 ], [ -6.552625, 37.153796 ], [ -6.552552, 37.15375 ], [ -6.552491, 37.15372 ], [ -6.552431, 37.153693 ], [ -6.552372, 37.153671 ], [ -6.552318, 37.153653 ], [ -6.552294, 37.153624 ], [ -6.552235, 37.153592 ], [ -6.552176, 37.15357 ], [ -6.552115, 37.153545 ], [ -6.55207, 37.153518 ], [ -6.552007, 37.153494 ], [ -6.551944, 37.153456 ], [ -6.551876, 37.153433 ], [ -6.551819, 37.153405 ], [ -6.551748, 37.153379 ], [ -6.551667, 37.153355 ], [ -6.551599, 37.153323 ], [ -6.551523, 37.153296 ], [ -6.551477, 37.153273 ], [ -6.55142, 37.153248 ], [ -6.551381, 37.153222 ], [ -6.551319, 37.1532 ], [ -6.551242, 37.153167 ], [ -6.551173, 37.153137 ], [ -6.551136, 37.15311 ], [ -6.551078, 37.153079 ], [ -6.551013, 37.153045 ], [ -6.550919, 37.153002 ], [ -6.550849, 37.15297 ], [ -6.550788, 37.152945 ], [ -6.55074, 37.152924 ], [ -6.55066, 37.152883 ], [ -6.550574, 37.152857 ], [ -6.5505, 37.152822 ], [ -6.55041, 37.152788 ], [ -6.550311, 37.152735 ], [ -6.550243, 37.152706 ], [ -6.550179, 37.152677 ], [ -6.550112, 37.152654 ], [ -6.550042, 37.152631 ], [ -6.549979, 37.152601 ], [ -6.549912, 37.152572 ], [ -6.549852, 37.152544 ], [ -6.549792, 37.152518 ], [ -6.549732, 37.15249 ], [ -6.549674, 37.152451 ], [ -6.549624, 37.15243 ], [ -6.549564, 37.152398 ], [ -6.549498, 37.15236 ], [ -6.549404, 37.152317 ], [ -6.549321, 37.152276 ], [ -6.54925, 37.15223 ], [ -6.549188, 37.152196 ], [ -6.549118, 37.152171 ], [ -6.549066, 37.152137 ], [ -6.549003, 37.152109 ], [ -6.548958, 37.152091 ], [ -6.548897, 37.152061 ], [ -6.548844, 37.152036 ], [ -6.548763, 37.152004 ], [ -6.548677, 37.151964 ], [ -6.548619, 37.15193 ], [ -6.548564, 37.151911 ], [ -6.548499, 37.151881 ], [ -6.548438, 37.151846 ], [ -6.548374, 37.151818 ], [ -6.548322, 37.151797 ], [ -6.548275, 37.151775 ], [ -6.548214, 37.15175 ], [ -6.548152, 37.151721 ], [ -6.548083, 37.151686 ], [ -6.548013, 37.151654 ], [ -6.547938, 37.151623 ], [ -6.547856, 37.151585 ], [ -6.547777, 37.151552 ], [ -6.547733, 37.151526 ], [ -6.547663, 37.151491 ], [ -6.547603, 37.151463 ], [ -6.547521, 37.151422 ], [ -6.547429, 37.151378 ], [ -6.547357, 37.151335 ], [ -6.547287, 37.151298 ], [ -6.547222, 37.151257 ], [ -6.547175, 37.151244 ], [ -6.547131, 37.151213 ], [ -6.54708, 37.15119 ], [ -6.547045, 37.151163 ], [ -6.546986, 37.151135 ], [ -6.546922, 37.151106 ], [ -6.546863, 37.151077 ], [ -6.546785, 37.151029 ], [ -6.546721, 37.150998 ], [ -6.546639, 37.150958 ], [ -6.546593, 37.150928 ], [ -6.546534, 37.150898 ], [ -6.546469, 37.150865 ], [ -6.546391, 37.150832 ], [ -6.546346, 37.150789 ], [ -6.546255, 37.15075 ], [ -6.546195, 37.150718 ], [ -6.546126, 37.150676 ], [ -6.546072, 37.150642 ], [ -6.545993, 37.150605 ], [ -6.54593, 37.150566 ], [ -6.54587, 37.150529 ], [ -6.545814, 37.150497 ], [ -6.545759, 37.150472 ], [ -6.545694, 37.150439 ], [ -6.545634, 37.150394 ], [ -6.545579, 37.150359 ], [ -6.545526, 37.15034 ], [ -6.545477, 37.150307 ], [ -6.545422, 37.150261 ], [ -6.545359, 37.150224 ], [ -6.54529, 37.150187 ], [ -6.545231, 37.150145 ], [ -6.545177, 37.150099 ], [ -6.545116, 37.15006 ], [ -6.545062, 37.150026 ], [ -6.545005, 37.149975 ], [ -6.544928, 37.149906 ], [ -6.544857, 37.149852 ], [ -6.544786, 37.149798 ], [ -6.544747, 37.149753 ], [ -6.544702, 37.149704 ], [ -6.544639, 37.149644 ], [ -6.544582, 37.14959 ], [ -6.544515, 37.149529 ], [ -6.544459, 37.149489 ], [ -6.544395, 37.149457 ], [ -6.544318, 37.149426 ], [ -6.544272, 37.1494 ], [ -6.544202, 37.149372 ], [ -6.544131, 37.149355 ], [ -6.544067, 37.149342 ], [ -6.544005, 37.149328 ], [ -6.543937, 37.149331 ], [ -6.543852, 37.149327 ], [ -6.543804, 37.149304 ], [ -6.543759, 37.149277 ], [ -6.543712, 37.149245 ], [ -6.543655, 37.149203 ], [ -6.543601, 37.149164 ], [ -6.543531, 37.149134 ], [ -6.543438, 37.149124 ], [ -6.543372, 37.149113 ], [ -6.543316, 37.149092 ], [ -6.543259, 37.149067 ], [ -6.543244, 37.149032 ], [ -6.54325, 37.148993 ], [ -6.54329, 37.148968 ], [ -6.54332, 37.148938 ], [ -6.54332, 37.148896 ], [ -6.5433, 37.148831 ], [ -6.54327, 37.148783 ], [ -6.543237, 37.14874 ], [ -6.543198, 37.148702 ], [ -6.543157, 37.148671 ], [ -6.543129, 37.148625 ], [ -6.543084, 37.148588 ], [ -6.54304, 37.148558 ], [ -6.542975, 37.148519 ], [ -6.542912, 37.148475 ], [ -6.54285, 37.148439 ], [ -6.542788, 37.148402 ], [ -6.542734, 37.14836 ], [ -6.542687, 37.148313 ], [ -6.542626, 37.148268 ], [ -6.542563, 37.148226 ], [ -6.542508, 37.148194 ], [ -6.542459, 37.148159 ], [ -6.542414, 37.148121 ], [ -6.542352, 37.148091 ], [ -6.542307, 37.148063 ], [ -6.542251, 37.14804 ], [ -6.542191, 37.148007 ], [ -6.54214, 37.147981 ], [ -6.542097, 37.147956 ], [ -6.542043, 37.147934 ], [ -6.541994, 37.147916 ], [ -6.54195, 37.147889 ], [ -6.541875, 37.147856 ], [ -6.541794, 37.147827 ], [ -6.541728, 37.14779 ], [ -6.541652, 37.147757 ], [ -6.541559, 37.147725 ], [ -6.541494, 37.147698 ], [ -6.541416, 37.147668 ], [ -6.541342, 37.147649 ], [ -6.541283, 37.147618 ], [ -6.541191, 37.14759 ], [ -6.541105, 37.147575 ], [ -6.54104, 37.147548 ], [ -6.540954, 37.147526 ], [ -6.540876, 37.147507 ], [ -6.540812, 37.147481 ], [ -6.540752, 37.147465 ], [ -6.540673, 37.14744 ], [ -6.540608, 37.147416 ], [ -6.540549, 37.147398 ], [ -6.540466, 37.147371 ], [ -6.54039, 37.147346 ], [ -6.540304, 37.14732 ], [ -6.540212, 37.147293 ], [ -6.540149, 37.147273 ], [ -6.54006, 37.147256 ], [ -6.53998, 37.147239 ], [ -6.539909, 37.147218 ], [ -6.539817, 37.147204 ], [ -6.539734, 37.147185 ], [ -6.539654, 37.147162 ], [ -6.539579, 37.14715 ], [ -6.539504, 37.147138 ], [ -6.539444, 37.14712 ], [ -6.539372, 37.147112 ], [ -6.539297, 37.147091 ], [ -6.539236, 37.147071 ], [ -6.539164, 37.147058 ], [ -6.539096, 37.147046 ], [ -6.539038, 37.147035 ], [ -6.538981, 37.147018 ], [ -6.538895, 37.147009 ], [ -6.538805, 37.146996 ], [ -6.538733, 37.146984 ], [ -6.538667, 37.146977 ], [ -6.538599, 37.146978 ], [ -6.538539, 37.146967 ], [ -6.538419, 37.146972 ], [ -6.538334, 37.146969 ], [ -6.538222, 37.146979 ], [ -6.538122, 37.146974 ], [ -6.538055, 37.146987 ], [ -6.537984, 37.147 ], [ -6.537899, 37.147013 ], [ -6.537804, 37.14702 ], [ -6.5377, 37.147032 ], [ -6.537607, 37.147044 ], [ -6.537516, 37.147056 ], [ -6.537426, 37.147054 ], [ -6.537307, 37.14706 ], [ -6.537202, 37.147044 ], [ -6.5371, 37.147041 ], [ -6.537003, 37.147026 ], [ -6.536895, 37.147015 ], [ -6.536817, 37.147005 ], [ -6.536737, 37.146982 ], [ -6.536665, 37.146965 ], [ -6.536608, 37.146954 ], [ -6.536552, 37.146928 ], [ -6.536466, 37.146906 ], [ -6.536422, 37.146888 ], [ -6.536366, 37.146866 ], [ -6.53631, 37.146846 ], [ -6.536259, 37.146823 ], [ -6.536221, 37.146808 ], [ -6.536172, 37.146775 ], [ -6.536126, 37.146747 ], [ -6.536078, 37.146709 ], [ -6.536015, 37.146679 ], [ -6.535949, 37.146643 ], [ -6.535882, 37.146593 ], [ -6.535827, 37.146563 ], [ -6.535758, 37.146533 ], [ -6.535694, 37.146502 ], [ -6.535642, 37.146472 ], [ -6.535591, 37.146451 ], [ -6.535541, 37.146422 ], [ -6.535477, 37.146391 ], [ -6.535418, 37.146362 ], [ -6.535363, 37.146336 ], [ -6.535301, 37.146309 ], [ -6.535247, 37.146289 ], [ -6.535206, 37.146271 ], [ -6.535163, 37.146251 ], [ -6.535116, 37.146237 ], [ -6.535056, 37.14622 ], [ -6.535003, 37.146207 ], [ -6.534953, 37.146188 ], [ -6.534909, 37.146172 ], [ -6.534856, 37.14616 ], [ -6.534801, 37.146145 ], [ -6.534745, 37.146131 ], [ -6.534692, 37.146116 ], [ -6.534618, 37.146097 ], [ -6.534549, 37.146085 ], [ -6.534503, 37.146061 ], [ -6.534463, 37.146046 ], [ -6.534418, 37.146031 ], [ -6.534368, 37.146017 ], [ -6.534333, 37.146002 ], [ -6.534292, 37.145983 ], [ -6.534261, 37.145963 ], [ -6.534216, 37.145948 ], [ -6.534151, 37.14592 ], [ -6.534099, 37.145894 ], [ -6.534044, 37.145861 ], [ -6.533988, 37.145839 ], [ -6.533933, 37.145818 ], [ -6.533877, 37.145797 ], [ -6.533836, 37.145773 ], [ -6.533775, 37.145749 ], [ -6.533716, 37.145728 ], [ -6.533654, 37.145708 ], [ -6.533595, 37.145679 ], [ -6.53349, 37.145643 ], [ -6.533423, 37.145615 ], [ -6.533361, 37.145591 ], [ -6.533285, 37.145563 ], [ -6.533231, 37.145548 ], [ -6.53315, 37.145519 ], [ -6.533049, 37.145482 ], [ -6.532964, 37.14545 ], [ -6.532894, 37.14542 ], [ -6.532811, 37.145398 ], [ -6.532724, 37.145362 ], [ -6.532651, 37.145326 ], [ -6.532514, 37.145278 ], [ -6.532425, 37.145238 ], [ -6.532335, 37.145198 ], [ -6.532254, 37.145165 ], [ -6.532174, 37.145129 ], [ -6.532093, 37.145093 ], [ -6.532016, 37.145064 ], [ -6.531901, 37.145012 ], [ -6.53183, 37.144984 ], [ -6.531748, 37.144949 ], [ -6.531674, 37.14492 ], [ -6.531607, 37.144903 ], [ -6.531547, 37.144887 ], [ -6.531458, 37.144853 ], [ -6.531362, 37.144816 ], [ -6.531287, 37.144792 ], [ -6.531231, 37.144773 ], [ -6.53117, 37.144758 ], [ -6.531103, 37.144734 ], [ -6.531021, 37.144708 ], [ -6.53094, 37.144683 ], [ -6.53087, 37.144667 ], [ -6.530802, 37.144637 ], [ -6.530714, 37.144611 ], [ -6.530622, 37.144576 ], [ -6.53055, 37.144554 ], [ -6.530467, 37.144529 ], [ -6.530387, 37.144493 ], [ -6.530322, 37.144473 ], [ -6.530253, 37.144448 ], [ -6.530208, 37.144434 ], [ -6.530131, 37.144401 ], [ -6.530045, 37.144374 ], [ -6.529967, 37.144345 ], [ -6.5299, 37.144322 ], [ -6.529817, 37.144303 ], [ -6.529726, 37.144269 ], [ -6.529633, 37.144236 ], [ -6.529551, 37.144224 ], [ -6.529501, 37.144201 ], [ -6.529434, 37.144184 ], [ -6.529377, 37.144166 ], [ -6.529299, 37.14415 ], [ -6.529256, 37.144119 ], [ -6.529164, 37.144093 ], [ -6.529088, 37.144074 ], [ -6.529017, 37.144041 ], [ -6.528924, 37.144014 ], [ -6.528857, 37.143994 ], [ -6.52878, 37.143968 ], [ -6.528712, 37.143944 ], [ -6.528649, 37.143924 ], [ -6.528597, 37.143899 ], [ -6.528509, 37.143869 ], [ -6.52844, 37.143838 ], [ -6.528346, 37.1438 ], [ -6.52826, 37.143772 ], [ -6.528145, 37.14374 ], [ -6.528083, 37.143714 ], [ -6.527983, 37.143685 ], [ -6.527901, 37.143651 ], [ -6.527744, 37.143607 ], [ -6.52766, 37.143576 ], [ -6.527549, 37.14355 ], [ -6.527472, 37.143527 ], [ -6.527391, 37.143506 ], [ -6.527297, 37.143484 ], [ -6.527197, 37.143452 ], [ -6.527109, 37.143428 ], [ -6.527037, 37.14341 ], [ -6.52696, 37.143383 ], [ -6.526887, 37.143363 ], [ -6.526812, 37.143345 ], [ -6.526755, 37.143326 ], [ -6.52666, 37.143301 ], [ -6.526558, 37.143278 ], [ -6.526473, 37.143249 ], [ -6.526383, 37.143226 ], [ -6.526315, 37.143201 ], [ -6.526217, 37.143169 ], [ -6.526144, 37.143144 ], [ -6.526059, 37.143112 ], [ -6.525934, 37.143069 ], [ -6.525869, 37.143036 ], [ -6.52581, 37.143019 ], [ -6.525736, 37.142995 ], [ -6.525674, 37.14297 ], [ -6.525625, 37.142953 ], [ -6.525558, 37.142923 ], [ -6.525496, 37.142905 ], [ -6.525424, 37.142883 ], [ -6.525357, 37.142865 ], [ -6.52528, 37.142852 ], [ -6.525207, 37.142837 ], [ -6.525155, 37.142822 ], [ -6.525087, 37.142816 ], [ -6.524998, 37.1428 ], [ -6.524918, 37.142789 ], [ -6.52483, 37.142781 ], [ -6.524764, 37.142769 ], [ -6.524697, 37.142756 ], [ -6.524637, 37.142747 ], [ -6.52458, 37.142732 ], [ -6.524524, 37.142714 ], [ -6.524483, 37.14269 ], [ -6.524402, 37.142671 ], [ -6.524329, 37.142634 ], [ -6.524249, 37.142598 ], [ -6.524169, 37.14255 ], [ -6.5241, 37.142517 ], [ -6.52403, 37.142476 ], [ -6.523978, 37.142445 ], [ -6.52392, 37.142409 ], [ -6.523868, 37.14238 ], [ -6.52381, 37.14233 ], [ -6.523748, 37.142292 ], [ -6.523692, 37.142247 ], [ -6.52362, 37.142199 ], [ -6.52359, 37.142159 ], [ -6.523517, 37.142103 ], [ -6.523426, 37.142045 ], [ -6.523375, 37.141987 ], [ -6.523305, 37.141931 ], [ -6.523223, 37.14187 ], [ -6.523166, 37.141814 ], [ -6.523116, 37.141768 ], [ -6.523061, 37.141716 ], [ -6.523001, 37.14167 ], [ -6.522913, 37.141599 ], [ -6.522857, 37.141546 ], [ -6.522787, 37.141491 ], [ -6.522736, 37.141443 ], [ -6.522675, 37.141387 ], [ -6.522603, 37.141332 ], [ -6.52254, 37.141291 ], [ -6.522486, 37.141264 ], [ -6.522438, 37.141213 ], [ -6.522391, 37.141172 ], [ -6.522351, 37.14113 ], [ -6.522304, 37.141075 ], [ -6.522237, 37.141013 ], [ -6.522197, 37.140968 ], [ -6.522177, 37.14093 ], [ -6.522088, 37.140871 ], [ -6.52202, 37.140815 ], [ -6.521966, 37.140788 ], [ -6.521954, 37.140756 ], [ -6.521881, 37.140703 ], [ -6.52182, 37.140654 ], [ -6.521771, 37.140606 ], [ -6.521759, 37.140579 ], [ -6.521719, 37.14054 ], [ -6.521682, 37.140508 ], [ -6.521608, 37.140452 ], [ -6.52154, 37.140397 ], [ -6.521505, 37.140367 ], [ -6.52147, 37.140333 ], [ -6.521417, 37.140296 ], [ -6.521361, 37.140245 ], [ -6.521308, 37.140198 ], [ -6.521255, 37.14015 ], [ -6.521216, 37.140106 ], [ -6.521175, 37.140067 ], [ -6.521153, 37.14003 ], [ -6.521118, 37.139998 ], [ -6.521061, 37.139958 ], [ -6.521, 37.139912 ], [ -6.520942, 37.139876 ], [ -6.520884, 37.139845 ], [ -6.520822, 37.139816 ], [ -6.520776, 37.139791 ], [ -6.520702, 37.139767 ], [ -6.520636, 37.139748 ], [ -6.520586, 37.139733 ], [ -6.520524, 37.139729 ], [ -6.520445, 37.139723 ], [ -6.520369, 37.139719 ], [ -6.520273, 37.139709 ], [ -6.520199, 37.139705 ], [ -6.520139, 37.139692 ], [ -6.520065, 37.139678 ], [ -6.519993, 37.139666 ], [ -6.519943, 37.139655 ], [ -6.519877, 37.139639 ], [ -6.519813, 37.139634 ], [ -6.519744, 37.139619 ], [ -6.519678, 37.139611 ], [ -6.519589, 37.139596 ], [ -6.519518, 37.139583 ], [ -6.519458, 37.139573 ], [ -6.519384, 37.139553 ], [ -6.519318, 37.139546 ], [ -6.519248, 37.139535 ], [ -6.519182, 37.139519 ], [ -6.519106, 37.139502 ], [ -6.518789, 37.139358 ], [ -6.518443, 37.139168 ], [ -6.51783, 37.138893 ], [ -6.517244, 37.138582 ], [ -6.51663, 37.138307 ], [ -6.51555, 37.138081 ], [ -6.514318, 37.138047 ], [ -6.513078, 37.138166 ], [ -6.511723, 37.138347 ], [ -6.510289, 37.138378 ], [ -6.508924, 37.13819 ], [ -6.507792, 37.137778 ], [ -6.506457, 37.137125 ], [ -6.505421, 37.136581 ], [ -6.504793, 37.135819 ], [ -6.504253, 37.135237 ], [ -6.503198, 37.134599 ], [ -6.502024, 37.13393 ], [ -6.501131, 37.13364 ], [ -6.499661, 37.133056 ], [ -6.498475, 37.132434 ], [ -6.497675, 37.132145 ], [ -6.499469, 37.129583 ], [ -6.499011, 37.129372 ], [ -6.498052, 37.12923 ], [ -6.497567, 37.129212 ], [ -6.497277, 37.129158 ], [ -6.496957, 37.129097 ], [ -6.496432, 37.128951 ], [ -6.496338, 37.128625 ], [ -6.496232, 37.128185 ], [ -6.495976, 37.127916 ], [ -6.49544, 37.127603 ], [ -6.494919, 37.127334 ], [ -6.494341, 37.127097 ], [ -6.493571, 37.126824 ], [ -6.497356, 37.121622 ], [ -6.498012, 37.121945 ], [ -6.498524, 37.122238 ], [ -6.498932, 37.122511 ], [ -6.49927, 37.122736 ], [ -6.499902, 37.123039 ], [ -6.500092, 37.123133 ], [ -6.500273, 37.123198 ] ] ] } }
]
}
