{
"type": "FeatureCollection",
"name": "recintos_marisma",
"crs": { "type": "name", "properties": { "name": "urn:ogc:def:crs:OGC:1.3:CRS84" } },
"features": [
{ "type": "Feature", "id": 0, "properties": { "recinto": "El Rincon del Pescador", "area_ha": 3501.2 }, "geometry": { "type": "Polygon", "coordinates": [ [ [ -6.416847, 37.120465 ], [ -6.416843, 37.120652 ], [ -6.416704, 37.120692 ], [ -6.416553, 37.120692 ], [ -6.416423, 37.120487 ], [ -6.416165, 37.120201 ], [ -6.415973, 37.12009 ], [ -6.415425, 37.12005 ], [ -6.415175, 37.119934 ], [ -6.415068, 37.119675 ], [ -6.414965, 37.11898 ], [ -6.415068, 37.11869 ], [ -6.415215, 37.118364 ], [ -6.415086, 37.118186 ], [ -6.4148, 37.118057 ], [ -6.414533, 37.118511 ], [ -6.414519, 37.118882 ], [ -6.414341, 37.119015 ], [ -6.414016, 37.119024 ], [ -6.413886, 37.118775 ], [ -6.413806, 37.118449 ], [ -6.413565, 37.118079 ], [ -6.413396, 37.117963 ], [ -6.413222, 37.118088 ], [ -6.413253, 37.118503 ], [ -6.413333, 37.118828 ], [ -6.41332, 37.11922 ], [ -6.413133, 37.119604 ], [ -6.41295, 37.119858 ], [ -6.412994, 37.120317 ], [ -6.413324, 37.120647 ], [ -6.413338, 37.120968 ], [ -6.413877, 37.121347 ], [ -6.413891, 37.121642 ], [ -6.414096, 37.121722 ], [ -6.414466, 37.121731 ], [ -6.414573, 37.121981 ], [ -6.414555, 37.122484 ], [ -6.414872, 37.122609 ], [ -6.415153, 37.122846 ], [ -6.415193, 37.123399 ], [ -6.415719, 37.123162 ], [ -6.41579, 37.123363 ], [ -6.415875, 37.123604 ], [ -6.415808, 37.123871 ], [ -6.415772, 37.124219 ], [ -6.41587, 37.12438 ], [ -6.416196, 37.124322 ], [ -6.416312, 37.124277 ], [ -6.416308, 37.124509 ], [ -6.416209, 37.124892 ], [ -6.416053, 37.125147 ], [ -6.415933, 37.125254 ], [ -6.415732, 37.125196 ], [ -6.415616, 37.124897 ], [ -6.415358, 37.12491 ], [ -6.415006, 37.125026 ], [ -6.414751, 37.125022 ], [ -6.41476, 37.124745 ], [ -6.414925, 37.124388 ], [ -6.414684, 37.123974 ], [ -6.414296, 37.123965 ], [ -6.413882, 37.124112 ], [ -6.413619, 37.124339 ], [ -6.413632, 37.124616 ], [ -6.41291, 37.125044 ], [ -6.412575, 37.125008 ], [ -6.412352, 37.124875 ], [ -6.412169, 37.124585 ], [ -6.411666, 37.124268 ], [ -6.410814, 37.123613 ], [ -6.410716, 37.12269 ], [ -6.410711, 37.122074 ], [ -6.411077, 37.121633 ], [ -6.411184, 37.121133 ], [ -6.410974, 37.120893 ], [ -6.41064, 37.121191 ], [ -6.410537, 37.12157 ], [ -6.410364, 37.121749 ], [ -6.410105, 37.121816 ], [ -6.409891, 37.121691 ], [ -6.409909, 37.121124 ], [ -6.409824, 37.120714 ], [ -6.409855, 37.120487 ], [ -6.41019, 37.120157 ], [ -6.409922, 37.119657 ], [ -6.409476, 37.119559 ], [ -6.409227, 37.119368 ], [ -6.408682, 37.11951 ], [ -6.408415, 37.11976 ], [ -6.40837, 37.119965 ], [ -6.407924, 37.119903 ], [ -6.407911, 37.120228 ], [ -6.407528, 37.120179 ], [ -6.407149, 37.120019 ], [ -6.406948, 37.120139 ], [ -6.407193, 37.120571 ], [ -6.407202, 37.120982 ], [ -6.406832, 37.120884 ], [ -6.406801, 37.120696 ], [ -6.406422, 37.120585 ], [ -6.40619, 37.120888 ], [ -6.405668, 37.121156 ], [ -6.405329, 37.12166 ], [ -6.405472, 37.1219 ], [ -6.406141, 37.121914 ], [ -6.406194, 37.122221 ], [ -6.406395, 37.122453 ], [ -6.406613, 37.122333 ], [ -6.406827, 37.122565 ], [ -6.407251, 37.122534 ], [ -6.407733, 37.12236 ], [ -6.40804, 37.122703 ], [ -6.408598, 37.123354 ], [ -6.408415, 37.123501 ], [ -6.407991, 37.123421 ], [ -6.407519, 37.123381 ], [ -6.407278, 37.124076 ], [ -6.407586, 37.12487 ], [ -6.408031, 37.12512 ], [ -6.408219, 37.125405 ], [ -6.408072, 37.125673 ], [ -6.407483, 37.125548 ], [ -6.407269, 37.125922 ], [ -6.406921, 37.125775 ], [ -6.406903, 37.126725 ], [ -6.407153, 37.12734 ], [ -6.407991, 37.127135 ], [ -6.409449, 37.126649 ], [ -6.409182, 37.127251 ], [ -6.407429, 37.127804 ], [ -6.407577, 37.128495 ], [ -6.408058, 37.128558 ], [ -6.40895, 37.128678 ], [ -6.409227, 37.129855 ], [ -6.408188, 37.129387 ], [ -6.40784, 37.129472 ], [ -6.407724, 37.129673 ], [ -6.407661, 37.130074 ], [ -6.407786, 37.130493 ], [ -6.40796, 37.13085 ], [ -6.408321, 37.131033 ], [ -6.408807, 37.131019 ], [ -6.409115, 37.13089 ], [ -6.409851, 37.130515 ], [ -6.410738, 37.130582 ], [ -6.411371, 37.13068 ], [ -6.410038, 37.131305 ], [ -6.408103, 37.131443 ], [ -6.407452, 37.131536 ], [ -6.406961, 37.131371 ], [ -6.405329, 37.131211 ], [ -6.404139, 37.131924 ], [ -6.403795, 37.132937 ], [ -6.403648, 37.133267 ], [ -6.403893, 37.133935 ], [ -6.404946, 37.133864 ], [ -6.405204, 37.133735 ], [ -6.405802, 37.133503 ], [ -6.406404, 37.133182 ], [ -6.407215, 37.1332 ], [ -6.407314, 37.132798 ], [ -6.407657, 37.13283 ], [ -6.408027, 37.132718 ], [ -6.408, 37.132995 ], [ -6.410149, 37.133115 ], [ -6.410136, 37.13365 ], [ -6.409485, 37.133962 ], [ -6.407742, 37.133864 ], [ -6.406997, 37.134016 ], [ -6.406288, 37.133998 ], [ -6.405775, 37.134283 ], [ -6.405262, 37.134448 ], [ -6.404495, 37.134564 ], [ -6.40409, 37.135095 ], [ -6.403207, 37.135171 ], [ -6.403082, 37.135474 ], [ -6.403323, 37.135804 ], [ -6.40421, 37.135982 ], [ -6.406074, 37.136254 ], [ -6.408584, 37.13781 ], [ -6.411046, 37.139072 ], [ -6.410939, 37.139665 ], [ -6.410899, 37.139902 ], [ -6.412785, 37.140767 ], [ -6.411104, 37.14107 ], [ -6.410118, 37.141208 ], [ -6.409811, 37.141239 ], [ -6.409815, 37.141253 ], [ -6.410154, 37.142323 ], [ -6.409137, 37.142987 ], [ -6.408968, 37.143099 ], [ -6.408883, 37.144521 ], [ -6.408254, 37.14614 ], [ -6.407635, 37.146363 ], [ -6.407287, 37.143563 ], [ -6.407452, 37.142952 ], [ -6.407822, 37.141552 ], [ -6.408112, 37.140459 ], [ -6.407358, 37.140156 ], [ -6.405641, 37.140646 ], [ -6.403907, 37.140758 ], [ -6.403398, 37.140058 ], [ -6.404576, 37.139937 ], [ -6.404174, 37.138439 ], [ -6.403653, 37.138395 ], [ -6.403577, 37.139108 ], [ -6.402846, 37.1393 ], [ -6.402511, 37.139005 ], [ -6.402266, 37.138671 ], [ -6.401744, 37.138961 ], [ -6.401521, 37.138996 ], [ -6.400848, 37.139104 ], [ -6.400638, 37.139117 ], [ -6.40062, 37.13901 ], [ -6.400023, 37.139188 ], [ -6.398837, 37.139973 ], [ -6.398542, 37.140169 ], [ -6.396594, 37.141164 ], [ -6.395479, 37.142417 ], [ -6.395073, 37.142573 ], [ -6.393633, 37.143126 ], [ -6.392286, 37.144477 ], [ -6.391189, 37.143478 ], [ -6.389968, 37.145012 ], [ -6.386949, 37.145663 ], [ -6.386565, 37.147549 ], [ -6.384492, 37.148361 ], [ -6.387435, 37.151277 ], [ -6.383752, 37.150162 ], [ -6.382516, 37.148793 ], [ -6.381197, 37.14808 ], [ -6.380207, 37.146885 ], [ -6.381116, 37.146296 ], [ -6.384866, 37.146283 ], [ -6.38488, 37.143937 ], [ -6.380715, 37.142555 ], [ -6.376934, 37.141819 ], [ -6.376198, 37.143719 ], [ -6.37523, 37.145716 ], [ -6.375186, 37.147313 ], [ -6.37511, 37.148254 ], [ -6.379123, 37.148887 ], [ -6.38084, 37.150621 ], [ -6.376894, 37.151486 ], [ -6.375863, 37.149355 ], [ -6.373139, 37.148775 ], [ -6.369937, 37.147928 ], [ -6.366687, 37.148584 ], [ -6.366053, 37.150198 ], [ -6.366401, 37.152722 ], [ -6.367039, 37.156552 ], [ -6.36336, 37.1529 ], [ -6.363378, 37.150648 ], [ -6.361849, 37.147879 ], [ -6.357331, 37.146412 ], [ -6.359137, 37.14169 ], [ -6.359904, 37.139679 ], [ -6.360257, 37.135728 ], [ -6.358482, 37.136713 ], [ -6.356894, 37.13526 ], [ -6.353626, 37.132914 ], [ -6.350077, 37.132076 ], [ -6.348502, 37.130992 ], [ -6.346549, 37.129173 ], [ -6.344859, 37.128094 ], [ -6.343303, 37.127291 ], [ -6.341667, 37.124714 ], [ -6.342625, 37.122529 ], [ -6.343459, 37.120157 ], [ -6.340806, 37.118449 ], [ -6.332539, 37.119622 ], [ -6.330037, 37.121383 ], [ -6.32894, 37.12038 ], [ -6.327215, 37.121178 ], [ -6.324829, 37.120215 ], [ -6.320571, 37.121927 ], [ -6.314546, 37.12219 ], [ -6.314587, 37.118123 ], [ -6.314613, 37.115622 ], [ -6.314934, 37.112233 ], [ -6.317837, 37.111685 ], [ -6.318787, 37.114659 ], [ -6.319844, 37.114726 ], [ -6.32297, 37.113887 ], [ -6.326956, 37.113963 ], [ -6.330024, 37.11444 ], [ -6.332798, 37.113517 ], [ -6.338835, 37.112313 ], [ -6.338862, 37.112875 ], [ -6.344182, 37.111319 ], [ -6.352574, 37.108933 ], [ -6.357545, 37.107078 ], [ -6.360738, 37.105848 ], [ -6.361282, 37.105611 ], [ -6.361581, 37.105402 ], [ -6.362009, 37.105098 ], [ -6.364016, 37.1036 ], [ -6.367226, 37.101206 ], [ -6.368609, 37.100176 ], [ -6.369135, 37.099725 ], [ -6.370611, 37.098463 ], [ -6.373192, 37.096296 ], [ -6.374744, 37.094865 ], [ -6.376613, 37.093193 ], [ -6.376965, 37.092823 ], [ -6.377224, 37.092394 ], [ -6.379609, 37.08823 ], [ -6.37968, 37.088105 ], [ -6.380724, 37.08571 ], [ -6.381161, 37.084618 ], [ -6.381504, 37.083753 ], [ -6.382601, 37.081006 ], [ -6.382641, 37.080886 ], [ -6.384421, 37.076471 ], [ -6.386017, 37.076083 ], [ -6.405864, 37.081554 ], [ -6.407559, 37.083351 ], [ -6.415888, 37.116411 ], [ -6.415844, 37.116434 ], [ -6.415728, 37.116821 ], [ -6.415879, 37.11745 ], [ -6.415545, 37.11828 ], [ -6.415344, 37.118984 ], [ -6.415505, 37.119341 ], [ -6.415897, 37.119662 ], [ -6.41637, 37.119978 ], [ -6.416709, 37.120215 ], [ -6.416847, 37.120465 ] ] ] } },
{ "type": "Feature", "id": 1, "properties": { "recinto": "Marismillas", "area_ha": 3863.1 }, "geometry": { "type": "Polygon", "coordinates": [ [ [ -6.450692, 36.957203 ], [ -6.450437, 36.957547 ], [ -6.450424, 36.957565 ], [ -6.450223, 36.957529 ], [ -6.449755, 36.957346 ], [ -6.449684, 36.956976 ], [ -6.449403, 36.956807 ], [ -6.449011, 36.956802 ], [ -6.448636, 36.956887 ], [ -6.448418, 36.956882 ], [ -6.448257, 36.956579 ], [ -6.447829, 36.956735 ], [ -6.447285, 36.956722 ], [ -6.446986, 36.956579 ], [ -6.446219, 36.956606 ], [ -6.446094, 36.9569 ], [ -6.445617, 36.956958 ], [ -6.445229, 36.957288 ], [ -6.444984, 36.957284 ], [ -6.444511, 36.957297 ], [ -6.444052, 36.957261 ], [ -6.443874, 36.957467 ], [ -6.443869, 36.957533 ], [ -6.443865, 36.95764 ], [ -6.444253, 36.957703 ], [ -6.444346, 36.957899 ], [ -6.444092, 36.958184 ], [ -6.444016, 36.958479 ], [ -6.443963, 36.958684 ], [ -6.443932, 36.958822 ], [ -6.443548, 36.959357 ], [ -6.443125, 36.959371 ], [ -6.442652, 36.95975 ], [ -6.44213, 36.95975 ], [ -6.442121, 36.959745 ], [ -6.441979, 36.959861 ], [ -6.441693, 36.959741 ], [ -6.441582, 36.960115 ], [ -6.440873, 36.960619 ], [ -6.440672, 36.9609 ], [ -6.440436, 36.961136 ], [ -6.440458, 36.961515 ], [ -6.439798, 36.961645 ], [ -6.439299, 36.961832 ], [ -6.438719, 36.9623 ], [ -6.438706, 36.962635 ], [ -6.438304, 36.963081 ], [ -6.438166, 36.963428 ], [ -6.438197, 36.963629 ], [ -6.438527, 36.964284 ], [ -6.438567, 36.964637 ], [ -6.438665, 36.964851 ], [ -6.438657, 36.965176 ], [ -6.437974, 36.965502 ], [ -6.436846, 36.965872 ], [ -6.436668, 36.96638 ], [ -6.436645, 36.966376 ], [ -6.436035, 36.966688 ], [ -6.435803, 36.966929 ], [ -6.435843, 36.967232 ], [ -6.43611, 36.967566 ], [ -6.43607, 36.968017 ], [ -6.435829, 36.968226 ], [ -6.435954, 36.968641 ], [ -6.435883, 36.969025 ], [ -6.435865, 36.969261 ], [ -6.435696, 36.969444 ], [ -6.435682, 36.969716 ], [ -6.435682, 36.96972 ], [ -6.435673, 36.969716 ], [ -6.435669, 36.969881 ], [ -6.435664, 36.969916 ], [ -6.435361, 36.970264 ], [ -6.435339, 36.970269 ], [ -6.434978, 36.970389 ], [ -6.434773, 36.970808 ], [ -6.43438, 36.970942 ], [ -6.434206, 36.971281 ], [ -6.432646, 36.971557 ], [ -6.431798, 36.972592 ], [ -6.429917, 36.973809 ], [ -6.427295, 36.973622 ], [ -6.426586, 36.973836 ], [ -6.42544, 36.974184 ], [ -6.425101, 36.974835 ], [ -6.4256, 36.975044 ], [ -6.424842, 36.975446 ], [ -6.425212, 36.977443 ], [ -6.428035, 36.978268 ], [ -6.430916, 36.979503 ], [ -6.432913, 36.980895 ], [ -6.431834, 36.982567 ], [ -6.430322, 36.984061 ], [ -6.431277, 36.986014 ], [ -6.429043, 36.985202 ], [ -6.426233, 36.983971 ], [ -6.422581, 36.981898 ], [ -6.418479, 36.980052 ], [ -6.416281, 36.978188 ], [ -6.413396, 36.972734 ], [ -6.411113, 36.969114 ], [ -6.407189, 36.966331 ], [ -6.402168, 36.961533 ], [ -6.398007, 36.955117 ], [ -6.395987, 36.950149 ], [ -6.39259, 36.947028 ], [ -6.382842, 36.937441 ], [ -6.380956, 36.932946 ], [ -6.375912, 36.930962 ], [ -6.373469, 36.925633 ], [ -6.367298, 36.922686 ], [ -6.362071, 36.921865 ], [ -6.357974, 36.91791 ], [ -6.353448, 36.913825 ], [ -6.347887, 36.90995 ], [ -6.342496, 36.905612 ], [ -6.339022, 36.904715 ], [ -6.337274, 36.904002 ], [ -6.337662, 36.903864 ], [ -6.339691, 36.903262 ], [ -6.342955, 36.90142 ], [ -6.344413, 36.900399 ], [ -6.346077, 36.898985 ], [ -6.34749, 36.897723 ], [ -6.349969, 36.895271 ], [ -6.350349, 36.894598 ], [ -6.350794, 36.89351 ], [ -6.35157, 36.892408 ], [ -6.352649, 36.891289 ], [ -6.354241, 36.890379 ], [ -6.355013, 36.890121 ], [ -6.355873, 36.889768 ], [ -6.356725, 36.889358 ], [ -6.358076, 36.888573 ], [ -6.359182, 36.887873 ], [ -6.359762, 36.886964 ], [ -6.361122, 36.88473 ], [ -6.363128, 36.883624 ], [ -6.363748, 36.883111 ], [ -6.366736, 36.879419 ], [ -6.368225, 36.877385 ], [ -6.369808, 36.875838 ], [ -6.370539, 36.875241 ], [ -6.37062, 36.874541 ], [ -6.370102, 36.874456 ], [ -6.369081, 36.87438 ], [ -6.36769, 36.874059 ], [ -6.366147, 36.873774 ], [ -6.365072, 36.8736 ], [ -6.364297, 36.873546 ], [ -6.363409, 36.873551 ], [ -6.361969, 36.873297 ], [ -6.361117, 36.872918 ], [ -6.359583, 36.871816 ], [ -6.359253, 36.871459 ], [ -6.358477, 36.871013 ], [ -6.358241, 36.870666 ], [ -6.358353, 36.868231 ], [ -6.358834, 36.865364 ], [ -6.35862, 36.862153 ], [ -6.35912, 36.86111 ], [ -6.359677, 36.860396 ], [ -6.360341, 36.858983 ], [ -6.36085, 36.856499 ], [ -6.362727, 36.847536 ], [ -6.362883, 36.847706 ], [ -6.362798, 36.847951 ], [ -6.362794, 36.848147 ], [ -6.362736, 36.848366 ], [ -6.362847, 36.84854 ], [ -6.362941, 36.848816 ], [ -6.362754, 36.849101 ], [ -6.362526, 36.84932 ], [ -6.36237, 36.849681 ], [ -6.362442, 36.850439 ], [ -6.362566, 36.850925 ], [ -6.362615, 36.851144 ], [ -6.362772, 36.851746 ], [ -6.363258, 36.85225 ], [ -6.363298, 36.852588 ], [ -6.363646, 36.852972 ], [ -6.364198, 36.853128 ], [ -6.364671, 36.852816 ], [ -6.364404, 36.852624 ], [ -6.36394, 36.852602 ], [ -6.363503, 36.852392 ], [ -6.363427, 36.85208 ], [ -6.363574, 36.851839 ], [ -6.363445, 36.85163 ], [ -6.36398, 36.851634 ], [ -6.364341, 36.851492 ], [ -6.364863, 36.85146 ], [ -6.365527, 36.851487 ], [ -6.365688, 36.851643 ], [ -6.365942, 36.852258 ], [ -6.366843, 36.852575 ], [ -6.367164, 36.852575 ], [ -6.367957, 36.852276 ], [ -6.368345, 36.852477 ], [ -6.368524, 36.852736 ], [ -6.368863, 36.853128 ], [ -6.369759, 36.853534 ], [ -6.370018, 36.853538 ], [ -6.370263, 36.853792 ], [ -6.370651, 36.853717 ], [ -6.370807, 36.853552 ], [ -6.371177, 36.853935 ], [ -6.371578, 36.854626 ], [ -6.372042, 36.854773 ], [ -6.372096, 36.854979 ], [ -6.372586, 36.855072 ], [ -6.373032, 36.855732 ], [ -6.373652, 36.856223 ], [ -6.373638, 36.856548 ], [ -6.37342, 36.856762 ], [ -6.373683, 36.856994 ], [ -6.37387, 36.857306 ], [ -6.374258, 36.857681 ], [ -6.374651, 36.857881 ], [ -6.374838, 36.858002 ], [ -6.375253, 36.857699 ], [ -6.375614, 36.857944 ], [ -6.375917, 36.85822 ], [ -6.37626, 36.858858 ], [ -6.376916, 36.859473 ], [ -6.377308, 36.859861 ], [ -6.378115, 36.860173 ], [ -6.378682, 36.860566 ], [ -6.379208, 36.861065 ], [ -6.37968, 36.861217 ], [ -6.38055, 36.861565 ], [ -6.380764, 36.86197 ], [ -6.380813, 36.862514 ], [ -6.380697, 36.862706 ], [ -6.380595, 36.86292 ], [ -6.380389, 36.863014 ], [ -6.380193, 36.862849 ], [ -6.380211, 36.862305 ], [ -6.380019, 36.861984 ], [ -6.37968, 36.861979 ], [ -6.379382, 36.861908 ], [ -6.37898, 36.86144 ], [ -6.378401, 36.861181 ], [ -6.378726, 36.862042 ], [ -6.379301, 36.862118 ], [ -6.379239, 36.862341 ], [ -6.379471, 36.86259 ], [ -6.379596, 36.862849 ], [ -6.380086, 36.863277 ], [ -6.38034, 36.863295 ], [ -6.380697, 36.863446 ], [ -6.381054, 36.863629 ], [ -6.381321, 36.863986 ], [ -6.381629, 36.864271 ], [ -6.381839, 36.864467 ], [ -6.381794, 36.864592 ], [ -6.381732, 36.864784 ], [ -6.382111, 36.865221 ], [ -6.382039, 36.865636 ], [ -6.382071, 36.865863 ], [ -6.382539, 36.866425 ], [ -6.382695, 36.866809 ], [ -6.382811, 36.867032 ], [ -6.383297, 36.867384 ], [ -6.383489, 36.867682 ], [ -6.383649, 36.867848 ], [ -6.383926, 36.867852 ], [ -6.384367, 36.867812 ], [ -6.384742, 36.867634 ], [ -6.385112, 36.86717 ], [ -6.38541, 36.867014 ], [ -6.385633, 36.867023 ], [ -6.385812, 36.867214 ], [ -6.385923, 36.8675 ], [ -6.386217, 36.867607 ], [ -6.386623, 36.8675 ], [ -6.38698, 36.867504 ], [ -6.387395, 36.867651 ], [ -6.387783, 36.86816 ], [ -6.387417, 36.868824 ], [ -6.386962, 36.869631 ], [ -6.386855, 36.870175 ], [ -6.386882, 36.870447 ], [ -6.387381, 36.870759 ], [ -6.387355, 36.87158 ], [ -6.38743, 36.871879 ], [ -6.387502, 36.872168 ], [ -6.387448, 36.872811 ], [ -6.387199, 36.873595 ], [ -6.387203, 36.874344 ], [ -6.387257, 36.874772 ], [ -6.38752, 36.875098 ], [ -6.387649, 36.875303 ], [ -6.387974, 36.875366 ], [ -6.388322, 36.87541 ], [ -6.388478, 36.875597 ], [ -6.38846, 36.875727 ], [ -6.388416, 36.876061 ], [ -6.388385, 36.876895 ], [ -6.388532, 36.87727 ], [ -6.388996, 36.877372 ], [ -6.38912, 36.877484 ], [ -6.389375, 36.877716 ], [ -6.38908, 36.87817 ], [ -6.388831, 36.878665 ], [ -6.388728, 36.879646 ], [ -6.38818, 36.880788 ], [ -6.388095, 36.881804 ], [ -6.387653, 36.882348 ], [ -6.387221, 36.882803 ], [ -6.386851, 36.88341 ], [ -6.385892, 36.884315 ], [ -6.385245, 36.884895 ], [ -6.384278, 36.886076 ], [ -6.384077, 36.886406 ], [ -6.383859, 36.887129 ], [ -6.383814, 36.887276 ], [ -6.383734, 36.888257 ], [ -6.383056, 36.889113 ], [ -6.381888, 36.890072 ], [ -6.381687, 36.891066 ], [ -6.381375, 36.891374 ], [ -6.381081, 36.891793 ], [ -6.38088, 36.892199 ], [ -6.380586, 36.892654 ], [ -6.380153, 36.893073 ], [ -6.379738, 36.893617 ], [ -6.379186, 36.894294 ], [ -6.378811, 36.895026 ], [ -6.378744, 36.895543 ], [ -6.378802, 36.895953 ], [ -6.378833, 36.896381 ], [ -6.379172, 36.896609 ], [ -6.379578, 36.896899 ], [ -6.379921, 36.897037 ], [ -6.380207, 36.896858 ], [ -6.380398, 36.896814 ], [ -6.38051, 36.896787 ], [ -6.380782, 36.896925 ], [ -6.381237, 36.897175 ], [ -6.381527, 36.897554 ], [ -6.382026, 36.897844 ], [ -6.382374, 36.897889 ], [ -6.382842, 36.897715 ], [ -6.383118, 36.897866 ], [ -6.383043, 36.898647 ], [ -6.383141, 36.899271 ], [ -6.383127, 36.899681 ], [ -6.383163, 36.900015 ], [ -6.383497, 36.900336 ], [ -6.383515, 36.900368 ], [ -6.384153, 36.901558 ], [ -6.384697, 36.902593 ], [ -6.384938, 36.902794 ], [ -6.38492, 36.903262 ], [ -6.385036, 36.903623 ], [ -6.385731, 36.904038 ], [ -6.385901, 36.904207 ], [ -6.386075, 36.904354 ], [ -6.386271, 36.904586 ], [ -6.386423, 36.904938 ], [ -6.386436, 36.905233 ], [ -6.386409, 36.90604 ], [ -6.386472, 36.906392 ], [ -6.386797, 36.907043 ], [ -6.387074, 36.907636 ], [ -6.387216, 36.908158 ], [ -6.387261, 36.909045 ], [ -6.387265, 36.909857 ], [ -6.387319, 36.909906 ], [ -6.387707, 36.910312 ], [ -6.388282, 36.91057 ], [ -6.388675, 36.91074 ], [ -6.388732, 36.910766 ], [ -6.388831, 36.911261 ], [ -6.388523, 36.911533 ], [ -6.388148, 36.911903 ], [ -6.388001, 36.912202 ], [ -6.387992, 36.91222 ], [ -6.387974, 36.912809 ], [ -6.388019, 36.913415 ], [ -6.388006, 36.913874 ], [ -6.388389, 36.914102 ], [ -6.388675, 36.914476 ], [ -6.389053, 36.914762 ], [ -6.389214, 36.915114 ], [ -6.389321, 36.915337 ], [ -6.389308, 36.915761 ], [ -6.389361, 36.916131 ], [ -6.389691, 36.916305 ], [ -6.3897, 36.916309 ], [ -6.389704, 36.916309 ], [ -6.389798, 36.916817 ], [ -6.389896, 36.917245 ], [ -6.390347, 36.917566 ], [ -6.390735, 36.917669 ], [ -6.39114, 36.917914 ], [ -6.391292, 36.917941 ], [ -6.391644, 36.917999 ], [ -6.392567, 36.917892 ], [ -6.392928, 36.917442 ], [ -6.393388, 36.917451 ], [ -6.393834, 36.917789 ], [ -6.394168, 36.918164 ], [ -6.394578, 36.918213 ], [ -6.395702, 36.918329 ], [ -6.396063, 36.918485 ], [ -6.397356, 36.919007 ], [ -6.397976, 36.91972 ], [ -6.398195, 36.920171 ], [ -6.398449, 36.920688 ], [ -6.399916, 36.921495 ], [ -6.400259, 36.921499 ], [ -6.401138, 36.921446 ], [ -6.401624, 36.922008 ], [ -6.402177, 36.922574 ], [ -6.402685, 36.923172 ], [ -6.4031, 36.923769 ], [ -6.40339, 36.924268 ], [ -6.403773, 36.924371 ], [ -6.403777, 36.924371 ], [ -6.403755, 36.92496 ], [ -6.403965, 36.925606 ], [ -6.404255, 36.925798 ], [ -6.404995, 36.925722 ], [ -6.405739, 36.926159 ], [ -6.405824, 36.926369 ], [ -6.405887, 36.926534 ], [ -6.405539, 36.926654 ], [ -6.405244, 36.926462 ], [ -6.405088, 36.926369 ], [ -6.404054, 36.926346 ], [ -6.403818, 36.926485 ], [ -6.403742, 36.926667 ], [ -6.403456, 36.92694 ], [ -6.403492, 36.927216 ], [ -6.403483, 36.927528 ], [ -6.403461, 36.927582 ], [ -6.403305, 36.927983 ], [ -6.403287, 36.9285 ], [ -6.403577, 36.928817 ], [ -6.403862, 36.929191 ], [ -6.403907, 36.929249 ], [ -6.403983, 36.929383 ], [ -6.404165, 36.929713 ], [ -6.404446, 36.930217 ], [ -6.404656, 36.930864 ], [ -6.405044, 36.930872 ], [ -6.405677, 36.930921 ], [ -6.405686, 36.930921 ], [ -6.407006, 36.930676 ], [ -6.408045, 36.930627 ], [ -6.408361, 36.930694 ], [ -6.409186, 36.930872 ], [ -6.409837, 36.930765 ], [ -6.409869, 36.930761 ], [ -6.41068, 36.93073 ], [ -6.410801, 36.930636 ], [ -6.410876, 36.930578 ], [ -6.410912, 36.930551 ], [ -6.411773, 36.930828 ], [ -6.412682, 36.930739 ], [ -6.413119, 36.930493 ], [ -6.413797, 36.930155 ], [ -6.4139, 36.930128 ], [ -6.414203, 36.930039 ], [ -6.414738, 36.929963 ], [ -6.415309, 36.929976 ], [ -6.415875, 36.929936 ], [ -6.416941, 36.929927 ], [ -6.417944, 36.929664 ], [ -6.417953, 36.92966 ], [ -6.418145, 36.929847 ], [ -6.418586, 36.929856 ], [ -6.41888, 36.929789 ], [ -6.419081, 36.929771 ], [ -6.419478, 36.929874 ], [ -6.419603, 36.930199 ], [ -6.419661, 36.930444 ], [ -6.420325, 36.930707 ], [ -6.42049, 36.930948 ], [ -6.420414, 36.931243 ], [ -6.420111, 36.93147 ], [ -6.419567, 36.93176 ], [ -6.419482, 36.93229 ], [ -6.419366, 36.932607 ], [ -6.419157, 36.932839 ], [ -6.418876, 36.933289 ], [ -6.418889, 36.933579 ], [ -6.419255, 36.933833 ], [ -6.419714, 36.934079 ], [ -6.419991, 36.934565 ], [ -6.420098, 36.934739 ], [ -6.420218, 36.934944 ], [ -6.420517, 36.935238 ], [ -6.420816, 36.935849 ], [ -6.421427, 36.936183 ], [ -6.421471, 36.936206 ], [ -6.421895, 36.936643 ], [ -6.422497, 36.936718 ], [ -6.423134, 36.93658 ], [ -6.423166, 36.936576 ], [ -6.423643, 36.936371 ], [ -6.424008, 36.936134 ], [ -6.424258, 36.935956 ], [ -6.424619, 36.935934 ], [ -6.424882, 36.935991 ], [ -6.425074, 36.936286 ], [ -6.425529, 36.936647 ], [ -6.425493, 36.937574 ], [ -6.426269, 36.938337 ], [ -6.426621, 36.938966 ], [ -6.426612, 36.939287 ], [ -6.426929, 36.939795 ], [ -6.426916, 36.940165 ], [ -6.427228, 36.940932 ], [ -6.427174, 36.941677 ], [ -6.428013, 36.942176 ], [ -6.428597, 36.942613 ], [ -6.428757, 36.942961 ], [ -6.42931, 36.943215 ], [ -6.429301, 36.943505 ], [ -6.428891, 36.943951 ], [ -6.42865, 36.944214 ], [ -6.428432, 36.944638 ], [ -6.428427, 36.944838 ], [ -6.428427, 36.944852 ], [ -6.427758, 36.94491 ], [ -6.427411, 36.945311 ], [ -6.427067, 36.945489 ], [ -6.426844, 36.945324 ], [ -6.426853, 36.945093 ], [ -6.426724, 36.944981 ], [ -6.426483, 36.945052 ], [ -6.42647, 36.945338 ], [ -6.426158, 36.945917 ], [ -6.4263, 36.946466 ], [ -6.426287, 36.946827 ], [ -6.426278, 36.947081 ], [ -6.426367, 36.947349 ], [ -6.426434, 36.947759 ], [ -6.426474, 36.94792 ], [ -6.42651, 36.948071 ], [ -6.426537, 36.948303 ], [ -6.426488, 36.948749 ], [ -6.426528, 36.949048 ], [ -6.426938, 36.949369 ], [ -6.427313, 36.949405 ], [ -6.42762, 36.949275 ], [ -6.428129, 36.949324 ], [ -6.428383, 36.94936 ], [ -6.42857, 36.949743 ], [ -6.428731, 36.950015 ], [ -6.429368, 36.950194 ], [ -6.429961, 36.950274 ], [ -6.430086, 36.950238 ], [ -6.430421, 36.950149 ], [ -6.430987, 36.949931 ], [ -6.431241, 36.949962 ], [ -6.431344, 36.950287 ], [ -6.431348, 36.950305 ], [ -6.431326, 36.950586 ], [ -6.430938, 36.951023 ], [ -6.430541, 36.951313 ], [ -6.430291, 36.951647 ], [ -6.430273, 36.952187 ], [ -6.43038, 36.952504 ], [ -6.430849, 36.952633 ], [ -6.430974, 36.952446 ], [ -6.431228, 36.952455 ], [ -6.431812, 36.952735 ], [ -6.43199, 36.952789 ], [ -6.43228, 36.952883 ], [ -6.432342, 36.953088 ], [ -6.432164, 36.953315 ], [ -6.43195, 36.95369 ], [ -6.432191, 36.953993 ], [ -6.432655, 36.954341 ], [ -6.433239, 36.954622 ], [ -6.434594, 36.954653 ], [ -6.434692, 36.954702 ], [ -6.43496, 36.954836 ], [ -6.435602, 36.954974 ], [ -6.436226, 36.95496 ], [ -6.436989, 36.954947 ], [ -6.437698, 36.955059 ], [ -6.439209, 36.954987 ], [ -6.439513, 36.954956 ], [ -6.440208, 36.954969 ], [ -6.440445, 36.954974 ], [ -6.440654, 36.954845 ], [ -6.440837, 36.954416 ], [ -6.441216, 36.954791 ], [ -6.441591, 36.954796 ], [ -6.442349, 36.954813 ], [ -6.442469, 36.954751 ], [ -6.442781, 36.95459 ], [ -6.443472, 36.954243 ], [ -6.443923, 36.954412 ], [ -6.443967, 36.954657 ], [ -6.443949, 36.955134 ], [ -6.444106, 36.955473 ], [ -6.444574, 36.955714 ], [ -6.444815, 36.956057 ], [ -6.445006, 36.956374 ], [ -6.445595, 36.956508 ], [ -6.44642, 36.956272 ], [ -6.447178, 36.956356 ], [ -6.447633, 36.956486 ], [ -6.448453, 36.956245 ], [ -6.448823, 36.956392 ], [ -6.449327, 36.956521 ], [ -6.44984, 36.95641 ], [ -6.450313, 36.95645 ], [ -6.450304, 36.956691 ], [ -6.450415, 36.9569 ], [ -6.450692, 36.957203 ] ] ] } },
{ "type": "Feature", "id": 2, "properties": { "recinto": "Caracoles", "area_ha": 2720.6 }, "geometry": { "type": "Polygon", "coordinates": [ [ [ -6.341809, 37.035496 ], [ -6.334273, 37.071432 ], [ -6.334006, 37.071432 ], [ -6.334019, 37.07137 ], [ -6.333993, 37.07137 ], [ -6.334024, 37.071218 ], [ -6.303327, 37.071401 ], [ -6.299492, 37.071397 ], [ -6.284488, 37.071432 ], [ -6.271596, 37.07141 ], [ -6.271654, 37.071218 ], [ -6.271587, 37.071258 ], [ -6.286191, 37.021348 ], [ -6.328361, 37.027225 ], [ -6.341809, 37.035496 ] ] ] } },
{ "type": "Feature", "id": 3, "properties": { "recinto": "FAO", "area_ha": 64.8 }, "geometry": { "type": "Polygon", "coordinates": [ [ [ -6.385986, 37.076088 ], [ -6.384421, 37.076471 ], [ -6.384501, 37.076261 ], [ -6.384639, 37.076297 ], [ -6.38467, 37.076221 ], [ -6.383114, 37.075807 ], [ -6.381469, 37.075387 ], [ -6.3803, 37.075084 ], [ -6.379565, 37.074892 ], [ -6.377821, 37.074473 ], [ -6.376639, 37.074184 ], [ -6.374717, 37.073747 ], [ -6.374486, 37.073689 ], [ -6.372747, 37.073247 ], [ -6.370843, 37.072739 ], [ -6.371627, 37.070358 ], [ -6.383948, 37.069283 ], [ -6.385986, 37.076088 ] ] ] } },
{ "type": "Feature", "id": 4, "properties": { "recinto": "Marisma Occidental", "area_ha": 11674.9 }, "geometry": { "type": "Polygon", "coordinates": [ [ [ -6.494542, 37.123251 ], [ -6.494279, 37.125227 ], [ -6.49427, 37.12528 ], [ -6.494132, 37.125575 ], [ -6.491127, 37.12969 ], [ -6.490886, 37.129646 ], [ -6.490146, 37.129503 ], [ -6.489945, 37.129878 ], [ -6.489758, 37.130319 ], [ -6.489548, 37.130823 ], [ -6.489116, 37.131211 ], [ -6.488549, 37.131447 ], [ -6.487502, 37.131206 ], [ -6.48702, 37.131064 ], [ -6.486685, 37.130908 ], [ -6.486538, 37.130743 ], [ -6.486471, 37.130667 ], [ -6.485852, 37.130221 ], [ -6.48479, 37.129347 ], [ -6.483818, 37.128625 ], [ -6.483065, 37.128228 ], [ -6.482958, 37.128237 ], [ -6.482753, 37.128255 ], [ -6.482663, 37.128237 ], [ -6.482525, 37.12821 ], [ -6.482182, 37.12821 ], [ -6.481803, 37.128317 ], [ -6.48141, 37.128428 ], [ -6.481357, 37.128446 ], [ -6.481161, 37.128433 ], [ -6.480666, 37.128263 ], [ -6.480456, 37.128174 ], [ -6.480309, 37.128 ], [ -6.48022, 37.127876 ], [ -6.480055, 37.127733 ], [ -6.479984, 37.127719 ], [ -6.479671, 37.127666 ], [ -6.479199, 37.127679 ], [ -6.478628, 37.127724 ], [ -6.478351, 37.127733 ], [ -6.47832, 37.127782 ], [ -6.478142, 37.127786 ], [ -6.477696, 37.127648 ], [ -6.477629, 37.127563 ], [ -6.477598, 37.127528 ], [ -6.477201, 37.12743 ], [ -6.476978, 37.127354 ], [ -6.476893, 37.127327 ], [ -6.476693, 37.127256 ], [ -6.476314, 37.12701 ], [ -6.476175, 37.126863 ], [ -6.475836, 37.126435 ], [ -6.47544, 37.1259 ], [ -6.475096, 37.125615 ], [ -6.474213, 37.124616 ], [ -6.474142, 37.124781 ], [ -6.474089, 37.124718 ], [ -6.474075, 37.124754 ], [ -6.474031, 37.12454 ], [ -6.473973, 37.124273 ], [ -6.473509, 37.123787 ], [ -6.473215, 37.12368 ], [ -6.473134, 37.123581 ], [ -6.473232, 37.123466 ], [ -6.472907, 37.123211 ], [ -6.473464, 37.122921 ], [ -6.47391, 37.122761 ], [ -6.474026, 37.122369 ], [ -6.474249, 37.122146 ], [ -6.474191, 37.121936 ], [ -6.473718, 37.12174 ], [ -6.473201, 37.121842 ], [ -6.472595, 37.12203 ], [ -6.472006, 37.122025 ], [ -6.472024, 37.121437 ], [ -6.471493, 37.121468 ], [ -6.471368, 37.121633 ], [ -6.470379, 37.120808 ], [ -6.470419, 37.120398 ], [ -6.470089, 37.119983 ], [ -6.470008, 37.119662 ], [ -6.469839, 37.119327 ], [ -6.469986, 37.118725 ], [ -6.469433, 37.118016 ], [ -6.469785, 37.11778 ], [ -6.469799, 37.117374 ], [ -6.469995, 37.116946 ], [ -6.469785, 37.116697 ], [ -6.469768, 37.115774 ], [ -6.469188, 37.115421 ], [ -6.468604, 37.115408 ], [ -6.46822, 37.115221 ], [ -6.467458, 37.114534 ], [ -6.467012, 37.114507 ], [ -6.466762, 37.114159 ], [ -6.466294, 37.114106 ], [ -6.465808, 37.114275 ], [ -6.465563, 37.114164 ], [ -6.465139, 37.114191 ], [ -6.46501, 37.114061 ], [ -6.464983, 37.113856 ], [ -6.464858, 37.113584 ], [ -6.464586, 37.113352 ], [ -6.464501, 37.113085 ], [ -6.464287, 37.112813 ], [ -6.463899, 37.112697 ], [ -6.463378, 37.11263 ], [ -6.463342, 37.11288 ], [ -6.462923, 37.112813 ], [ -6.462767, 37.11263 ], [ -6.461893, 37.111961 ], [ -6.461492, 37.111653 ], [ -6.461099, 37.111319 ], [ -6.460881, 37.111288 ], [ -6.460742, 37.111363 ], [ -6.460604, 37.111265 ], [ -6.460399, 37.111444 ], [ -6.460604, 37.112126 ], [ -6.461041, 37.112755 ], [ -6.461072, 37.113111 ], [ -6.460368, 37.113013 ], [ -6.460007, 37.113129 ], [ -6.459646, 37.112701 ], [ -6.459195, 37.112523 ], [ -6.458905, 37.112304 ], [ -6.458584, 37.112237 ], [ -6.458401, 37.112518 ], [ -6.45817, 37.112652 ], [ -6.457929, 37.112322 ], [ -6.458031, 37.11189 ], [ -6.457661, 37.111528 ], [ -6.457224, 37.111426 ], [ -6.457215, 37.111578 ], [ -6.45693, 37.111796 ], [ -6.456796, 37.111974 ], [ -6.456627, 37.112193 ], [ -6.456337, 37.112492 ], [ -6.456493, 37.112674 ], [ -6.456743, 37.112853 ], [ -6.45705, 37.113143 ], [ -6.457157, 37.113673 ], [ -6.457296, 37.114128 ], [ -6.457278, 37.114614 ], [ -6.457166, 37.114917 ], [ -6.456301, 37.115301 ], [ -6.456234, 37.115502 ], [ -6.456176, 37.116046 ], [ -6.456172, 37.11613 ], [ -6.456426, 37.116219 ], [ -6.456373, 37.116509 ], [ -6.456199, 37.116594 ], [ -6.456092, 37.116643 ], [ -6.45598, 37.116674 ], [ -6.455873, 37.116723 ], [ -6.455659, 37.116719 ], [ -6.455441, 37.116835 ], [ -6.455396, 37.116884 ], [ -6.45528, 37.117053 ], [ -6.455106, 37.117084 ], [ -6.454745, 37.117076 ], [ -6.454567, 37.117156 ], [ -6.454134, 37.117232 ], [ -6.453982, 37.117316 ], [ -6.453715, 37.117571 ], [ -6.453541, 37.117736 ], [ -6.45326, 37.117727 ], [ -6.453113, 37.117642 ], [ -6.452801, 37.117325 ], [ -6.452805, 37.117165 ], [ -6.45281, 37.117067 ], [ -6.452993, 37.116781 ], [ -6.453318, 37.116701 ], [ -6.453581, 37.116572 ], [ -6.453974, 37.11634 ], [ -6.454228, 37.116429 ], [ -6.454607, 37.116643 ], [ -6.455079, 37.116603 ], [ -6.455454, 37.116407 ], [ -6.455481, 37.115551 ], [ -6.455236, 37.115238 ], [ -6.454638, 37.115105 ], [ -6.4545, 37.114757 ], [ -6.454183, 37.114614 ], [ -6.453586, 37.114565 ], [ -6.45301, 37.114382 ], [ -6.453242, 37.114293 ], [ -6.453586, 37.114302 ], [ -6.453907, 37.114155 ], [ -6.454045, 37.113861 ], [ -6.453866, 37.113651 ], [ -6.453822, 37.113602 ], [ -6.453956, 37.113334 ], [ -6.45384, 37.112991 ], [ -6.454063, 37.112741 ], [ -6.454277, 37.112746 ], [ -6.454593, 37.112822 ], [ -6.454691, 37.113009 ], [ -6.455053, 37.113272 ], [ -6.455222, 37.113107 ], [ -6.455485, 37.113071 ], [ -6.455806, 37.113036 ], [ -6.455976, 37.112786 ], [ -6.455739, 37.112483 ], [ -6.455409, 37.112304 ], [ -6.455249, 37.112318 ], [ -6.455111, 37.112215 ], [ -6.454883, 37.112139 ], [ -6.454406, 37.112055 ], [ -6.45413, 37.112322 ], [ -6.453813, 37.112229 ], [ -6.453822, 37.112032 ], [ -6.453742, 37.111845 ], [ -6.453461, 37.111711 ], [ -6.453113, 37.111578 ], [ -6.45285, 37.111595 ], [ -6.452845, 37.111725 ], [ -6.45268, 37.111796 ], [ -6.452507, 37.111649 ], [ -6.452515, 37.111355 ], [ -6.452475, 37.110989 ], [ -6.452449, 37.110802 ], [ -6.452163, 37.110753 ], [ -6.452003, 37.11086 ], [ -6.451757, 37.110886 ], [ -6.451329, 37.110877 ], [ -6.451102, 37.110686 ], [ -6.450629, 37.110547 ], [ -6.450415, 37.110588 ], [ -6.450442, 37.110757 ], [ -6.450669, 37.110958 ], [ -6.450585, 37.111185 ], [ -6.450602, 37.111292 ], [ -6.45079, 37.111426 ], [ -6.450888, 37.111743 ], [ -6.451053, 37.112153 ], [ -6.45124, 37.1123 ], [ -6.451994, 37.112679 ], [ -6.4526, 37.11288 ], [ -6.452823, 37.113183 ], [ -6.452819, 37.11321 ], [ -6.452787, 37.113352 ], [ -6.452631, 37.113303 ], [ -6.452315, 37.113156 ], [ -6.452025, 37.113294 ], [ -6.451864, 37.113272 ], [ -6.45132, 37.113227 ], [ -6.450968, 37.113223 ], [ -6.450687, 37.113085 ], [ -6.450495, 37.113116 ], [ -6.450148, 37.112938 ], [ -6.449626, 37.112964 ], [ -6.449265, 37.113147 ], [ -6.449416, 37.11349 ], [ -6.449144, 37.11382 ], [ -6.448886, 37.114061 ], [ -6.44873, 37.114213 ], [ -6.448663, 37.11444 ], [ -6.448801, 37.114672 ], [ -6.449229, 37.114703 ], [ -6.449818, 37.115082 ], [ -6.450036, 37.115065 ], [ -6.45029, 37.115047 ], [ -6.450607, 37.115073 ], [ -6.450852, 37.115341 ], [ -6.450825, 37.115707 ], [ -6.450723, 37.115662 ], [ -6.450545, 37.115586 ], [ -6.450255, 37.115698 ], [ -6.450241, 37.116072 ], [ -6.450206, 37.116242 ], [ -6.450192, 37.116607 ], [ -6.450255, 37.116951 ], [ -6.450353, 37.117388 ], [ -6.450402, 37.1177 ], [ -6.450223, 37.117865 ], [ -6.450143, 37.11807 ], [ -6.45013, 37.118413 ], [ -6.449978, 37.118752 ], [ -6.45013, 37.119269 ], [ -6.449693, 37.11951 ], [ -6.449456, 37.119278 ], [ -6.449572, 37.118882 ], [ -6.449555, 37.118502 ], [ -6.449055, 37.118494 ], [ -6.448886, 37.118373 ], [ -6.448926, 37.118123 ], [ -6.448502, 37.117852 ], [ -6.448511, 37.117602 ], [ -6.448663, 37.117374 ], [ -6.448337, 37.117276 ], [ -6.447949, 37.117267 ], [ -6.447503, 37.117009 ], [ -6.447677, 37.116839 ], [ -6.447289, 37.116523 ], [ -6.447321, 37.116277 ], [ -6.447682, 37.116081 ], [ -6.447722, 37.115774 ], [ -6.447374, 37.115559 ], [ -6.447379, 37.115305 ], [ -6.447347, 37.115078 ], [ -6.447031, 37.115069 ], [ -6.44679, 37.11461 ], [ -6.446473, 37.114578 ], [ -6.446402, 37.114659 ], [ -6.446036, 37.114788 ], [ -6.445854, 37.114668 ], [ -6.445912, 37.114248 ], [ -6.446139, 37.113968 ], [ -6.445974, 37.113736 ], [ -6.446277, 37.113285 ], [ -6.446429, 37.112567 ], [ -6.445907, 37.112327 ], [ -6.445929, 37.111734 ], [ -6.445296, 37.111413 ], [ -6.444721, 37.111421 ], [ -6.444654, 37.111707 ], [ -6.444605, 37.111845 ], [ -6.444177, 37.111756 ], [ -6.443713, 37.111916 ], [ -6.443985, 37.112416 ], [ -6.44386, 37.112603 ], [ -6.443401, 37.112688 ], [ -6.443067, 37.112875 ], [ -6.442719, 37.112902 ], [ -6.442799, 37.113517 ], [ -6.442581, 37.113606 ], [ -6.442259, 37.113392 ], [ -6.441947, 37.11325 ], [ -6.44127, 37.113062 ], [ -6.441163, 37.113196 ], [ -6.441015, 37.113343 ], [ -6.440761, 37.113566 ], [ -6.441114, 37.113745 ], [ -6.441354, 37.113865 ], [ -6.441274, 37.114092 ], [ -6.441559, 37.114119 ], [ -6.441769, 37.114298 ], [ -6.442197, 37.114342 ], [ -6.442576, 37.114579 ], [ -6.442536, 37.114886 ], [ -6.442638, 37.115207 ], [ -6.442875, 37.115497 ], [ -6.44279, 37.115863 ], [ -6.442558, 37.116349 ], [ -6.442812, 37.116491 ], [ -6.443339, 37.116594 ], [ -6.443508, 37.116995 ], [ -6.443388, 37.117156 ], [ -6.442919, 37.11704 ], [ -6.442384, 37.117223 ], [ -6.442135, 37.116991 ], [ -6.441724, 37.116866 ], [ -6.441729, 37.116755 ], [ -6.441934, 37.116527 ], [ -6.441854, 37.116046 ], [ -6.441359, 37.115702 ], [ -6.44135, 37.115163 ], [ -6.441167, 37.115105 ], [ -6.440743, 37.11523 ], [ -6.440824, 37.11506 ], [ -6.441033, 37.114726 ], [ -6.44094, 37.114552 ], [ -6.440739, 37.114204 ], [ -6.440561, 37.11395 ], [ -6.440106, 37.113825 ], [ -6.44044, 37.11366 ], [ -6.44048, 37.113339 ], [ -6.440226, 37.113254 ], [ -6.439794, 37.113361 ], [ -6.439624, 37.113276 ], [ -6.439267, 37.113268 ], [ -6.439071, 37.113517 ], [ -6.43883, 37.113455 ], [ -6.438835, 37.11325 ], [ -6.439321, 37.112893 ], [ -6.440012, 37.112416 ], [ -6.440052, 37.112072 ], [ -6.439602, 37.111872 ], [ -6.439397, 37.111604 ], [ -6.439071, 37.111457 ], [ -6.439058, 37.111025 ], [ -6.438657, 37.110993 ], [ -6.438411, 37.111074 ], [ -6.43834, 37.1111 ], [ -6.43776, 37.111314 ], [ -6.43772, 37.11152 ], [ -6.437809, 37.111867 ], [ -6.437662, 37.112001 ], [ -6.437332, 37.111992 ], [ -6.436967, 37.112188 ], [ -6.436815, 37.112532 ], [ -6.436494, 37.112661 ], [ -6.435838, 37.112987 ], [ -6.435687, 37.11325 ], [ -6.435673, 37.113647 ], [ -6.435379, 37.113811 ], [ -6.434327, 37.114017 ], [ -6.434113, 37.114378 ], [ -6.434318, 37.114614 ], [ -6.434848, 37.114623 ], [ -6.436044, 37.114512 ], [ -6.436209, 37.114712 ], [ -6.436057, 37.114935 ], [ -6.435647, 37.115087 ], [ -6.434871, 37.115047 ], [ -6.434099, 37.114779 ], [ -6.433176, 37.114681 ], [ -6.432445, 37.114146 ], [ -6.433069, 37.113887 ], [ -6.433105, 37.113593 ], [ -6.433497, 37.113352 ], [ -6.434247, 37.11337 ], [ -6.434777, 37.112978 ], [ -6.434041, 37.112581 ], [ -6.433653, 37.112073 ], [ -6.433087, 37.111747 ], [ -6.432904, 37.111185 ], [ -6.432606, 37.110869 ], [ -6.432342, 37.110802 ], [ -6.431981, 37.110882 ], [ -6.431789, 37.1111 ], [ -6.431616, 37.111618 ], [ -6.43137, 37.111921 ], [ -6.430773, 37.112157 ], [ -6.430345, 37.112331 ], [ -6.429899, 37.112697 ], [ -6.429725, 37.113187 ], [ -6.42948, 37.113553 ], [ -6.429078, 37.113954 ], [ -6.428873, 37.114445 ], [ -6.428811, 37.114842 ], [ -6.429145, 37.115136 ], [ -6.429578, 37.115229 ], [ -6.429645, 37.115542 ], [ -6.429524, 37.115787 ], [ -6.42898, 37.115898 ], [ -6.428548, 37.116068 ], [ -6.428249, 37.116353 ], [ -6.428035, 37.116429 ], [ -6.426956, 37.116371 ], [ -6.42659, 37.116179 ], [ -6.426269, 37.116224 ], [ -6.426033, 37.11609 ], [ -6.426323, 37.115622 ], [ -6.425854, 37.115613 ], [ -6.42548, 37.11477 ], [ -6.425003, 37.114632 ], [ -6.424512, 37.114775 ], [ -6.424294, 37.115091 ], [ -6.42449, 37.115452 ], [ -6.425034, 37.115555 ], [ -6.425435, 37.115604 ], [ -6.425475, 37.115863 ], [ -6.425065, 37.116046 ], [ -6.425337, 37.11659 ], [ -6.425012, 37.11671 ], [ -6.424615, 37.116487 ], [ -6.424628, 37.116099 ], [ -6.424187, 37.115898 ], [ -6.423669, 37.115885 ], [ -6.423299, 37.115903 ], [ -6.423041, 37.116384 ], [ -6.422818, 37.116425 ], [ -6.422622, 37.116202 ], [ -6.423019, 37.115796 ], [ -6.423121, 37.115426 ], [ -6.422804, 37.115287 ], [ -6.422564, 37.115194 ], [ -6.422332, 37.114931 ], [ -6.421957, 37.11514 ], [ -6.421725, 37.115742 ], [ -6.421828, 37.116425 ], [ -6.421783, 37.116897 ], [ -6.421614, 37.117125 ], [ -6.421324, 37.117093 ], [ -6.421253, 37.116799 ], [ -6.421128, 37.116706 ], [ -6.420682, 37.116937 ], [ -6.420196, 37.117058 ], [ -6.419875, 37.117049 ], [ -6.419719, 37.116928 ], [ -6.420044, 37.116835 ], [ -6.420321, 37.116777 ], [ -6.420343, 37.116585 ], [ -6.419817, 37.116442 ], [ -6.419255, 37.116367 ], [ -6.418814, 37.116514 ], [ -6.418724, 37.11683 ], [ -6.418381, 37.117379 ], [ -6.418399, 37.117762 ], [ -6.418756, 37.117771 ], [ -6.41909, 37.117432 ], [ -6.41938, 37.117334 ], [ -6.419647, 37.117535 ], [ -6.419656, 37.117789 ], [ -6.419277, 37.118065 ], [ -6.419349, 37.118235 ], [ -6.419621, 37.118302 ], [ -6.419906, 37.118503 ], [ -6.419683, 37.118792 ], [ -6.419322, 37.119029 ], [ -6.419233, 37.119323 ], [ -6.419032, 37.119475 ], [ -6.418876, 37.119314 ], [ -6.41884, 37.118966 ], [ -6.418965, 37.11865 ], [ -6.418577, 37.118627 ], [ -6.41835, 37.118248 ], [ -6.417971, 37.118311 ], [ -6.417556, 37.118502 ], [ -6.417275, 37.11836 ], [ -6.417489, 37.118119 ], [ -6.417342, 37.117936 ], [ -6.417373, 37.117588 ], [ -6.417672, 37.117267 ], [ -6.417935, 37.117071 ], [ -6.4181, 37.116692 ], [ -6.418368, 37.116349 ], [ -6.418256, 37.115979 ], [ -6.417775, 37.115791 ], [ -6.417195, 37.115756 ], [ -6.416776, 37.115988 ], [ -6.416437, 37.116161 ], [ -6.415888, 37.116411 ], [ -6.407559, 37.083351 ], [ -6.405864, 37.081554 ], [ -6.386017, 37.076083 ], [ -6.385986, 37.076088 ], [ -6.383948, 37.069283 ], [ -6.37659, 37.069925 ], [ -6.375623, 37.066813 ], [ -6.373982, 37.065667 ], [ -6.374066, 37.063205 ], [ -6.372742, 37.061359 ], [ -6.372662, 37.059424 ], [ -6.372653, 37.057609 ], [ -6.371828, 37.056129 ], [ -6.370053, 37.052396 ], [ -6.368707, 37.049088 ], [ -6.365902, 37.043576 ], [ -6.364145, 37.041485 ], [ -6.364484, 37.040147 ], [ -6.362071, 37.038042 ], [ -6.360221, 37.032495 ], [ -6.358571, 37.02941 ], [ -6.357447, 37.028157 ], [ -6.356502, 37.025847 ], [ -6.355748, 37.022315 ], [ -6.355307, 37.020255 ], [ -6.353367, 37.017285 ], [ -6.353782, 37.015827 ], [ -6.35326, 37.013999 ], [ -6.351508, 37.005643 ], [ -6.352841, 37.005027 ], [ -6.354607, 37.006766 ], [ -6.355169, 37.00748 ], [ -6.356564, 37.007163 ], [ -6.355575, 37.004211 ], [ -6.355182, 37.002798 ], [ -6.350545, 36.993318 ], [ -6.350892, 36.987583 ], [ -6.351481, 36.983262 ], [ -6.354986, 36.979004 ], [ -6.356542, 36.976226 ], [ -6.357693, 36.972503 ], [ -6.358584, 36.967838 ], [ -6.357554, 36.96383 ], [ -6.356355, 36.960521 ], [ -6.357889, 36.954229 ], [ -6.36122, 36.946568 ], [ -6.364319, 36.941365 ], [ -6.369153, 36.936553 ], [ -6.375748, 36.930596 ], [ -6.375912, 36.930962 ], [ -6.380956, 36.932946 ], [ -6.382842, 36.937441 ], [ -6.39259, 36.947028 ], [ -6.395987, 36.950149 ], [ -6.398007, 36.955117 ], [ -6.402168, 36.961533 ], [ -6.407189, 36.966331 ], [ -6.411113, 36.969114 ], [ -6.413396, 36.972734 ], [ -6.416281, 36.978188 ], [ -6.418479, 36.980052 ], [ -6.422581, 36.981898 ], [ -6.426233, 36.983971 ], [ -6.429043, 36.985202 ], [ -6.431277, 36.986014 ], [ -6.430322, 36.984061 ], [ -6.431834, 36.982567 ], [ -6.432913, 36.980895 ], [ -6.430916, 36.979503 ], [ -6.428035, 36.978268 ], [ -6.425212, 36.977443 ], [ -6.424842, 36.975446 ], [ -6.4256, 36.975044 ], [ -6.426541, 36.975437 ], [ -6.427544, 36.975851 ], [ -6.427741, 36.976761 ], [ -6.4296, 36.977029 ], [ -6.430554, 36.977122 ], [ -6.43183, 36.97776 ], [ -6.432048, 36.97809 ], [ -6.432552, 36.978353 ], [ -6.433774, 36.978732 ], [ -6.434884, 36.978759 ], [ -6.435482, 36.978933 ], [ -6.436195, 36.979138 ], [ -6.437609, 36.979169 ], [ -6.438023, 36.979405 ], [ -6.438202, 36.979642 ], [ -6.438197, 36.979651 ], [ -6.438367, 36.980132 ], [ -6.438344, 36.980467 ], [ -6.438322, 36.980484 ], [ -6.438202, 36.980792 ], [ -6.438255, 36.981399 ], [ -6.438166, 36.981947 ], [ -6.437921, 36.981938 ], [ -6.43793, 36.981943 ], [ -6.438246, 36.982286 ], [ -6.438411, 36.982388 ], [ -6.438639, 36.982504 ], [ -6.438893, 36.982522 ], [ -6.439294, 36.982683 ], [ -6.439299, 36.982906 ], [ -6.439227, 36.983004 ], [ -6.439218, 36.983155 ], [ -6.439281, 36.983503 ], [ -6.439923, 36.98398 ], [ -6.439923, 36.983985 ], [ -6.439981, 36.984556 ], [ -6.440262, 36.984957 ], [ -6.440748, 36.985207 ], [ -6.441038, 36.985434 ], [ -6.441105, 36.985684 ], [ -6.44081, 36.986174 ], [ -6.44081, 36.986504 ], [ -6.441194, 36.986691 ], [ -6.441916, 36.986892 ], [ -6.44205, 36.987093 ], [ -6.441791, 36.987347 ], [ -6.441814, 36.987632 ], [ -6.442277, 36.987646 ], [ -6.442795, 36.988002 ], [ -6.442919, 36.988203 ], [ -6.442679, 36.988212 ], [ -6.442661, 36.988707 ], [ -6.443018, 36.988752 ], [ -6.44329, 36.988894 ], [ -6.443762, 36.989153 ], [ -6.443691, 36.989412 ], [ -6.443223, 36.989452 ], [ -6.44304, 36.98988 ], [ -6.442763, 36.990286 ], [ -6.443107, 36.990602 ], [ -6.443432, 36.990669 ], [ -6.443709, 36.9907 ], [ -6.443798, 36.991275 ], [ -6.443874, 36.991289 ], [ -6.4439, 36.991463 ], [ -6.443597, 36.991641 ], [ -6.443593, 36.991766 ], [ -6.443615, 36.9921 ], [ -6.443731, 36.992301 ], [ -6.44411, 36.992519 ], [ -6.444297, 36.992551 ], [ -6.444351, 36.992488 ], [ -6.444378, 36.992466 ], [ -6.444641, 36.992457 ], [ -6.444641, 36.992421 ], [ -6.444832, 36.99235 ], [ -6.444779, 36.992114 ], [ -6.444703, 36.991949 ], [ -6.444685, 36.991641 ], [ -6.444748, 36.991592 ], [ -6.444757, 36.991418 ], [ -6.444525, 36.991365 ], [ -6.44452, 36.99099 ], [ -6.444988, 36.99099 ], [ -6.445318, 36.990607 ], [ -6.445421, 36.990807 ], [ -6.445867, 36.990852 ], [ -6.445822, 36.991275 ], [ -6.446161, 36.991405 ], [ -6.44613, 36.991824 ], [ -6.445925, 36.991909 ], [ -6.445662, 36.991855 ], [ -6.445345, 36.992105 ], [ -6.445314, 36.992542 ], [ -6.445283, 36.993023 ], [ -6.444792, 36.993634 ], [ -6.444904, 36.993831 ], [ -6.445024, 36.993978 ], [ -6.445015, 36.994227 ], [ -6.445216, 36.994352 ], [ -6.445448, 36.994415 ], [ -6.445434, 36.994843 ], [ -6.445746, 36.994936 ], [ -6.4458, 36.994981 ], [ -6.445961, 36.995106 ], [ -6.446103, 36.995351 ], [ -6.446068, 36.995953 ], [ -6.445715, 36.996163 ], [ -6.445425, 36.996114 ], [ -6.445296, 36.996087 ], [ -6.445283, 36.995966 ], [ -6.444997, 36.995949 ], [ -6.444623, 36.996109 ], [ -6.444168, 36.996051 ], [ -6.443883, 36.996069 ], [ -6.443856, 36.996354 ], [ -6.443976, 36.996497 ], [ -6.443967, 36.996707 ], [ -6.443785, 36.996912 ], [ -6.443753, 36.996907 ], [ -6.443223, 36.996854 ], [ -6.443214, 36.997148 ], [ -6.443205, 36.997358 ], [ -6.443602, 36.997795 ], [ -6.443615, 36.997808 ], [ -6.44399, 36.998134 ], [ -6.444431, 36.998406 ], [ -6.444422, 36.998669 ], [ -6.444427, 36.998798 ], [ -6.444721, 36.998945 ], [ -6.444716, 36.99911 ], [ -6.444471, 36.999431 ], [ -6.444632, 36.999636 ], [ -6.444917, 36.999641 ], [ -6.445283, 36.999387 ], [ -6.445582, 36.999445 ], [ -6.445791, 36.999427 ], [ -6.446268, 36.999079 ], [ -6.446505, 36.999061 ], [ -6.446901, 36.999364 ], [ -6.446839, 36.999694 ], [ -6.446411, 36.999663 ], [ -6.446192, 36.999667 ], [ -6.445733, 36.999931 ], [ -6.445394, 37.000154 ], [ -6.445207, 37.001184 ], [ -6.445203, 37.001184 ], [ -6.445198, 37.001246 ], [ -6.445372, 37.001451 ], [ -6.445626, 37.001473 ], [ -6.445827, 37.001389 ], [ -6.44629, 37.001126 ], [ -6.446509, 37.001041 ], [ -6.446839, 37.000992 ], [ -6.446852, 37.001121 ], [ -6.446643, 37.001349 ], [ -6.446166, 37.001572 ], [ -6.446139, 37.001772 ], [ -6.446188, 37.001906 ], [ -6.446188, 37.002454 ], [ -6.445983, 37.002682 ], [ -6.445934, 37.002972 ], [ -6.445996, 37.003261 ], [ -6.445778, 37.0034 ], [ -6.445804, 37.003591 ], [ -6.445818, 37.003645 ], [ -6.446126, 37.003886 ], [ -6.446184, 37.004158 ], [ -6.446005, 37.004452 ], [ -6.445729, 37.004537 ], [ -6.445287, 37.004943 ], [ -6.444605, 37.004938 ], [ -6.444716, 37.005366 ], [ -6.444676, 37.005527 ], [ -6.444511, 37.005723 ], [ -6.444039, 37.005705 ], [ -6.443472, 37.005656 ], [ -6.443165, 37.005674 ], [ -6.442866, 37.005554 ], [ -6.442772, 37.005647 ], [ -6.442839, 37.006013 ], [ -6.443018, 37.006017 ], [ -6.443026, 37.006396 ], [ -6.443209, 37.006664 ], [ -6.4432, 37.007034 ], [ -6.443053, 37.007114 ], [ -6.443013, 37.007136 ], [ -6.442705, 37.007221 ], [ -6.442371, 37.007542 ], [ -6.442237, 37.007672 ], [ -6.442313, 37.008037 ], [ -6.442549, 37.008336 ], [ -6.442496, 37.008554 ], [ -6.4425, 37.008563 ], [ -6.442656, 37.008933 ], [ -6.442643, 37.009085 ], [ -6.442433, 37.009442 ], [ -6.442407, 37.00962 ], [ -6.442661, 37.009906 ], [ -6.443267, 37.009932 ], [ -6.443298, 37.010079 ], [ -6.443249, 37.010191 ], [ -6.443245, 37.010401 ], [ -6.443392, 37.010401 ], [ -6.443348, 37.010619 ], [ -6.443214, 37.010815 ], [ -6.443392, 37.011252 ], [ -6.44345, 37.011497 ], [ -6.443392, 37.011605 ], [ -6.443227, 37.011765 ], [ -6.443245, 37.011885 ], [ -6.44353, 37.012126 ], [ -6.443735, 37.012131 ], [ -6.444057, 37.011703 ], [ -6.444346, 37.011435 ], [ -6.444596, 37.011435 ], [ -6.444908, 37.011569 ], [ -6.445225, 37.011899 ], [ -6.44559, 37.011908 ], [ -6.445702, 37.012189 ], [ -6.445684, 37.012434 ], [ -6.445475, 37.012585 ], [ -6.445314, 37.01267 ], [ -6.444873, 37.012697 ], [ -6.444315, 37.012737 ], [ -6.444043, 37.012996 ], [ -6.443789, 37.013196 ], [ -6.443053, 37.013254 ], [ -6.442866, 37.013339 ], [ -6.442723, 37.013593 ], [ -6.442875, 37.013821 ], [ -6.443343, 37.01395 ], [ -6.443472, 37.014142 ], [ -6.443365, 37.014338 ], [ -6.442982, 37.014654 ], [ -6.443018, 37.014873 ], [ -6.443245, 37.014877 ], [ -6.443365, 37.014672 ], [ -6.443646, 37.014677 ], [ -6.443713, 37.014753 ], [ -6.443628, 37.014904 ], [ -6.443637, 37.015011 ], [ -6.443949, 37.015136 ], [ -6.443941, 37.01539 ], [ -6.444543, 37.015658 ], [ -6.444618, 37.015738 ], [ -6.4446, 37.015939 ], [ -6.444253, 37.01622 ], [ -6.444052, 37.016407 ], [ -6.443521, 37.016411 ], [ -6.443312, 37.016536 ], [ -6.443165, 37.016505 ], [ -6.442701, 37.016144 ], [ -6.442407, 37.015916 ], [ -6.442166, 37.015894 ], [ -6.441809, 37.01576 ], [ -6.441586, 37.015756 ], [ -6.441435, 37.015836 ], [ -6.441484, 37.016015 ], [ -6.441742, 37.016041 ], [ -6.441782, 37.016295 ], [ -6.441881, 37.016394 ], [ -6.442072, 37.016398 ], [ -6.442246, 37.016278 ], [ -6.442416, 37.016309 ], [ -6.442777, 37.016603 ], [ -6.442777, 37.016929 ], [ -6.443058, 37.017343 ], [ -6.44308, 37.017722 ], [ -6.443414, 37.018137 ], [ -6.443401, 37.018489 ], [ -6.443218, 37.018561 ], [ -6.442986, 37.018391 ], [ -6.442853, 37.018369 ], [ -6.44267, 37.018449 ], [ -6.44242, 37.018436 ], [ -6.442242, 37.018302 ], [ -6.442063, 37.018298 ], [ -6.441921, 37.018414 ], [ -6.441961, 37.018614 ], [ -6.442407, 37.018797 ], [ -6.442902, 37.018922 ], [ -6.443218, 37.018931 ], [ -6.443334, 37.018851 ], [ -6.443504, 37.018855 ], [ -6.443709, 37.019087 ], [ -6.4437, 37.019457 ], [ -6.443517, 37.019716 ], [ -6.443245, 37.019729 ], [ -6.443098, 37.019823 ], [ -6.44296, 37.019823 ], [ -6.442844, 37.019653 ], [ -6.442812, 37.019519 ], [ -6.442647, 37.019435 ], [ -6.442567, 37.019448 ], [ -6.442509, 37.019774 ], [ -6.442514, 37.019787 ], [ -6.442447, 37.019836 ], [ -6.442353, 37.01997 ], [ -6.442228, 37.01997 ], [ -6.442121, 37.019881 ], [ -6.441979, 37.019604 ], [ -6.441765, 37.019466 ], [ -6.441577, 37.019524 ], [ -6.441528, 37.019658 ], [ -6.441595, 37.019992 ], [ -6.441626, 37.020398 ], [ -6.441622, 37.020523 ], [ -6.441372, 37.02059 ], [ -6.440868, 37.020567 ], [ -6.440864, 37.020567 ], [ -6.440534, 37.020291 ], [ -6.440231, 37.020135 ], [ -6.439807, 37.019827 ], [ -6.439522, 37.019662 ], [ -6.438349, 37.019649 ], [ -6.438215, 37.019916 ], [ -6.438184, 37.020349 ], [ -6.438527, 37.020799 ], [ -6.43875, 37.021013 ], [ -6.439218, 37.02125 ], [ -6.439227, 37.021468 ], [ -6.438924, 37.021896 ], [ -6.438514, 37.022293 ], [ -6.438443, 37.022364 ], [ -6.438318, 37.022712 ], [ -6.438376, 37.023176 ], [ -6.438808, 37.023497 ], [ -6.439468, 37.023956 ], [ -6.439713, 37.023979 ], [ -6.43974, 37.023978 ], [ -6.440239, 37.024068 ], [ -6.440614, 37.024398 ], [ -6.441296, 37.024737 ], [ -6.441417, 37.025187 ], [ -6.441711, 37.025548 ], [ -6.442251, 37.025606 ], [ -6.442295, 37.025793 ], [ -6.442237, 37.025865 ], [ -6.442081, 37.026016 ], [ -6.441724, 37.026297 ], [ -6.441243, 37.026703 ], [ -6.440904, 37.026886 ], [ -6.440369, 37.02714 ], [ -6.439878, 37.027358 ], [ -6.439597, 37.027443 ], [ -6.439486, 37.027479 ], [ -6.43896, 37.027568 ], [ -6.438786, 37.027738 ], [ -6.43871, 37.02788 ], [ -6.438746, 37.02796 ], [ -6.438777, 37.028027 ], [ -6.439254, 37.028157 ], [ -6.439669, 37.028188 ], [ -6.439829, 37.028143 ], [ -6.440017, 37.028085 ], [ -6.440641, 37.028076 ], [ -6.441024, 37.028175 ], [ -6.441399, 37.028148 ], [ -6.441872, 37.028027 ], [ -6.442335, 37.02784 ], [ -6.442754, 37.02776 ], [ -6.443026, 37.027845 ], [ -6.443044, 37.028143 ], [ -6.44287, 37.02829 ], [ -6.442607, 37.028397 ], [ -6.442188, 37.0285 ], [ -6.441822, 37.02871 ], [ -6.441577, 37.028915 ], [ -6.441546, 37.029048 ], [ -6.441666, 37.029196 ], [ -6.441787, 37.029276 ], [ -6.442754, 37.029294 ], [ -6.443125, 37.029436 ], [ -6.443232, 37.029503 ], [ -6.443227, 37.029615 ], [ -6.443089, 37.029655 ], [ -6.442353, 37.029673 ], [ -6.442005, 37.029731 ], [ -6.441671, 37.029842 ], [ -6.441341, 37.029833 ], [ -6.440957, 37.029637 ], [ -6.440699, 37.029566 ], [ -6.440449, 37.029606 ], [ -6.440262, 37.029842 ], [ -6.440311, 37.030012 ], [ -6.440333, 37.030154 ], [ -6.439878, 37.03019 ], [ -6.439588, 37.030092 ], [ -6.439245, 37.030074 ], [ -6.439044, 37.030159 ], [ -6.438866, 37.03023 ], [ -6.438692, 37.030484 ], [ -6.438451, 37.030645 ], [ -6.438425, 37.03093 ], [ -6.438237, 37.031247 ], [ -6.437988, 37.031416 ], [ -6.437965, 37.03143 ], [ -6.438001, 37.031595 ], [ -6.438206, 37.031697 ], [ -6.438451, 37.031813 ], [ -6.438434, 37.031951 ], [ -6.438273, 37.032148 ], [ -6.438228, 37.032214 ], [ -6.438335, 37.032402 ], [ -6.438639, 37.0325 ], [ -6.438879, 37.03258 ], [ -6.439272, 37.0325 ], [ -6.439825, 37.032455 ], [ -6.440222, 37.032567 ], [ -6.440797, 37.032709 ], [ -6.441279, 37.032807 ], [ -6.441791, 37.03283 ], [ -6.442019, 37.033057 ], [ -6.44197, 37.033187 ], [ -6.441715, 37.033302 ], [ -6.441024, 37.033365 ], [ -6.440681, 37.033637 ], [ -6.440538, 37.033842 ], [ -6.440712, 37.034034 ], [ -6.440703, 37.034266 ], [ -6.440632, 37.034359 ], [ -6.439976, 37.034497 ], [ -6.439303, 37.034426 ], [ -6.439013, 37.03439 ], [ -6.438469, 37.034613 ], [ -6.438451, 37.034618 ], [ -6.438251, 37.034747 ], [ -6.438126, 37.035166 ], [ -6.438041, 37.035251 ], [ -6.438041, 37.035282 ], [ -6.438046, 37.035528 ], [ -6.438202, 37.03584 ], [ -6.438371, 37.035951 ], [ -6.438973, 37.03633 ], [ -6.439611, 37.036709 ], [ -6.440217, 37.036714 ], [ -6.440587, 37.03683 ], [ -6.441296, 37.037097 ], [ -6.441885, 37.03724 ], [ -6.442879, 37.037307 ], [ -6.443397, 37.037485 ], [ -6.443749, 37.037699 ], [ -6.443785, 37.037891 ], [ -6.443526, 37.038225 ], [ -6.442951, 37.03839 ], [ -6.441836, 37.038743 ], [ -6.441149, 37.039001 ], [ -6.440596, 37.039331 ], [ -6.440159, 37.03959 ], [ -6.440186, 37.040031 ], [ -6.440525, 37.04025 ], [ -6.440815, 37.040276 ], [ -6.441461, 37.040268 ], [ -6.442665, 37.040263 ], [ -6.443191, 37.040308 ], [ -6.44349, 37.040468 ], [ -6.443704, 37.040682 ], [ -6.443682, 37.041289 ], [ -6.443365, 37.041663 ], [ -6.443339, 37.041668 ], [ -6.443285, 37.041708 ], [ -6.442911, 37.041917 ], [ -6.442589, 37.042007 ], [ -6.44135, 37.042417 ], [ -6.440427, 37.042733 ], [ -6.439655, 37.043175 ], [ -6.439423, 37.043309 ], [ -6.439152, 37.04375 ], [ -6.438902, 37.044348 ], [ -6.438866, 37.044736 ], [ -6.438857, 37.044794 ], [ -6.439085, 37.044874 ], [ -6.439843, 37.045253 ], [ -6.44019, 37.045297 ], [ -6.440605, 37.045061 ], [ -6.440962, 37.044883 ], [ -6.441114, 37.044807 ], [ -6.441528, 37.044722 ], [ -6.441617, 37.044771 ], [ -6.441537, 37.044905 ], [ -6.441394, 37.045204 ], [ -6.441368, 37.045369 ], [ -6.441591, 37.045467 ], [ -6.441805, 37.045351 ], [ -6.442201, 37.045297 ], [ -6.443031, 37.045436 ], [ -6.443535, 37.045627 ], [ -6.443811, 37.045846 ], [ -6.443673, 37.046087 ], [ -6.442942, 37.046372 ], [ -6.442897, 37.046377 ], [ -6.442647, 37.046764 ], [ -6.442549, 37.047117 ], [ -6.442045, 37.047509 ], [ -6.442041, 37.048053 ], [ -6.441974, 37.048022 ], [ -6.441497, 37.048009 ], [ -6.441341, 37.048236 ], [ -6.44135, 37.048472 ], [ -6.441461, 37.048628 ], [ -6.441689, 37.048624 ], [ -6.441858, 37.048441 ], [ -6.442095, 37.04845 ], [ -6.44209, 37.048557 ], [ -6.442255, 37.04857 ], [ -6.442532, 37.048383 ], [ -6.44267, 37.048388 ], [ -6.442652, 37.04853 ], [ -6.442309, 37.048807 ], [ -6.441863, 37.048807 ], [ -6.441595, 37.048923 ], [ -6.441377, 37.048994 ], [ -6.441118, 37.049213 ], [ -6.440761, 37.049226 ], [ -6.440569, 37.049333 ], [ -6.440315, 37.049707 ], [ -6.440092, 37.049864 ], [ -6.439874, 37.050029 ], [ -6.439865, 37.050185 ], [ -6.439865, 37.050269 ], [ -6.440208, 37.050283 ], [ -6.440471, 37.050064 ], [ -6.440752, 37.049765 ], [ -6.44098, 37.049681 ], [ -6.441274, 37.049574 ], [ -6.441341, 37.049511 ], [ -6.441506, 37.049369 ], [ -6.441907, 37.049159 ], [ -6.442059, 37.049065 ], [ -6.442389, 37.049092 ], [ -6.442496, 37.049337 ], [ -6.442612, 37.049364 ], [ -6.442719, 37.049511 ], [ -6.442835, 37.04948 ], [ -6.442982, 37.049369 ], [ -6.443178, 37.049342 ], [ -6.4432, 37.049449 ], [ -6.44312, 37.04969 ], [ -6.442545, 37.050087 ], [ -6.441943, 37.050524 ], [ -6.441711, 37.051001 ], [ -6.441385, 37.051246 ], [ -6.441243, 37.051331 ], [ -6.440636, 37.051701 ], [ -6.440632, 37.051848 ], [ -6.440627, 37.052031 ], [ -6.441189, 37.052419 ], [ -6.441243, 37.052459 ], [ -6.441203, 37.052856 ], [ -6.441149, 37.053154 ], [ -6.441225, 37.053475 ], [ -6.441542, 37.053761 ], [ -6.442135, 37.05406 ], [ -6.442456, 37.05434 ], [ -6.442438, 37.05488 ], [ -6.442701, 37.055125 ], [ -6.443116, 37.055228 ], [ -6.44341, 37.055473 ], [ -6.443544, 37.055482 ], [ -6.443481, 37.055544 ], [ -6.443477, 37.055678 ], [ -6.443682, 37.055977 ], [ -6.44423, 37.05599 ], [ -6.444476, 37.055799 ], [ -6.445015, 37.055825 ], [ -6.445037, 37.055919 ], [ -6.445381, 37.056164 ], [ -6.445809, 37.056329 ], [ -6.446219, 37.056418 ], [ -6.446531, 37.056632 ], [ -6.446986, 37.056851 ], [ -6.447347, 37.05694 ], [ -6.448012, 37.05702 ], [ -6.448609, 37.057087 ], [ -6.448654, 37.05719 ], [ -6.448703, 37.057449 ], [ -6.448511, 37.057627 ], [ -6.448128, 37.05777 ], [ -6.447722, 37.057859 ], [ -6.447459, 37.058113 ], [ -6.44728, 37.058327 ], [ -6.44691, 37.058349 ], [ -6.446723, 37.058456 ], [ -6.446482, 37.058759 ], [ -6.446478, 37.058866 ], [ -6.446076, 37.058875 ], [ -6.445595, 37.058916 ], [ -6.445029, 37.058706 ], [ -6.444337, 37.058617 ], [ -6.443789, 37.058755 ], [ -6.443374, 37.059165 ], [ -6.442634, 37.059482 ], [ -6.442576, 37.059852 ], [ -6.442554, 37.060004 ], [ -6.442567, 37.060075 ], [ -6.442563, 37.060075 ], [ -6.442447, 37.060512 ], [ -6.44234, 37.060882 ], [ -6.442188, 37.061087 ], [ -6.442201, 37.061248 ], [ -6.442072, 37.061462 ], [ -6.442086, 37.061805 ], [ -6.442848, 37.062376 ], [ -6.443276, 37.062773 ], [ -6.443673, 37.062782 ], [ -6.4437, 37.062496 ], [ -6.444114, 37.062318 ], [ -6.444436, 37.062336 ], [ -6.444703, 37.062715 ], [ -6.44489, 37.062719 ], [ -6.444676, 37.062991 ], [ -6.444324, 37.063473 ], [ -6.444217, 37.063647 ], [ -6.444177, 37.06403 ], [ -6.444208, 37.064084 ], [ -6.444204, 37.064088 ], [ -6.444195, 37.064249 ], [ -6.444471, 37.064623 ], [ -6.444748, 37.06494 ], [ -6.445069, 37.065167 ], [ -6.445519, 37.065194 ], [ -6.44555, 37.065154 ], [ -6.445952, 37.065288 ], [ -6.446228, 37.065412 ], [ -6.446861, 37.065354 ], [ -6.447093, 37.065399 ], [ -6.447147, 37.065404 ], [ -6.447142, 37.065408 ], [ -6.447338, 37.065448 ], [ -6.44786, 37.065609 ], [ -6.448391, 37.065872 ], [ -6.448846, 37.065898 ], [ -6.449189, 37.065716 ], [ -6.449336, 37.065791 ], [ -6.44976, 37.065542 ], [ -6.450009, 37.065528 ], [ -6.450295, 37.065845 ], [ -6.450277, 37.066001 ], [ -6.450286, 37.06601 ], [ -6.450081, 37.066157 ], [ -6.450032, 37.066621 ], [ -6.449902, 37.066906 ], [ -6.449666, 37.067143 ], [ -6.449309, 37.067134 ], [ -6.449104, 37.067495 ], [ -6.448957, 37.067727 ], [ -6.448953, 37.067722 ], [ -6.448306, 37.067606 ], [ -6.448012, 37.067597 ], [ -6.447686, 37.067932 ], [ -6.447744, 37.068025 ], [ -6.447615, 37.068026 ], [ -6.44749, 37.068159 ], [ -6.447437, 37.068511 ], [ -6.447543, 37.06881 ], [ -6.447882, 37.069042 ], [ -6.448119, 37.069381 ], [ -6.448422, 37.070001 ], [ -6.449193, 37.070554 ], [ -6.449528, 37.070879 ], [ -6.449898, 37.071383 ], [ -6.450237, 37.071615 ], [ -6.450442, 37.071642 ], [ -6.45062, 37.071517 ], [ -6.450727, 37.071218 ], [ -6.450812, 37.071147 ], [ -6.451039, 37.071133 ], [ -6.451187, 37.071267 ], [ -6.451699, 37.071348 ], [ -6.451686, 37.070879 ], [ -6.451869, 37.070875 ], [ -6.452163, 37.07108 ], [ -6.452533, 37.071276 ], [ -6.452747, 37.071455 ], [ -6.45301, 37.07145 ], [ -6.453438, 37.07116 ], [ -6.453978, 37.071151 ], [ -6.454567, 37.070964 ], [ -6.454928, 37.070897 ], [ -6.455133, 37.071009 ], [ -6.455155, 37.071165 ], [ -6.454941, 37.071339 ], [ -6.454558, 37.071584 ], [ -6.454299, 37.071887 ], [ -6.454098, 37.072092 ], [ -6.453924, 37.072288 ], [ -6.453532, 37.072337 ], [ -6.45318, 37.072618 ], [ -6.452752, 37.072939 ], [ -6.452698, 37.073247 ], [ -6.45252, 37.073301 ], [ -6.451909, 37.073617 ], [ -6.451517, 37.073854 ], [ -6.451472, 37.074295 ], [ -6.451793, 37.074665 ], [ -6.451784, 37.075307 ], [ -6.451668, 37.075459 ], [ -6.451526, 37.075601 ], [ -6.451418, 37.075829 ], [ -6.451481, 37.07611 ], [ -6.451329, 37.076404 ], [ -6.450817, 37.076823 ], [ -6.450714, 37.077452 ], [ -6.450745, 37.077465 ], [ -6.450669, 37.077688 ], [ -6.450375, 37.078286 ], [ -6.450237, 37.078892 ], [ -6.450157, 37.079227 ], [ -6.450415, 37.079976 ], [ -6.450759, 37.081215 ], [ -6.451057, 37.082192 ], [ -6.451583, 37.083913 ], [ -6.451869, 37.085095 ], [ -6.452266, 37.086428 ], [ -6.452587, 37.087463 ], [ -6.453006, 37.088644 ], [ -6.453189, 37.089059 ], [ -6.453693, 37.089425 ], [ -6.453853, 37.089679 ], [ -6.453804, 37.089906 ], [ -6.453653, 37.09012 ], [ -6.453773, 37.090352 ], [ -6.454214, 37.090383 ], [ -6.454531, 37.090401 ], [ -6.454647, 37.090758 ], [ -6.454549, 37.091039 ], [ -6.454139, 37.091409 ], [ -6.453956, 37.091779 ], [ -6.453947, 37.092042 ], [ -6.454009, 37.092283 ], [ -6.453929, 37.092475 ], [ -6.453866, 37.092716 ], [ -6.453898, 37.092956 ], [ -6.454442, 37.093375 ], [ -6.455561, 37.09445 ], [ -6.45594, 37.094722 ], [ -6.455976, 37.094927 ], [ -6.456346, 37.095311 ], [ -6.456694, 37.095569 ], [ -6.457206, 37.095708 ], [ -6.457933, 37.095779 ], [ -6.458192, 37.095694 ], [ -6.458562, 37.095792 ], [ -6.45924, 37.096024 ], [ -6.459597, 37.09602 ], [ -6.460029, 37.095846 ], [ -6.46023, 37.095828 ], [ -6.460635, 37.096167 ], [ -6.460635, 37.096568 ], [ -6.46101, 37.096827 ], [ -6.461558, 37.097126 ], [ -6.462655, 37.097192 ], [ -6.46328, 37.09738 ], [ -6.463833, 37.097924 ], [ -6.464443, 37.098419 ], [ -6.464626, 37.098624 ], [ -6.464207, 37.098722 ], [ -6.463864, 37.099154 ], [ -6.463543, 37.099097 ], [ -6.463306, 37.099101 ], [ -6.462905, 37.099462 ], [ -6.46258, 37.099516 ], [ -6.462129, 37.099467 ], [ -6.461888, 37.09927 ], [ -6.461732, 37.099235 ], [ -6.461741, 37.099261 ], [ -6.461728, 37.099565 ], [ -6.461344, 37.099725 ], [ -6.460939, 37.099832 ], [ -6.461108, 37.100394 ], [ -6.460805, 37.100724 ], [ -6.461108, 37.10105 ], [ -6.462031, 37.10117 ], [ -6.461764, 37.101585 ], [ -6.46192, 37.101959 ], [ -6.462437, 37.101683 ], [ -6.462272, 37.102213 ], [ -6.462334, 37.102222 ], [ -6.462611, 37.102254 ], [ -6.462633, 37.102254 ], [ -6.4627, 37.102539 ], [ -6.462878, 37.102793 ], [ -6.463106, 37.10298 ], [ -6.463828, 37.102958 ], [ -6.464109, 37.103186 ], [ -6.464278, 37.10319 ], [ -6.464644, 37.102869 ], [ -6.464934, 37.102824 ], [ -6.46513, 37.10278 ], [ -6.465148, 37.102775 ], [ -6.465821, 37.103221 ], [ -6.466299, 37.103565 ], [ -6.466392, 37.104001 ], [ -6.466535, 37.104447 ], [ -6.466892, 37.104635 ], [ -6.467123, 37.104719 ], [ -6.467115, 37.105018 ], [ -6.467155, 37.105134 ], [ -6.467222, 37.105156 ], [ -6.467404, 37.105219 ], [ -6.468216, 37.105241 ], [ -6.468452, 37.105143 ], [ -6.468715, 37.104831 ], [ -6.468756, 37.104786 ], [ -6.468912, 37.104786 ], [ -6.468929, 37.104791 ], [ -6.469126, 37.104987 ], [ -6.469161, 37.105513 ], [ -6.468974, 37.105807 ], [ -6.468934, 37.106066 ], [ -6.468952, 37.106396 ], [ -6.469099, 37.106655 ], [ -6.469255, 37.106668 ], [ -6.469411, 37.107025 ], [ -6.469741, 37.107127 ], [ -6.470249, 37.107185 ], [ -6.470526, 37.107243 ], [ -6.471079, 37.107221 ], [ -6.471502, 37.106953 ], [ -6.471721, 37.106967 ], [ -6.471748, 37.107225 ], [ -6.471444, 37.107547 ], [ -6.471435, 37.107868 ], [ -6.47181, 37.107925 ], [ -6.471962, 37.108082 ], [ -6.472024, 37.108104 ], [ -6.472011, 37.10855 ], [ -6.471703, 37.108599 ], [ -6.471458, 37.108447 ], [ -6.471208, 37.108358 ], [ -6.470874, 37.10838 ], [ -6.470432, 37.108559 ], [ -6.47012, 37.108857 ], [ -6.470026, 37.10888 ], [ -6.470276, 37.109254 ], [ -6.47037, 37.109669 ], [ -6.470704, 37.109923 ], [ -6.469942, 37.110922 ], [ -6.470129, 37.11127 ], [ -6.470646, 37.111618 ], [ -6.470495, 37.111983 ], [ -6.471092, 37.112246 ], [ -6.471596, 37.112081 ], [ -6.471672, 37.11201 ], [ -6.472051, 37.111685 ], [ -6.47222, 37.111662 ], [ -6.472532, 37.111426 ], [ -6.472983, 37.111413 ], [ -6.473219, 37.111457 ], [ -6.473264, 37.111564 ], [ -6.473268, 37.111564 ], [ -6.473281, 37.11164 ], [ -6.473634, 37.112117 ], [ -6.473919, 37.112465 ], [ -6.474254, 37.112474 ], [ -6.474405, 37.112599 ], [ -6.474401, 37.112732 ], [ -6.474254, 37.112786 ], [ -6.474249, 37.112969 ], [ -6.474472, 37.113352 ], [ -6.475034, 37.114088 ], [ -6.47577, 37.114092 ], [ -6.475774, 37.114057 ], [ -6.476131, 37.114168 ], [ -6.476305, 37.114311 ], [ -6.4763, 37.114485 ], [ -6.475917, 37.114792 ], [ -6.475859, 37.115015 ], [ -6.476028, 37.115377 ], [ -6.476282, 37.115796 ], [ -6.476519, 37.115934 ], [ -6.476809, 37.115921 ], [ -6.477032, 37.115733 ], [ -6.477268, 37.115604 ], [ -6.477531, 37.115609 ], [ -6.477781, 37.115867 ], [ -6.47779, 37.115876 ], [ -6.477513, 37.116197 ], [ -6.477406, 37.116429 ], [ -6.477067, 37.116835 ], [ -6.477121, 37.117089 ], [ -6.477308, 37.117147 ], [ -6.47766, 37.117156 ], [ -6.477857, 37.117062 ], [ -6.478369, 37.11692 ], [ -6.478855, 37.116884 ], [ -6.479288, 37.116969 ], [ -6.479653, 37.117276 ], [ -6.479988, 37.117303 ], [ -6.480371, 37.117446 ], [ -6.480759, 37.117753 ], [ -6.480822, 37.117807 ], [ -6.480153, 37.118119 ], [ -6.480247, 37.118449 ], [ -6.480059, 37.118757 ], [ -6.480416, 37.119033 ], [ -6.480398, 37.119559 ], [ -6.481094, 37.119773 ], [ -6.481642, 37.11955 ], [ -6.481584, 37.11906 ], [ -6.481308, 37.118587 ], [ -6.481352, 37.118146 ], [ -6.481321, 37.118128 ], [ -6.481509, 37.118123 ], [ -6.48166, 37.11819 ], [ -6.481856, 37.118596 ], [ -6.482284, 37.118774 ], [ -6.48277, 37.118864 ], [ -6.483105, 37.118948 ], [ -6.483207, 37.118944 ], [ -6.483212, 37.11906 ], [ -6.483395, 37.119247 ], [ -6.483743, 37.11939 ], [ -6.483934, 37.119434 ], [ -6.484188, 37.120219 ], [ -6.484612, 37.120665 ], [ -6.485317, 37.120861 ], [ -6.486779, 37.12091 ], [ -6.48731, 37.121258 ], [ -6.48735, 37.121258 ], [ -6.487582, 37.121263 ], [ -6.487787, 37.121521 ], [ -6.48834, 37.121655 ], [ -6.488995, 37.121909 ], [ -6.48953, 37.122248 ], [ -6.48966, 37.122395 ], [ -6.48949, 37.122547 ], [ -6.489419, 37.12281 ], [ -6.489901, 37.122859 ], [ -6.490342, 37.122699 ], [ -6.490632, 37.122284 ], [ -6.490989, 37.122025 ], [ -6.491426, 37.122034 ], [ -6.491836, 37.121932 ], [ -6.49246, 37.122186 ], [ -6.493842, 37.122904 ], [ -6.494422, 37.123162 ], [ -6.494458, 37.123225 ], [ -6.494471, 37.12322 ], [ -6.494542, 37.123251 ] ] ] } },
{ "type": "Feature", "id": 5, "properties": { "recinto": "Marisma Oriental", "area_ha": 9580.8 }, "geometry": { "type": "Polygon", "coordinates": [ [ [ -6.37659, 37.069925 ], [ -6.371627, 37.070358 ], [ -6.370843, 37.072739 ], [ -6.370758, 37.072716 ], [ -6.368702, 37.072244 ], [ -6.367605, 37.07199 ], [ -6.366486, 37.071735 ], [ -6.365822, 37.071633 ], [ -6.365309, 37.071548 ], [ -6.365224, 37.071544 ], [ -6.36522, 37.071544 ], [ -6.363811, 37.071463 ], [ -6.36241, 37.071383 ], [ -6.360703, 37.071365 ], [ -6.35726, 37.071406 ], [ -6.354999, 37.071392 ], [ -6.353327, 37.071414 ], [ -6.350188, 37.071392 ], [ -6.334273, 37.071432 ], [ -6.341809, 37.035496 ], [ -6.328361, 37.027225 ], [ -6.286516, 37.021392 ], [ -6.286374, 37.021049 ], [ -6.288844, 37.013196 ], [ -6.297325, 36.985755 ], [ -6.29782, 36.982558 ], [ -6.297517, 36.978728 ], [ -6.29547, 36.971651 ], [ -6.292514, 36.962314 ], [ -6.290953, 36.958497 ], [ -6.287435, 36.955781 ], [ -6.283672, 36.95385 ], [ -6.277326, 36.950631 ], [ -6.272947, 36.947541 ], [ -6.270776, 36.943889 ], [ -6.270361, 36.940188 ], [ -6.270901, 36.937298 ], [ -6.273665, 36.927345 ], [ -6.27618, 36.92125 ], [ -6.279587, 36.916233 ], [ -6.281763, 36.915052 ], [ -6.290565, 36.913758 ], [ -6.301539, 36.912394 ], [ -6.30516, 36.912015 ], [ -6.305726, 36.911863 ], [ -6.307211, 36.911328 ], [ -6.309717, 36.910811 ], [ -6.329226, 36.906882 ], [ -6.333087, 36.905977 ], [ -6.334559, 36.905375 ], [ -6.336097, 36.90443 ], [ -6.337274, 36.904002 ], [ -6.339022, 36.904715 ], [ -6.342496, 36.905612 ], [ -6.347887, 36.90995 ], [ -6.353448, 36.913825 ], [ -6.357974, 36.91791 ], [ -6.362071, 36.921865 ], [ -6.367298, 36.922686 ], [ -6.373469, 36.925633 ], [ -6.375748, 36.930596 ], [ -6.369153, 36.936553 ], [ -6.364319, 36.941365 ], [ -6.36122, 36.946568 ], [ -6.357889, 36.954229 ], [ -6.356355, 36.960521 ], [ -6.357554, 36.96383 ], [ -6.358584, 36.967838 ], [ -6.357693, 36.972503 ], [ -6.356542, 36.976226 ], [ -6.354986, 36.979004 ], [ -6.351481, 36.983262 ], [ -6.350892, 36.987583 ], [ -6.350545, 36.993318 ], [ -6.355182, 37.002798 ], [ -6.355575, 37.004211 ], [ -6.356564, 37.007163 ], [ -6.355169, 37.00748 ], [ -6.354607, 37.006766 ], [ -6.352841, 37.005027 ], [ -6.351508, 37.005643 ], [ -6.35326, 37.013999 ], [ -6.353782, 37.015827 ], [ -6.353367, 37.017285 ], [ -6.355307, 37.020255 ], [ -6.355748, 37.022315 ], [ -6.356502, 37.025847 ], [ -6.357447, 37.028157 ], [ -6.358571, 37.02941 ], [ -6.360221, 37.032495 ], [ -6.362071, 37.038042 ], [ -6.364484, 37.040147 ], [ -6.364145, 37.041485 ], [ -6.365902, 37.043576 ], [ -6.368707, 37.049088 ], [ -6.370053, 37.052396 ], [ -6.371828, 37.056129 ], [ -6.372653, 37.057609 ], [ -6.372662, 37.059424 ], [ -6.372742, 37.061359 ], [ -6.374066, 37.063205 ], [ -6.373982, 37.065667 ], [ -6.375623, 37.066813 ], [ -6.37659, 37.069925 ] ] ] } },
{ "type": "Feature", "id": 6, "properties": { "recinto": "Entremuros", "area_ha": 2619.1 }, "geometry": { "type": "Polygon", "coordinates": [ [ [ -6.37062, 36.874541 ], [ -6.370539, 36.875241 ], [ -6.369808, 36.875838 ], [ -6.368225, 36.877385 ], [ -6.366736, 36.879419 ], [ -6.363748, 36.883111 ], [ -6.363128, 36.883624 ], [ -6.361122, 36.88473 ], [ -6.359762, 36.886964 ], [ -6.359182, 36.887873 ], [ -6.358076, 36.888573 ], [ -6.356725, 36.889358 ], [ -6.355873, 36.889768 ], [ -6.355013, 36.890121 ], [ -6.354241, 36.890379 ], [ -6.352649, 36.891289 ], [ -6.35157, 36.892408 ], [ -6.350794, 36.89351 ], [ -6.350349, 36.894598 ], [ -6.349969, 36.895271 ], [ -6.34749, 36.897723 ], [ -6.346077, 36.898985 ], [ -6.344413, 36.900399 ], [ -6.342955, 36.90142 ], [ -6.339691, 36.903262 ], [ -6.337662, 36.903864 ], [ -6.337274, 36.904002 ], [ -6.336097, 36.90443 ], [ -6.334559, 36.905375 ], [ -6.333087, 36.905977 ], [ -6.329226, 36.906882 ], [ -6.309717, 36.910811 ], [ -6.307211, 36.911328 ], [ -6.305726, 36.911863 ], [ -6.30516, 36.912015 ], [ -6.301539, 36.912394 ], [ -6.290565, 36.913758 ], [ -6.281763, 36.915052 ], [ -6.279587, 36.916233 ], [ -6.27618, 36.92125 ], [ -6.273665, 36.927345 ], [ -6.270901, 36.937298 ], [ -6.270361, 36.940188 ], [ -6.270776, 36.943889 ], [ -6.272947, 36.947541 ], [ -6.277326, 36.950631 ], [ -6.283672, 36.95385 ], [ -6.287435, 36.955781 ], [ -6.290953, 36.958497 ], [ -6.292514, 36.962314 ], [ -6.29547, 36.971651 ], [ -6.297517, 36.978728 ], [ -6.29782, 36.982558 ], [ -6.297325, 36.985755 ], [ -6.288844, 37.013196 ], [ -6.286374, 37.021049 ], [ -6.286516, 37.021392 ], [ -6.286191, 37.021348 ], [ -6.271587, 37.071258 ], [ -6.271471, 37.07133 ], [ -6.271467, 37.07133 ], [ -6.271315, 37.071428 ], [ -6.270571, 37.074273 ], [ -6.270517, 37.074496 ], [ -6.270468, 37.074656 ], [ -6.269951, 37.076413 ], [ -6.268983, 37.079534 ], [ -6.268671, 37.080551 ], [ -6.268132, 37.082005 ], [ -6.267802, 37.082741 ], [ -6.267592, 37.083209 ], [ -6.26654, 37.085264 ], [ -6.265831, 37.086357 ], [ -6.264769, 37.087793 ], [ -6.257639, 37.097745 ], [ -6.253537, 37.095511 ], [ -6.247321, 37.094446 ], [ -6.257804, 37.079954 ], [ -6.259182, 37.074357 ], [ -6.261621, 37.066505 ], [ -6.27544, 37.019403 ], [ -6.275516, 37.019412 ], [ -6.275565, 37.019252 ], [ -6.27738, 37.013491 ], [ -6.277545, 37.012978 ], [ -6.277545, 37.012964 ], [ -6.277068, 37.01296 ], [ -6.270134, 37.012915 ], [ -6.269813, 37.012915 ], [ -6.269781, 37.01296 ], [ -6.269657, 37.013152 ], [ -6.268707, 37.014552 ], [ -6.268537, 37.014797 ], [ -6.268515, 37.014833 ], [ -6.267806, 37.014913 ], [ -6.26617, 37.015034 ], [ -6.262085, 37.015323 ], [ -6.261077, 37.015444 ], [ -6.260828, 37.015453 ], [ -6.260337, 37.015377 ], [ -6.259914, 37.015083 ], [ -6.259369, 37.014704 ], [ -6.259811, 37.013593 ], [ -6.259887, 37.013308 ], [ -6.25998, 37.01308 ], [ -6.260315, 37.012082 ], [ -6.260466, 37.01131 ], [ -6.260511, 37.010432 ], [ -6.260391, 37.009535 ], [ -6.260114, 37.008974 ], [ -6.259642, 37.008162 ], [ -6.258848, 37.006913 ], [ -6.257951, 37.005656 ], [ -6.257372, 37.004898 ], [ -6.256101, 37.003502 ], [ -6.255249, 37.002593 ], [ -6.25475, 37.002026 ], [ -6.254219, 37.001478 ], [ -6.253644, 37.000862 ], [ -6.253336, 37.000528 ], [ -6.25306, 37.00018 ], [ -6.253055, 37.000162 ], [ -6.253033, 37.0001 ], [ -6.252997, 37.000038 ], [ -6.252948, 36.999984 ], [ -6.252895, 36.999939 ], [ -6.252846, 36.999908 ], [ -6.25269, 36.999663 ], [ -6.252681, 36.999596 ], [ -6.252663, 36.999534 ], [ -6.252632, 36.999471 ], [ -6.252592, 36.999413 ], [ -6.252543, 36.99936 ], [ -6.252485, 36.999315 ], [ -6.252467, 36.999297 ], [ -6.252382, 36.999106 ], [ -6.252378, 36.99907 ], [ -6.252351, 36.999008 ], [ -6.25232, 36.998945 ], [ -6.252288, 36.998905 ], [ -6.252253, 36.998829 ], [ -6.25199, 36.998254 ], [ -6.251829, 36.99763 ], [ -6.251727, 36.997081 ], [ -6.251727, 36.996502 ], [ -6.251767, 36.995904 ], [ -6.251914, 36.995253 ], [ -6.252177, 36.994606 ], [ -6.252471, 36.993888 ], [ -6.25298, 36.993269 ], [ -6.253082, 36.993166 ], [ -6.253559, 36.992693 ], [ -6.253577, 36.992676 ], [ -6.253639, 36.992631 ], [ -6.253698, 36.992586 ], [ -6.253755, 36.992537 ], [ -6.253818, 36.992497 ], [ -6.253876, 36.992448 ], [ -6.253934, 36.992404 ], [ -6.253996, 36.992359 ], [ -6.254054, 36.99231 ], [ -6.254112, 36.992265 ], [ -6.25417, 36.992216 ], [ -6.254228, 36.992172 ], [ -6.254286, 36.992123 ], [ -6.254344, 36.992078 ], [ -6.254402, 36.992029 ], [ -6.25446, 36.991984 ], [ -6.254518, 36.991935 ], [ -6.254576, 36.991891 ], [ -6.254634, 36.991842 ], [ -6.254692, 36.991793 ], [ -6.254745, 36.991748 ], [ -6.25475, 36.991744 ], [ -6.254839, 36.991681 ], [ -6.255245, 36.991418 ], [ -6.255249, 36.991418 ], [ -6.255321, 36.991382 ], [ -6.255387, 36.991342 ], [ -6.255445, 36.991293 ], [ -6.25545, 36.991289 ], [ -6.255637, 36.991168 ], [ -6.256533, 36.990785 ], [ -6.257385, 36.990531 ], [ -6.258451, 36.990277 ], [ -6.259387, 36.990179 ], [ -6.260186, 36.990134 ], [ -6.261149, 36.990196 ], [ -6.261871, 36.990272 ], [ -6.262794, 36.990419 ], [ -6.264136, 36.990709 ], [ -6.264957, 36.990954 ], [ -6.265938, 36.991204 ], [ -6.266781, 36.991418 ], [ -6.267485, 36.991677 ], [ -6.268203, 36.992025 ], [ -6.268734, 36.992332 ], [ -6.269349, 36.992742 ], [ -6.269888, 36.993215 ], [ -6.270383, 36.993652 ], [ -6.270566, 36.993768 ], [ -6.270865, 36.993996 ], [ -6.271177, 36.994218 ], [ -6.272319, 36.994754 ], [ -6.273576, 36.995106 ], [ -6.274722, 36.995244 ], [ -6.275819, 36.99524 ], [ -6.277148, 36.995177 ], [ -6.277447, 36.995124 ], [ -6.278338, 36.994954 ], [ -6.279074, 36.994771 ], [ -6.279725, 36.994544 ], [ -6.280706, 36.994156 ], [ -6.281705, 36.993657 ], [ -6.282824, 36.993019 ], [ -6.283792, 36.99243 ], [ -6.284684, 36.991833 ], [ -6.285312, 36.991249 ], [ -6.285692, 36.990901 ], [ -6.286548, 36.990156 ], [ -6.287047, 36.989666 ], [ -6.287118, 36.989594 ], [ -6.287734, 36.988988 ], [ -6.288354, 36.988199 ], [ -6.288737, 36.987565 ], [ -6.289098, 36.986848 ], [ -6.289477, 36.985884 ], [ -6.289767, 36.985086 ], [ -6.289945, 36.984377 ], [ -6.290008, 36.984065 ], [ -6.290102, 36.983624 ], [ -6.290128, 36.983347 ], [ -6.290173, 36.983106 ], [ -6.290191, 36.982594 ], [ -6.290195, 36.982585 ], [ -6.290195, 36.982571 ], [ -6.290195, 36.982562 ], [ -6.2902, 36.982553 ], [ -6.2902, 36.982544 ], [ -6.290204, 36.982536 ], [ -6.290204, 36.982527 ], [ -6.290209, 36.982518 ], [ -6.290209, 36.982509 ], [ -6.290209, 36.9825 ], [ -6.290213, 36.982491 ], [ -6.290213, 36.982482 ], [ -6.290213, 36.982473 ], [ -6.290218, 36.98246 ], [ -6.290218, 36.982451 ], [ -6.290218, 36.982442 ], [ -6.290222, 36.982433 ], [ -6.290222, 36.982424 ], [ -6.290222, 36.982415 ], [ -6.290226, 36.982406 ], [ -6.290226, 36.982397 ], [ -6.290226, 36.982388 ], [ -6.290226, 36.982375 ], [ -6.290231, 36.982366 ], [ -6.290231, 36.982357 ], [ -6.290231, 36.982348 ], [ -6.290231, 36.982339 ], [ -6.290235, 36.98233 ], [ -6.290235, 36.982322 ], [ -6.290235, 36.982313 ], [ -6.290235, 36.982304 ], [ -6.290235, 36.982295 ], [ -6.29024, 36.982286 ], [ -6.29024, 36.982277 ], [ -6.29024, 36.982268 ], [ -6.29024, 36.982255 ], [ -6.29024, 36.982246 ], [ -6.29024, 36.982237 ], [ -6.29024, 36.982228 ], [ -6.290244, 36.982219 ], [ -6.290244, 36.98221 ], [ -6.290244, 36.982201 ], [ -6.290244, 36.982192 ], [ -6.290244, 36.982179 ], [ -6.290244, 36.98217 ], [ -6.290244, 36.982161 ], [ -6.290244, 36.982152 ], [ -6.290244, 36.982143 ], [ -6.290244, 36.982134 ], [ -6.290244, 36.982125 ], [ -6.290244, 36.982116 ], [ -6.290244, 36.982108 ], [ -6.290244, 36.982099 ], [ -6.290244, 36.98209 ], [ -6.290244, 36.982081 ], [ -6.290244, 36.982072 ], [ -6.290244, 36.982058 ], [ -6.290244, 36.98205 ], [ -6.290244, 36.982041 ], [ -6.290244, 36.982032 ], [ -6.290244, 36.982023 ], [ -6.290244, 36.982014 ], [ -6.290244, 36.982001 ], [ -6.290244, 36.981992 ], [ -6.290244, 36.981983 ], [ -6.290244, 36.981974 ], [ -6.290244, 36.981965 ], [ -6.290244, 36.981956 ], [ -6.29024, 36.981947 ], [ -6.29024, 36.981938 ], [ -6.29024, 36.981929 ], [ -6.29024, 36.98192 ], [ -6.29024, 36.981911 ], [ -6.29024, 36.981902 ], [ -6.29024, 36.981893 ], [ -6.290235, 36.98188 ], [ -6.290235, 36.981871 ], [ -6.290235, 36.981862 ], [ -6.290235, 36.981853 ], [ -6.290235, 36.981844 ], [ -6.290231, 36.981835 ], [ -6.290231, 36.981827 ], [ -6.290231, 36.981818 ], [ -6.290231, 36.981809 ], [ -6.290231, 36.981795 ], [ -6.290231, 36.981786 ], [ -6.290231, 36.981778 ], [ -6.290231, 36.981769 ], [ -6.290231, 36.98176 ], [ -6.290231, 36.981751 ], [ -6.290231, 36.981742 ], [ -6.290231, 36.981733 ], [ -6.290231, 36.981724 ], [ -6.290231, 36.981715 ], [ -6.290231, 36.981702 ], [ -6.290231, 36.981693 ], [ -6.290235, 36.981684 ], [ -6.290235, 36.981675 ], [ -6.290235, 36.981666 ], [ -6.29024, 36.981657 ], [ -6.29024, 36.981648 ], [ -6.29024, 36.981639 ], [ -6.290244, 36.98163 ], [ -6.290244, 36.981621 ], [ -6.290249, 36.981608 ], [ -6.290249, 36.981599 ], [ -6.290253, 36.98159 ], [ -6.290258, 36.981572 ], [ -6.290258, 36.981564 ], [ -6.290258, 36.981555 ], [ -6.290258, 36.981546 ], [ -6.290253, 36.981537 ], [ -6.290253, 36.981528 ], [ -6.290253, 36.981519 ], [ -6.290253, 36.98151 ], [ -6.290253, 36.981501 ], [ -6.290253, 36.981492 ], [ -6.290253, 36.981483 ], [ -6.290253, 36.981474 ], [ -6.290253, 36.981461 ], [ -6.290253, 36.981452 ], [ -6.290253, 36.981443 ], [ -6.290253, 36.981434 ], [ -6.290253, 36.981425 ], [ -6.290253, 36.981416 ], [ -6.290253, 36.981403 ], [ -6.290253, 36.981394 ], [ -6.290249, 36.981385 ], [ -6.290249, 36.981376 ], [ -6.290249, 36.981367 ], [ -6.290249, 36.981358 ], [ -6.290249, 36.981349 ], [ -6.290249, 36.981341 ], [ -6.290249, 36.981332 ], [ -6.290249, 36.981323 ], [ -6.290249, 36.981314 ], [ -6.290249, 36.981305 ], [ -6.290249, 36.981296 ], [ -6.290249, 36.981283 ], [ -6.290249, 36.981274 ], [ -6.290249, 36.981265 ], [ -6.290249, 36.981256 ], [ -6.290249, 36.981247 ], [ -6.290249, 36.981238 ], [ -6.290249, 36.981229 ], [ -6.290249, 36.98122 ], [ -6.290249, 36.981211 ], [ -6.290249, 36.981202 ], [ -6.290249, 36.981193 ], [ -6.290244, 36.98118 ], [ -6.290244, 36.981171 ], [ -6.290244, 36.981162 ], [ -6.290244, 36.981153 ], [ -6.290244, 36.981144 ], [ -6.290244, 36.981135 ], [ -6.290244, 36.981127 ], [ -6.290244, 36.981118 ], [ -6.290244, 36.981104 ], [ -6.290244, 36.981095 ], [ -6.290244, 36.981086 ], [ -6.290244, 36.981077 ], [ -6.290244, 36.981069 ], [ -6.290244, 36.98106 ], [ -6.290244, 36.981051 ], [ -6.290244, 36.981042 ], [ -6.290244, 36.981033 ], [ -6.290244, 36.981024 ], [ -6.290244, 36.981015 ], [ -6.290244, 36.981006 ], [ -6.290244, 36.980993 ], [ -6.290244, 36.980984 ], [ -6.290244, 36.980975 ], [ -6.290244, 36.980966 ], [ -6.290244, 36.980957 ], [ -6.290244, 36.980948 ], [ -6.290244, 36.980939 ], [ -6.290244, 36.980926 ], [ -6.290244, 36.980917 ], [ -6.290244, 36.980908 ], [ -6.290244, 36.980899 ], [ -6.290244, 36.98089 ], [ -6.290244, 36.980881 ], [ -6.290244, 36.980872 ], [ -6.290244, 36.980863 ], [ -6.290244, 36.980855 ], [ -6.290244, 36.980846 ], [ -6.290244, 36.980837 ], [ -6.290244, 36.980828 ], [ -6.290244, 36.980814 ], [ -6.290244, 36.980805 ], [ -6.290244, 36.980797 ], [ -6.290244, 36.980788 ], [ -6.290244, 36.980779 ], [ -6.290244, 36.98077 ], [ -6.290244, 36.980761 ], [ -6.290244, 36.980752 ], [ -6.290244, 36.980739 ], [ -6.290244, 36.98073 ], [ -6.290244, 36.980721 ], [ -6.290244, 36.980712 ], [ -6.290244, 36.980703 ], [ -6.290244, 36.980694 ], [ -6.290244, 36.980685 ], [ -6.290244, 36.980676 ], [ -6.290244, 36.980667 ], [ -6.290244, 36.980658 ], [ -6.290244, 36.980649 ], [ -6.290244, 36.980636 ], [ -6.290244, 36.980627 ], [ -6.290244, 36.980618 ], [ -6.290244, 36.980609 ], [ -6.290244, 36.9806 ], [ -6.290244, 36.980591 ], [ -6.290244, 36.980582 ], [ -6.290244, 36.980574 ], [ -6.290244, 36.980565 ], [ -6.290244, 36.980556 ], [ -6.290244, 36.980547 ], [ -6.290244, 36.980538 ], [ -6.290244, 36.980525 ], [ -6.290244, 36.980516 ], [ -6.290244, 36.980507 ], [ -6.290244, 36.980498 ], [ -6.290244, 36.980489 ], [ -6.290244, 36.98048 ], [ -6.29024, 36.980471 ], [ -6.29024, 36.980458 ], [ -6.29024, 36.980449 ], [ -6.29024, 36.98044 ], [ -6.29024, 36.980431 ], [ -6.29024, 36.980422 ], [ -6.29024, 36.980413 ], [ -6.29024, 36.980404 ], [ -6.29024, 36.980395 ], [ -6.290235, 36.980386 ], [ -6.290235, 36.980377 ], [ -6.290235, 36.980368 ], [ -6.290235, 36.98036 ], [ -6.290235, 36.980351 ], [ -6.290235, 36.980337 ], [ -6.290231, 36.980328 ], [ -6.290231, 36.980319 ], [ -6.290231, 36.980311 ], [ -6.290231, 36.980302 ], [ -6.290231, 36.980293 ], [ -6.290231, 36.980284 ], [ -6.290226, 36.980275 ], [ -6.290226, 36.980261 ], [ -6.290226, 36.980253 ], [ -6.290226, 36.980244 ], [ -6.290226, 36.980235 ], [ -6.290222, 36.980226 ], [ -6.290222, 36.980217 ], [ -6.290222, 36.980208 ], [ -6.290222, 36.980199 ], [ -6.290218, 36.98019 ], [ -6.290218, 36.980181 ], [ -6.290218, 36.980172 ], [ -6.290218, 36.980159 ], [ -6.290213, 36.98015 ], [ -6.290213, 36.980141 ], [ -6.290213, 36.980132 ], [ -6.290213, 36.980123 ], [ -6.290209, 36.980114 ], [ -6.290209, 36.980105 ], [ -6.290209, 36.980096 ], [ -6.290204, 36.980088 ], [ -6.290204, 36.980079 ], [ -6.290204, 36.98007 ], [ -6.290204, 36.980061 ], [ -6.2902, 36.980052 ], [ -6.2902, 36.980038 ], [ -6.290195, 36.97994 ], [ -6.290124, 36.97916 ], [ -6.289963, 36.97801 ], [ -6.289794, 36.976913 ], [ -6.28966, 36.976039 ], [ -6.289598, 36.975414 ], [ -6.289571, 36.975138 ], [ -6.289526, 36.974331 ], [ -6.289509, 36.973595 ], [ -6.289598, 36.972801 ], [ -6.289691, 36.972168 ], [ -6.289696, 36.972146 ], [ -6.28987, 36.971276 ], [ -6.290204, 36.969528 ], [ -6.290481, 36.968097 ], [ -6.290485, 36.968079 ], [ -6.290485, 36.968075 ], [ -6.290489, 36.968066 ], [ -6.290489, 36.968057 ], [ -6.290494, 36.968048 ], [ -6.290498, 36.968039 ], [ -6.290498, 36.96803 ], [ -6.290503, 36.968021 ], [ -6.290507, 36.968012 ], [ -6.290507, 36.968003 ], [ -6.290512, 36.967994 ], [ -6.290516, 36.967986 ], [ -6.290516, 36.967977 ], [ -6.290521, 36.967968 ], [ -6.290525, 36.967954 ], [ -6.290525, 36.967945 ], [ -6.29053, 36.967936 ], [ -6.290534, 36.967928 ], [ -6.290534, 36.967919 ], [ -6.290539, 36.96791 ], [ -6.290543, 36.967901 ], [ -6.290543, 36.967892 ], [ -6.290547, 36.967883 ], [ -6.290552, 36.967874 ], [ -6.290552, 36.967865 ], [ -6.290556, 36.967856 ], [ -6.290561, 36.967847 ], [ -6.290561, 36.967838 ], [ -6.290565, 36.96783 ], [ -6.29057, 36.967821 ], [ -6.29057, 36.967812 ], [ -6.290574, 36.967803 ], [ -6.290579, 36.967794 ], [ -6.290579, 36.967785 ], [ -6.290583, 36.967771 ], [ -6.290588, 36.967763 ], [ -6.290588, 36.967754 ], [ -6.290588, 36.967745 ], [ -6.290592, 36.967736 ], [ -6.290592, 36.967727 ], [ -6.290592, 36.967718 ], [ -6.290597, 36.967705 ], [ -6.290597, 36.967696 ], [ -6.290597, 36.967687 ], [ -6.290601, 36.967678 ], [ -6.290601, 36.967669 ], [ -6.290605, 36.96766 ], [ -6.290605, 36.967651 ], [ -6.290605, 36.967642 ], [ -6.29061, 36.967633 ], [ -6.29061, 36.967624 ], [ -6.29061, 36.967615 ], [ -6.290614, 36.967607 ], [ -6.290614, 36.967593 ], [ -6.290614, 36.967584 ], [ -6.290619, 36.967575 ], [ -6.290619, 36.967566 ], [ -6.290623, 36.967557 ], [ -6.290623, 36.967549 ], [ -6.290623, 36.96754 ], [ -6.290628, 36.967531 ], [ -6.290628, 36.967522 ], [ -6.290628, 36.967513 ], [ -6.290632, 36.9675 ], [ -6.290632, 36.967491 ], [ -6.290637, 36.967482 ], [ -6.290637, 36.967473 ], [ -6.290637, 36.967464 ], [ -6.290641, 36.967455 ], [ -6.290641, 36.967446 ], [ -6.290641, 36.967437 ], [ -6.290646, 36.967428 ], [ -6.290646, 36.967419 ], [ -6.29065, 36.96741 ], [ -6.29065, 36.967397 ], [ -6.29065, 36.967388 ], [ -6.290655, 36.967379 ], [ -6.290655, 36.96737 ], [ -6.290655, 36.967361 ], [ -6.290659, 36.967352 ], [ -6.290659, 36.967343 ], [ -6.290663, 36.967335 ], [ -6.290663, 36.967326 ], [ -6.290663, 36.967317 ], [ -6.290668, 36.967308 ], [ -6.290668, 36.967299 ], [ -6.290668, 36.96729 ], [ -6.290672, 36.967281 ], [ -6.290672, 36.967268 ], [ -6.290677, 36.967259 ], [ -6.290677, 36.96725 ], [ -6.290677, 36.967241 ], [ -6.290681, 36.967232 ], [ -6.290681, 36.967223 ], [ -6.290681, 36.967214 ], [ -6.290686, 36.967205 ], [ -6.290686, 36.967196 ], [ -6.29069, 36.967187 ], [ -6.29069, 36.967178 ], [ -6.29069, 36.96717 ], [ -6.290695, 36.967161 ], [ -6.290695, 36.967152 ], [ -6.290695, 36.967143 ], [ -6.290699, 36.967134 ], [ -6.290699, 36.96712 ], [ -6.290704, 36.967112 ], [ -6.290704, 36.967103 ], [ -6.290704, 36.967094 ], [ -6.290708, 36.967085 ], [ -6.290708, 36.967076 ], [ -6.290712, 36.967067 ], [ -6.290712, 36.967058 ], [ -6.290712, 36.967049 ], [ -6.290717, 36.96704 ], [ -6.290717, 36.967031 ], [ -6.290721, 36.967022 ], [ -6.290721, 36.967013 ], [ -6.290721, 36.967 ], [ -6.290726, 36.966991 ], [ -6.290726, 36.966982 ], [ -6.29073, 36.966969 ], [ -6.29073, 36.96696 ], [ -6.29073, 36.966951 ], [ -6.290735, 36.966942 ], [ -6.290735, 36.966933 ], [ -6.290735, 36.966924 ], [ -6.290739, 36.966915 ], [ -6.290739, 36.966906 ], [ -6.290739, 36.966893 ], [ -6.290744, 36.966884 ], [ -6.290744, 36.966875 ], [ -6.290744, 36.966866 ], [ -6.290748, 36.966857 ], [ -6.290748, 36.966848 ], [ -6.290748, 36.96684 ], [ -6.290753, 36.966831 ], [ -6.290753, 36.966822 ], [ -6.290753, 36.966808 ], [ -6.290753, 36.966799 ], [ -6.290757, 36.96679 ], [ -6.290757, 36.966782 ], [ -6.290757, 36.966773 ], [ -6.290762, 36.966764 ], [ -6.290762, 36.966755 ], [ -6.290762, 36.966746 ], [ -6.290762, 36.966737 ], [ -6.290766, 36.966728 ], [ -6.290766, 36.966719 ], [ -6.290766, 36.96671 ], [ -6.290766, 36.966701 ], [ -6.29077, 36.966692 ], [ -6.29077, 36.966683 ], [ -6.29077, 36.966675 ], [ -6.29077, 36.966661 ], [ -6.290775, 36.966652 ], [ -6.290775, 36.966643 ], [ -6.290775, 36.966634 ], [ -6.290775, 36.966625 ], [ -6.290775, 36.966617 ], [ -6.290779, 36.966608 ], [ -6.290779, 36.966599 ], [ -6.290779, 36.966585 ], [ -6.290779, 36.966576 ], [ -6.290779, 36.966568 ], [ -6.290784, 36.966559 ], [ -6.290784, 36.96655 ], [ -6.290784, 36.966541 ], [ -6.290784, 36.966532 ], [ -6.290784, 36.966523 ], [ -6.290784, 36.966514 ], [ -6.290784, 36.966505 ], [ -6.290788, 36.966496 ], [ -6.290788, 36.966483 ], [ -6.290788, 36.966474 ], [ -6.290788, 36.966465 ], [ -6.290788, 36.966456 ], [ -6.290788, 36.966447 ], [ -6.290788, 36.966438 ], [ -6.290793, 36.966429 ], [ -6.290793, 36.96642 ], [ -6.290793, 36.966411 ], [ -6.290793, 36.966403 ], [ -6.290793, 36.966389 ], [ -6.290793, 36.96638 ], [ -6.290793, 36.966371 ], [ -6.290793, 36.966362 ], [ -6.290793, 36.966354 ], [ -6.290793, 36.966345 ], [ -6.290793, 36.966336 ], [ -6.290797, 36.966327 ], [ -6.290797, 36.966318 ], [ -6.290797, 36.966309 ], [ -6.290797, 36.9663 ], [ -6.290797, 36.966287 ], [ -6.290797, 36.966278 ], [ -6.290797, 36.966269 ], [ -6.290797, 36.96626 ], [ -6.290797, 36.966251 ], [ -6.290797, 36.966242 ], [ -6.290797, 36.966233 ], [ -6.290797, 36.966224 ], [ -6.290797, 36.966211 ], [ -6.290797, 36.966202 ], [ -6.290797, 36.966193 ], [ -6.290797, 36.966184 ], [ -6.290797, 36.966175 ], [ -6.290797, 36.966166 ], [ -6.290797, 36.966157 ], [ -6.290797, 36.966148 ], [ -6.290797, 36.966139 ], [ -6.290797, 36.966131 ], [ -6.290797, 36.966122 ], [ -6.290797, 36.966113 ], [ -6.290797, 36.966104 ], [ -6.290797, 36.96609 ], [ -6.290797, 36.966082 ], [ -6.290797, 36.966073 ], [ -6.290797, 36.966064 ], [ -6.290797, 36.966055 ], [ -6.290797, 36.966046 ], [ -6.290797, 36.966032 ], [ -6.290797, 36.966024 ], [ -6.290797, 36.966015 ], [ -6.290797, 36.966006 ], [ -6.290797, 36.965997 ], [ -6.290797, 36.965988 ], [ -6.290793, 36.965979 ], [ -6.290793, 36.96597 ], [ -6.290793, 36.965961 ], [ -6.290793, 36.965952 ], [ -6.290793, 36.965943 ], [ -6.290793, 36.965934 ], [ -6.290793, 36.965925 ], [ -6.290793, 36.965912 ], [ -6.290793, 36.965903 ], [ -6.290793, 36.965894 ], [ -6.290793, 36.965885 ], [ -6.290788, 36.965876 ], [ -6.290788, 36.965867 ], [ -6.290788, 36.965859 ], [ -6.290788, 36.96585 ], [ -6.290788, 36.965845 ], [ -6.290797, 36.965707 ], [ -6.290797, 36.965698 ], [ -6.290797, 36.965685 ], [ -6.290802, 36.965676 ], [ -6.290802, 36.965667 ], [ -6.290802, 36.965658 ], [ -6.290802, 36.965649 ], [ -6.290806, 36.96564 ], [ -6.290806, 36.965631 ], [ -6.290806, 36.965622 ], [ -6.290806, 36.965609 ], [ -6.290806, 36.9656 ], [ -6.290811, 36.965591 ], [ -6.290811, 36.965582 ], [ -6.290811, 36.965573 ], [ -6.290811, 36.965564 ], [ -6.290811, 36.965555 ], [ -6.290811, 36.965546 ], [ -6.290815, 36.965537 ], [ -6.290815, 36.965529 ], [ -6.290815, 36.96552 ], [ -6.290815, 36.965511 ], [ -6.290815, 36.965502 ], [ -6.29082, 36.965493 ], [ -6.29082, 36.965479 ], [ -6.29082, 36.965471 ], [ -6.29082, 36.965462 ], [ -6.29082, 36.965453 ], [ -6.29082, 36.965444 ], [ -6.29082, 36.965435 ], [ -6.290824, 36.965426 ], [ -6.290824, 36.965413 ], [ -6.290824, 36.965404 ], [ -6.290824, 36.965395 ], [ -6.290824, 36.965386 ], [ -6.290824, 36.965377 ], [ -6.290828, 36.965368 ], [ -6.290828, 36.965359 ], [ -6.290828, 36.96535 ], [ -6.290828, 36.965341 ], [ -6.290828, 36.965332 ], [ -6.290828, 36.965323 ], [ -6.290828, 36.965315 ], [ -6.290828, 36.965306 ], [ -6.290833, 36.965292 ], [ -6.290833, 36.965283 ], [ -6.290833, 36.965274 ], [ -6.290833, 36.965265 ], [ -6.290833, 36.965257 ], [ -6.290833, 36.965248 ], [ -6.290833, 36.965239 ], [ -6.290833, 36.96523 ], [ -6.290837, 36.965216 ], [ -6.290837, 36.965208 ], [ -6.290837, 36.965199 ], [ -6.290837, 36.96519 ], [ -6.290837, 36.965181 ], [ -6.290837, 36.965172 ], [ -6.290837, 36.965163 ], [ -6.290837, 36.965154 ], [ -6.290837, 36.965145 ], [ -6.290837, 36.965136 ], [ -6.290842, 36.965127 ], [ -6.290842, 36.965118 ], [ -6.290842, 36.965109 ], [ -6.290842, 36.965096 ], [ -6.290842, 36.965087 ], [ -6.290842, 36.965078 ], [ -6.290842, 36.965069 ], [ -6.290842, 36.96506 ], [ -6.290842, 36.965051 ], [ -6.290842, 36.965042 ], [ -6.290842, 36.965029 ], [ -6.290842, 36.96502 ], [ -6.290842, 36.965011 ], [ -6.290846, 36.965002 ], [ -6.290846, 36.964994 ], [ -6.290846, 36.964985 ], [ -6.290846, 36.964976 ], [ -6.290846, 36.964967 ], [ -6.290846, 36.964958 ], [ -6.290846, 36.964949 ], [ -6.290846, 36.96494 ], [ -6.290846, 36.964931 ], [ -6.290846, 36.964922 ], [ -6.290846, 36.964909 ], [ -6.290846, 36.9649 ], [ -6.290846, 36.964891 ], [ -6.290846, 36.964882 ], [ -6.290846, 36.964873 ], [ -6.290846, 36.964864 ], [ -6.290846, 36.964851 ], [ -6.290846, 36.964842 ], [ -6.290846, 36.964833 ], [ -6.290846, 36.964824 ], [ -6.290846, 36.964815 ], [ -6.290846, 36.964806 ], [ -6.290846, 36.964797 ], [ -6.290846, 36.964788 ], [ -6.290846, 36.964779 ], [ -6.290846, 36.96477 ], [ -6.290846, 36.964762 ], [ -6.290846, 36.964753 ], [ -6.290846, 36.964744 ], [ -6.290846, 36.96473 ], [ -6.290846, 36.964721 ], [ -6.290846, 36.964713 ], [ -6.290846, 36.964704 ], [ -6.290846, 36.964695 ], [ -6.290846, 36.964686 ], [ -6.290846, 36.964672 ], [ -6.290846, 36.964664 ], [ -6.290846, 36.964655 ], [ -6.290846, 36.964646 ], [ -6.290846, 36.964637 ], [ -6.290846, 36.964628 ], [ -6.290846, 36.964619 ], [ -6.290846, 36.96461 ], [ -6.290846, 36.964601 ], [ -6.290846, 36.964597 ], [ -6.290846, 36.964561 ], [ -6.29082, 36.963691 ], [ -6.290704, 36.962759 ], [ -6.290507, 36.961903 ], [ -6.290231, 36.961123 ], [ -6.289923, 36.960485 ], [ -6.289522, 36.959825 ], [ -6.289031, 36.959125 ], [ -6.288532, 36.958523 ], [ -6.288443, 36.95843 ], [ -6.288037, 36.958002 ], [ -6.287596, 36.957636 ], [ -6.28723, 36.957373 ], [ -6.286588, 36.956972 ], [ -6.285732, 36.956535 ], [ -6.285121, 36.956294 ], [ -6.282552, 36.955357 ], [ -6.281531, 36.955063 ], [ -6.280644, 36.954836 ], [ -6.280372, 36.954787 ], [ -6.279221, 36.95451 ], [ -6.278013, 36.954185 ], [ -6.277157, 36.953966 ], [ -6.276292, 36.953716 ], [ -6.275516, 36.953502 ], [ -6.274851, 36.953275 ], [ -6.274236, 36.953043 ], [ -6.273683, 36.952816 ], [ -6.273126, 36.952526 ], [ -6.272457, 36.952174 ], [ -6.27161, 36.95167 ], [ -6.271039, 36.951277 ], [ -6.270865, 36.951157 ], [ -6.270544, 36.950929 ], [ -6.270058, 36.950492 ], [ -6.269313, 36.94973 ], [ -6.268613, 36.948749 ], [ -6.26794, 36.947759 ], [ -6.267583, 36.947032 ], [ -6.267182, 36.946033 ], [ -6.266954, 36.94515 ], [ -6.266709, 36.943733 ], [ -6.266629, 36.942863 ], [ -6.266593, 36.942034 ], [ -6.266593, 36.941338 ], [ -6.266687, 36.940312 ], [ -6.266718, 36.939635 ], [ -6.266861, 36.938765 ], [ -6.267044, 36.937958 ], [ -6.267338, 36.936816 ], [ -6.267944, 36.935193 ], [ -6.268903, 36.932991 ], [ -6.269768, 36.930926 ], [ -6.270664, 36.928688 ], [ -6.270865, 36.928041 ], [ -6.271124, 36.927216 ], [ -6.271445, 36.92607 ], [ -6.271717, 36.924835 ], [ -6.271949, 36.923519 ], [ -6.272149, 36.922405 ], [ -6.272336, 36.921027 ], [ -6.272528, 36.919734 ], [ -6.272733, 36.91853 ], [ -6.272885, 36.917526 ], [ -6.273046, 36.916759 ], [ -6.273059, 36.916684 ], [ -6.273219, 36.915908 ], [ -6.273496, 36.914882 ], [ -6.27392, 36.913709 ], [ -6.274236, 36.912902 ], [ -6.274834, 36.912822 ], [ -6.274892, 36.912813 ], [ -6.276573, 36.912586 ], [ -6.278049, 36.912661 ], [ -6.278802, 36.912617 ], [ -6.279605, 36.912621 ], [ -6.281384, 36.912559 ], [ -6.28249, 36.912443 ], [ -6.283498, 36.912367 ], [ -6.285112, 36.912229 ], [ -6.285687, 36.912175 ], [ -6.286071, 36.912117 ], [ -6.287016, 36.911997 ], [ -6.289344, 36.91156 ], [ -6.290503, 36.911315 ], [ -6.293504, 36.910708 ], [ -6.294284, 36.910566 ], [ -6.29539, 36.91032 ], [ -6.296759, 36.910057 ], [ -6.297687, 36.909888 ], [ -6.298346, 36.909763 ], [ -6.298614, 36.909754 ], [ -6.298734, 36.90975 ], [ -6.299096, 36.909562 ], [ -6.299849, 36.909402 ], [ -6.300317, 36.909304 ], [ -6.300558, 36.909393 ], [ -6.300612, 36.909273 ], [ -6.300741, 36.909174 ], [ -6.301713, 36.908956 ], [ -6.302248, 36.908853 ], [ -6.303091, 36.908755 ], [ -6.303965, 36.908733 ], [ -6.304299, 36.908751 ], [ -6.304384, 36.908755 ], [ -6.304678, 36.908684 ], [ -6.305098, 36.908586 ], [ -6.305218, 36.908555 ], [ -6.305704, 36.908434 ], [ -6.305811, 36.908408 ], [ -6.306012, 36.908358 ], [ -6.306293, 36.908287 ], [ -6.307746, 36.907899 ], [ -6.309851, 36.907569 ], [ -6.310694, 36.907493 ], [ -6.3111, 36.9076 ], [ -6.311193, 36.907721 ], [ -6.311296, 36.907632 ], [ -6.311554, 36.907422 ], [ -6.311965, 36.90727 ], [ -6.312803, 36.907101 ], [ -6.314337, 36.906905 ], [ -6.314988, 36.906829 ], [ -6.315487, 36.906789 ], [ -6.315804, 36.906878 ], [ -6.316094, 36.9067 ], [ -6.316754, 36.906539 ], [ -6.317744, 36.906405 ], [ -6.318604, 36.906383 ], [ -6.31889, 36.906459 ], [ -6.319362, 36.906477 ], [ -6.319616, 36.906486 ], [ -6.319848, 36.906298 ], [ -6.320339, 36.906049 ], [ -6.320807, 36.905866 ], [ -6.321989, 36.905679 ], [ -6.323821, 36.905545 ], [ -6.324401, 36.905527 ], [ -6.325003, 36.905429 ], [ -6.326015, 36.905264 ], [ -6.326064, 36.905255 ], [ -6.326158, 36.905157 ], [ -6.32622, 36.905094 ], [ -6.326497, 36.904978 ], [ -6.327148, 36.904854 ], [ -6.327469, 36.904809 ], [ -6.327732, 36.904867 ], [ -6.327897, 36.904724 ], [ -6.328847, 36.904412 ], [ -6.331344, 36.903734 ], [ -6.331973, 36.903601 ], [ -6.332311, 36.903529 ], [ -6.332744, 36.903543 ], [ -6.333114, 36.903485 ], [ -6.333475, 36.90332 ], [ -6.33405, 36.903128 ], [ -6.334149, 36.903097 ], [ -6.33426, 36.902958 ], [ -6.334372, 36.902825 ], [ -6.334545, 36.90262 ], [ -6.335321, 36.902107 ], [ -6.335785, 36.901844 ], [ -6.336414, 36.901639 ], [ -6.337493, 36.901188 ], [ -6.337582, 36.901166 ], [ -6.338077, 36.900898 ], [ -6.33871, 36.900609 ], [ -6.338848, 36.900546 ], [ -6.339986, 36.899882 ], [ -6.340208, 36.899752 ], [ -6.340561, 36.899552 ], [ -6.340815, 36.899405 ], [ -6.340958, 36.89928 ], [ -6.341172, 36.89907 ], [ -6.341649, 36.898749 ], [ -6.342233, 36.898245 ], [ -6.342389, 36.898058 ], [ -6.342527, 36.897853 ], [ -6.342616, 36.897813 ], [ -6.34279, 36.897728 ], [ -6.342991, 36.897541 ], [ -6.343214, 36.897331 ], [ -6.343276, 36.897273 ], [ -6.343473, 36.897086 ], [ -6.343704, 36.896961 ], [ -6.344587, 36.896091 ], [ -6.344842, 36.895775 ], [ -6.345011, 36.89553 ], [ -6.345122, 36.895374 ], [ -6.345336, 36.895177 ], [ -6.345443, 36.894981 ], [ -6.345644, 36.894749 ], [ -6.346108, 36.894201 ], [ -6.346255, 36.894103 ], [ -6.346491, 36.893581 ], [ -6.346563, 36.893425 ], [ -6.34687, 36.892997 ], [ -6.347031, 36.892863 ], [ -6.347107, 36.892854 ], [ -6.347178, 36.89285 ], [ -6.347147, 36.892756 ], [ -6.347111, 36.892658 ], [ -6.3472, 36.892359 ], [ -6.347455, 36.891717 ], [ -6.347472, 36.891672 ], [ -6.347593, 36.891383 ], [ -6.347664, 36.891191 ], [ -6.347695, 36.891115 ], [ -6.347749, 36.890995 ], [ -6.347816, 36.890834 ], [ -6.348181, 36.889996 ], [ -6.348645, 36.889042 ], [ -6.349069, 36.888217 ], [ -6.349189, 36.887918 ], [ -6.349314, 36.887731 ], [ -6.349323, 36.887579 ], [ -6.349666, 36.886687 ], [ -6.35005, 36.885876 ], [ -6.350514, 36.884984 ], [ -6.350732, 36.884533 ], [ -6.350852, 36.884221 ], [ -6.350884, 36.883967 ], [ -6.350968, 36.88386 ], [ -6.351008, 36.883405 ], [ -6.351709, 36.88184 ], [ -6.351766, 36.881715 ], [ -6.351802, 36.88159 ], [ -6.352261, 36.87999 ], [ -6.352462, 36.87929 ], [ -6.352645, 36.878732 ], [ -6.352756, 36.878598 ], [ -6.352904, 36.878572 ], [ -6.352752, 36.878447 ], [ -6.352739, 36.878175 ], [ -6.352872, 36.877849 ], [ -6.353019, 36.877796 ], [ -6.352877, 36.877631 ], [ -6.353091, 36.877078 ], [ -6.353202, 36.876601 ], [ -6.353367, 36.87632 ], [ -6.353555, 36.875825 ], [ -6.353813, 36.875629 ], [ -6.353934, 36.875602 ], [ -6.353648, 36.875205 ], [ -6.35363, 36.874835 ], [ -6.353818, 36.873983 ], [ -6.354081, 36.872904 ], [ -6.354339, 36.872021 ], [ -6.354464, 36.871473 ], [ -6.354611, 36.871147 ], [ -6.354701, 36.870773 ], [ -6.354906, 36.870412 ], [ -6.35495, 36.870349 ], [ -6.355075, 36.870193 ], [ -6.355066, 36.870037 ], [ -6.354937, 36.869769 ], [ -6.354959, 36.869288 ], [ -6.354968, 36.869132 ], [ -6.355048, 36.868891 ], [ -6.355146, 36.868771 ], [ -6.355218, 36.868744 ], [ -6.355097, 36.868655 ], [ -6.355071, 36.868441 ], [ -6.355285, 36.86754 ], [ -6.355481, 36.866639 ], [ -6.355592, 36.866113 ], [ -6.355744, 36.865823 ], [ -6.355829, 36.865738 ], [ -6.355945, 36.865627 ], [ -6.356123, 36.86531 ], [ -6.356159, 36.865096 ], [ -6.356061, 36.864931 ], [ -6.355971, 36.864797 ], [ -6.355913, 36.864592 ], [ -6.355989, 36.863656 ], [ -6.356145, 36.863174 ], [ -6.356185, 36.862746 ], [ -6.356386, 36.861868 ], [ -6.356515, 36.861819 ], [ -6.356596, 36.861614 ], [ -6.356698, 36.86156 ], [ -6.35668, 36.86152 ], [ -6.356511, 36.861342 ], [ -6.356551, 36.860865 ], [ -6.356725, 36.860419 ], [ -6.356796, 36.860343 ], [ -6.356921, 36.860209 ], [ -6.357019, 36.859794 ], [ -6.357033, 36.859732 ], [ -6.357059, 36.859612 ], [ -6.357202, 36.858782 ], [ -6.357287, 36.858653 ], [ -6.357367, 36.858528 ], [ -6.357407, 36.858265 ], [ -6.357412, 36.85822 ], [ -6.357318, 36.8581 ], [ -6.357412, 36.857168 ], [ -6.357568, 36.856651 ], [ -6.357644, 36.856397 ], [ -6.357715, 36.855946 ], [ -6.357965, 36.854938 ], [ -6.358147, 36.854359 ], [ -6.358246, 36.854189 ], [ -6.358535, 36.854038 ], [ -6.358678, 36.853886 ], [ -6.358687, 36.853757 ], [ -6.358558, 36.853525 ], [ -6.358375, 36.853373 ], [ -6.358335, 36.853137 ], [ -6.358379, 36.852807 ], [ -6.358469, 36.852147 ], [ -6.358642, 36.851344 ], [ -6.358803, 36.850631 ], [ -6.358914, 36.850132 ], [ -6.359133, 36.849307 ], [ -6.359218, 36.84899 ], [ -6.359387, 36.848103 ], [ -6.359378, 36.847875 ], [ -6.359369, 36.847697 ], [ -6.359311, 36.847046 ], [ -6.359347, 36.846506 ], [ -6.359441, 36.845944 ], [ -6.359512, 36.845793 ], [ -6.359672, 36.845458 ], [ -6.359637, 36.845342 ], [ -6.359561, 36.845289 ], [ -6.359454, 36.845218 ], [ -6.359329, 36.845062 ], [ -6.359418, 36.844727 ], [ -6.359503, 36.844593 ], [ -6.359423, 36.844491 ], [ -6.359302, 36.84441 ], [ -6.359227, 36.843768 ], [ -6.35924, 36.843006 ], [ -6.359392, 36.842761 ], [ -6.359436, 36.84244 ], [ -6.359436, 36.842395 ], [ -6.360145, 36.842698 ], [ -6.36072, 36.842992 ], [ -6.360912, 36.843327 ], [ -6.361412, 36.844031 ], [ -6.361568, 36.844388 ], [ -6.361911, 36.844669 ], [ -6.36192, 36.845137 ], [ -6.361938, 36.845365 ], [ -6.362214, 36.845481 ], [ -6.362821, 36.845418 ], [ -6.363035, 36.845548 ], [ -6.362647, 36.84615 ], [ -6.362228, 36.846818 ], [ -6.362268, 36.847019 ], [ -6.362121, 36.847197 ], [ -6.362299, 36.847394 ], [ -6.362682, 36.847492 ], [ -6.362727, 36.847536 ], [ -6.36085, 36.856499 ], [ -6.360341, 36.858983 ], [ -6.359677, 36.860396 ], [ -6.35912, 36.86111 ], [ -6.35862, 36.862153 ], [ -6.358834, 36.865364 ], [ -6.358353, 36.868231 ], [ -6.358241, 36.870666 ], [ -6.358477, 36.871013 ], [ -6.359253, 36.871459 ], [ -6.359583, 36.871816 ], [ -6.361117, 36.872918 ], [ -6.361969, 36.873297 ], [ -6.363409, 36.873551 ], [ -6.364297, 36.873546 ], [ -6.365072, 36.8736 ], [ -6.366147, 36.873774 ], [ -6.36769, 36.874059 ], [ -6.369081, 36.87438 ], [ -6.370102, 36.874456 ], [ -6.37062, 36.874541 ] ] ] } }
]
}
